Frequency(Hz)	Amplitude(dBV)
0.000000e+00	2.878000e+04
3.814697e-01	2.878900e+04
7.629395e-01	-2.448700e+04
1.144409e+00	2.055700e+04
1.525879e+00	2.878000e+04
1.907349e+00	-2.040000e+04
2.288818e+00	-2.038800e+04
2.670288e+00	8.299000e+03
3.051758e+00	-4.009000e+03
3.433228e+00	2.467800e+04
3.814697e+00	2.057800e+04
4.196167e+00	-2.447200e+04
4.577637e+00	1.239100e+04
4.959106e+00	-1.630200e+04
5.340576e+00	-3.989000e+03
5.722046e+00	8.291000e+03
6.103516e+00	2.875800e+04
6.484985e+00	1.649100e+04
6.866455e+00	-2.449100e+04
7.247925e+00	2.467400e+04
7.629395e+00	8.297000e+03
8.010864e+00	-2.449000e+04
8.392334e+00	-3.266200e+04
8.773804e+00	8.296000e+03
9.155273e+00	2.876800e+04
9.536743e+00	8.298000e+03
9.918213e+00	-2.448500e+04
1.029968e+01	2.877600e+04
1.068115e+01	-3.995000e+03
1.106262e+01	2.055800e+04
1.144409e+01	-8.085000e+03
1.182556e+01	-4.002000e+03
1.220703e+01	9.600000e+01
1.258850e+01	-2.856700e+04
1.296997e+01	-2.042100e+04
1.335144e+01	4.199000e+03
1.373291e+01	-2.038000e+04
1.411438e+01	8.288000e+03
1.449585e+01	1.070000e+02
1.487732e+01	1.238300e+04
1.525879e+01	2.467700e+04
1.564026e+01	-2.037700e+04
1.602173e+01	2.872900e+04
1.640320e+01	1.239500e+04
1.678467e+01	2.467300e+04
1.716614e+01	-4.003000e+03
1.754761e+01	-3.266100e+04
1.792908e+01	-2.449600e+04
1.831055e+01	-1.218700e+04
1.869202e+01	-1.628200e+04
1.907349e+01	-3.268000e+04
1.945496e+01	2.468200e+04
1.983643e+01	2.467400e+04
2.021790e+01	-2.857500e+04
2.059937e+01	-1.628200e+04
2.098083e+01	-2.859800e+04
2.136230e+01	-3.991000e+03
2.174377e+01	-2.857300e+04
2.212524e+01	-2.038900e+04
2.250671e+01	2.877900e+04
2.288818e+01	2.875900e+04
2.326965e+01	1.010000e+02
2.365112e+01	2.468000e+04
2.403259e+01	-2.449900e+04
2.441406e+01	1.239300e+04
2.479553e+01	1.648000e+04
2.517700e+01	-3.267000e+04
2.555847e+01	2.058500e+04
2.593994e+01	1.236500e+04
2.632141e+01	2.058500e+04
2.670288e+01	-2.037900e+04
2.708435e+01	-1.629800e+04
2.746582e+01	1.239500e+04
2.784729e+01	8.282000e+03
2.822876e+01	2.467800e+04
2.861023e+01	8.300000e+03
2.899170e+01	-8.128000e+03
2.937317e+01	-1.628000e+04
2.975464e+01	-8.091000e+03
3.013611e+01	2.466800e+04
3.051758e+01	-3.266300e+04
3.089905e+01	8.600000e+01
3.128052e+01	2.877500e+04
3.166199e+01	2.877500e+04
3.204346e+01	7.500000e+01
3.242493e+01	-2.037400e+04
3.280640e+01	2.467100e+04
3.318787e+01	9.700000e+01
3.356934e+01	1.649000e+04
3.395081e+01	-2.861000e+04
3.433228e+01	2.468100e+04
3.471375e+01	4.200000e+03
3.509521e+01	-3.268100e+04
3.547668e+01	-1.218300e+04
3.585815e+01	8.284000e+03
3.623962e+01	8.294000e+03
3.662109e+01	2.877700e+04
3.700256e+01	-2.453000e+04
3.738403e+01	-3.992000e+03
3.776550e+01	-8.096000e+03
3.814697e+01	9.600000e+01
3.852844e+01	-2.856500e+04
3.890991e+01	-1.220400e+04
3.929138e+01	-8.091000e+03
3.967285e+01	-1.218600e+04
4.005432e+01	-8.106000e+03
4.043579e+01	-8.086000e+03
4.081726e+01	4.193000e+03
4.119873e+01	-3.266900e+04
4.158020e+01	4.201000e+03
4.196167e+01	-3.270900e+04
4.234314e+01	-1.627800e+04
4.272461e+01	1.648600e+04
4.310608e+01	4.186000e+03
4.348755e+01	2.058700e+04
4.386902e+01	-8.103000e+03
4.425049e+01	-3.996000e+03
4.463196e+01	4.200000e+03
4.501343e+01	8.300000e+01
4.539490e+01	-2.856500e+04
4.577637e+01	4.196000e+03
4.615784e+01	-2.038200e+04
4.653931e+01	-2.856500e+04
4.692078e+01	8.270000e+03
4.730225e+01	1.239700e+04
4.768372e+01	4.206000e+03
4.806519e+01	7.300000e+01
4.844666e+01	-1.628000e+04
4.882813e+01	-2.038400e+04
4.920959e+01	-3.267300e+04
4.959106e+01	4.201000e+03
4.997253e+01	-2.041400e+04
5.035400e+01	8.296000e+03
5.073547e+01	-2.857100e+04
5.111694e+01	-2.039000e+04
5.149841e+01	1.060000e+02
5.187988e+01	-8.102000e+03
5.226135e+01	-2.447600e+04
5.264282e+01	-2.447400e+04
5.302429e+01	2.874900e+04
5.340576e+01	1.070000e+02
5.378723e+01	8.290000e+03
5.416870e+01	2.057500e+04
5.455017e+01	2.058600e+04
5.493164e+01	-2.449800e+04
5.531311e+01	8.296000e+03
5.569458e+01	-3.994000e+03
5.607605e+01	-8.104000e+03
5.645752e+01	-1.627800e+04
5.683899e+01	2.876500e+04
5.722046e+01	4.198000e+03
5.760193e+01	2.058600e+04
5.798340e+01	4.167000e+03
5.836487e+01	1.060000e+02
5.874634e+01	-2.038000e+04
5.912781e+01	8.284000e+03
5.950928e+01	4.203000e+03
5.989075e+01	1.646900e+04
6.027222e+01	1.239100e+04
6.065369e+01	1.648900e+04
6.103516e+01	-8.113000e+03
6.141663e+01	-1.627700e+04
6.179810e+01	-2.038000e+04
6.217957e+01	1.238400e+04
6.256104e+01	2.058600e+04
6.294250e+01	-2.449400e+04
6.332397e+01	1.040000e+02
6.370544e+01	-1.628300e+04
6.408691e+01	-3.268000e+04
6.446838e+01	2.468300e+04
6.484985e+01	2.466900e+04
6.523132e+01	2.877200e+04
6.561279e+01	-3.266200e+04
6.599426e+01	-1.222900e+04
6.637573e+01	2.877600e+04
6.675720e+01	2.058000e+04
6.713867e+01	9.200000e+01
6.752014e+01	-2.856800e+04
6.790161e+01	4.173000e+03
6.828308e+01	1.050000e+02
6.866455e+01	1.239200e+04
6.904602e+01	2.875100e+04
6.942749e+01	1.070000e+02
6.980896e+01	1.238300e+04
7.019043e+01	2.467500e+04
7.057190e+01	1.070000e+02
7.095337e+01	-4.030000e+03
7.133484e+01	2.058500e+04
7.171631e+01	4.199000e+03
7.209778e+01	9.100000e+01
7.247925e+01	2.877900e+04
7.286072e+01	9.300000e+01
7.324219e+01	-2.037800e+04
7.362366e+01	-2.447000e+04
7.400513e+01	-2.861600e+04
7.438660e+01	1.060000e+02
7.476807e+01	-3.266800e+04
7.514954e+01	2.466800e+04
7.553101e+01	1.060000e+02
7.591248e+01	-1.630400e+04
7.629395e+01	1.239100e+04
7.667542e+01	-2.856900e+04
7.705688e+01	-8.108000e+03
7.743835e+01	-3.266200e+04
7.781982e+01	-1.628900e+04
7.820129e+01	-1.218900e+04
7.858276e+01	1.239400e+04
7.896423e+01	-2.040500e+04
7.934570e+01	1.648800e+04
7.972717e+01	-1.218900e+04
8.010864e+01	-3.267600e+04
8.049011e+01	-2.037400e+04
8.087158e+01	-4.013000e+03
8.125305e+01	2.468000e+04
8.163452e+01	8.299000e+03
8.201599e+01	-2.859200e+04
8.239746e+01	-2.447000e+04
8.277893e+01	-8.093000e+03
8.316040e+01	2.057600e+04
8.354187e+01	-3.266200e+04
8.392334e+01	1.646500e+04
8.430481e+01	-2.037600e+04
8.468628e+01	-2.447300e+04
8.506775e+01	-8.109000e+03
8.544922e+01	1.070000e+02
8.583069e+01	-4.002000e+03
8.621216e+01	-8.094000e+03
8.659363e+01	-3.266300e+04
8.697510e+01	6.600000e+01
8.735657e+01	2.877700e+04
8.773804e+01	2.058100e+04
8.811951e+01	9.200000e+01
8.850098e+01	-1.627900e+04
8.888245e+01	8.500000e+01
8.926392e+01	-3.994000e+03
8.964539e+01	-8.090000e+03
9.002686e+01	-2.039800e+04
9.040833e+01	1.649100e+04
9.078980e+01	-2.857700e+04
9.117126e+01	-2.447700e+04
9.155273e+01	4.203000e+03
9.193420e+01	1.644300e+04
9.231567e+01	-1.218200e+04
9.269714e+01	-3.992000e+03
9.307861e+01	-4.010000e+03
9.346008e+01	-3.990000e+03
9.384155e+01	-2.038800e+04
9.422302e+01	-2.447400e+04
9.460449e+01	2.468200e+04
9.498596e+01	8.271000e+03
9.536743e+01	-2.037300e+04
9.574890e+01	1.239000e+04
9.613037e+01	2.057300e+04
9.651184e+01	-3.990000e+03
9.689331e+01	-2.449400e+04
9.727478e+01	2.468000e+04
9.765625e+01	8.297000e+03
9.803772e+01	-2.859100e+04
9.841919e+01	-2.856500e+04
9.880066e+01	-8.095000e+03
9.918213e+01	2.057900e+04
9.956360e+01	4.203000e+03
9.994507e+01	-2.860000e+04
1.003265e+02	-1.627900e+04
1.007080e+02	-2.037800e+04
1.010895e+02	1.237800e+04
1.014709e+02	-3.266100e+04
1.018524e+02	-8.103000e+03
1.022339e+02	8.295000e+03
1.026154e+02	-1.218200e+04
1.029968e+02	-8.124000e+03
1.033783e+02	2.058700e+04
1.037598e+02	4.197000e+03
1.041412e+02	-4.001000e+03
1.045227e+02	-3.266100e+04
1.049042e+02	-8.109000e+03
1.052856e+02	2.877700e+04
1.056671e+02	-3.266300e+04
1.060486e+02	2.875200e+04
1.064301e+02	1.080000e+02
1.068115e+02	-1.628700e+04
1.071930e+02	-1.628600e+04
1.075745e+02	-8.086000e+03
1.079559e+02	-2.041400e+04
1.083374e+02	1.239300e+04
1.087189e+02	-3.995000e+03
1.091003e+02	-2.038800e+04
1.094818e+02	-3.266100e+04
1.098633e+02	1.237800e+04
1.102448e+02	-1.628100e+04
1.106262e+02	-2.447000e+04
1.110077e+02	-3.272300e+04
1.113892e+02	-8.087000e+03
1.117706e+02	2.467300e+04
1.121521e+02	-1.219100e+04
1.125336e+02	2.468300e+04
1.129150e+02	-2.040400e+04
1.132965e+02	-3.991000e+03
1.136780e+02	1.648900e+04
1.140594e+02	-2.449100e+04
1.144409e+02	2.468300e+04
1.148224e+02	1.647900e+04
1.152039e+02	2.058100e+04
1.155853e+02	2.058600e+04
1.159668e+02	-2.863500e+04
1.163483e+02	-1.627700e+04
1.167297e+02	4.199000e+03
1.171112e+02	-1.219700e+04
1.174927e+02	-3.266100e+04
1.178741e+02	-1.629800e+04
1.182556e+02	4.200000e+03
1.186371e+02	-1.627900e+04
1.190186e+02	4.178000e+03
1.194000e+02	1.090000e+02
1.197815e+02	-3.266700e+04
1.201630e+02	1.648100e+04
1.205444e+02	2.058700e+04
1.209259e+02	-1.630500e+04
1.213074e+02	-8.087000e+03
1.216888e+02	-1.218500e+04
1.220703e+02	2.466500e+04
1.224518e+02	1.090000e+02
1.228333e+02	-2.857600e+04
1.232147e+02	-3.266800e+04
1.235962e+02	-3.990000e+03
1.239777e+02	1.233900e+04
1.243591e+02	-2.037500e+04
1.247406e+02	-2.857200e+04
1.251221e+02	2.057600e+04
1.255035e+02	4.204000e+03
1.258850e+02	-2.448900e+04
1.262665e+02	-2.447200e+04
1.266479e+02	1.648900e+04
1.270294e+02	-2.449500e+04
1.274109e+02	-3.266000e+04
1.277924e+02	-2.038200e+04
1.281738e+02	-3.998000e+03
1.285553e+02	-8.085000e+03
1.289368e+02	1.645900e+04
1.293182e+02	2.468100e+04
1.296997e+02	-3.994000e+03
1.300812e+02	-2.448400e+04
1.304626e+02	-1.627600e+04
1.308441e+02	9.500000e+01
1.312256e+02	-2.037900e+04
1.316071e+02	2.468100e+04
1.319885e+02	7.300000e+01
1.323700e+02	2.468400e+04
1.327515e+02	-1.628400e+04
1.331329e+02	4.194000e+03
1.335144e+02	1.649300e+04
1.338959e+02	-1.629900e+04
1.342773e+02	-2.856700e+04
1.346588e+02	8.298000e+03
1.350403e+02	1.646900e+04
1.354218e+02	-2.037100e+04
1.358032e+02	-1.628300e+04
1.361847e+02	-2.448000e+04
1.365662e+02	-2.856700e+04
1.369476e+02	4.151000e+03
1.373291e+02	1.239600e+04
1.377106e+02	-8.088000e+03
1.380920e+02	2.876200e+04
1.384735e+02	-8.084000e+03
1.388550e+02	-1.629100e+04
1.392365e+02	-3.995000e+03
1.396179e+02	1.239400e+04
1.399994e+02	-3.269400e+04
1.403809e+02	1.239600e+04
1.407623e+02	2.058100e+04
1.411438e+02	-3.999000e+03
1.415253e+02	4.205000e+03
1.419067e+02	-2.858400e+04
1.422882e+02	-1.218400e+04
1.426697e+02	8.298000e+03
1.430511e+02	4.163000e+03
1.434326e+02	-3.992000e+03
1.438141e+02	1.647400e+04
1.441956e+02	8.294000e+03
1.445770e+02	-8.086000e+03
1.449585e+02	-4.041000e+03
1.453400e+02	2.468300e+04
1.457214e+02	8.294000e+03
1.461029e+02	2.467200e+04
1.464844e+02	1.649300e+04
1.468658e+02	-2.448500e+04
1.472473e+02	2.877600e+04
1.476288e+02	2.058600e+04
1.480103e+02	-4.021000e+03
1.483917e+02	1.239600e+04
1.487732e+02	-1.628600e+04
1.491547e+02	-1.218900e+04
1.495361e+02	-2.446800e+04
1.499176e+02	2.465300e+04
1.502991e+02	2.877900e+04
1.506805e+02	2.058600e+04
1.510620e+02	2.466200e+04
1.514435e+02	-3.266000e+04
1.518250e+02	1.648000e+04
1.522064e+02	-3.266700e+04
1.525879e+02	1.649000e+04
1.529694e+02	-2.040800e+04
1.533508e+02	2.878100e+04
1.537323e+02	8.296000e+03
1.541138e+02	-8.100000e+03
1.544952e+02	8.300000e+03
1.548767e+02	8.500000e+01
1.552582e+02	-2.037500e+04
1.556396e+02	-8.086000e+03
1.560211e+02	-3.268600e+04
1.564026e+02	1.239700e+04
1.567841e+02	8.292000e+03
1.571655e+02	1.648400e+04
1.575470e+02	-2.037200e+04
1.579285e+02	2.874900e+04
1.583099e+02	1.239500e+04
1.586914e+02	1.050000e+02
1.590729e+02	-1.219900e+04
1.594543e+02	8.301000e+03
1.598358e+02	-2.448200e+04
1.602173e+02	-2.037800e+04
1.605988e+02	2.468300e+04
1.609802e+02	-1.222500e+04
1.613617e+02	-1.627700e+04
1.617432e+02	1.238900e+04
1.621246e+02	-3.267000e+04
1.625061e+02	1.649300e+04
1.628876e+02	-2.858700e+04
1.632690e+02	-1.627800e+04
1.636505e+02	4.203000e+03
1.640320e+02	4.179000e+03
1.644135e+02	1.649300e+04
1.647949e+02	1.648200e+04
1.651764e+02	-3.266700e+04
1.655579e+02	1.239700e+04
1.659393e+02	1.236100e+04
1.663208e+02	-3.990000e+03
1.667023e+02	-2.447300e+04
1.670837e+02	1.647900e+04
1.674652e+02	8.302000e+03
1.678467e+02	1.647800e+04
1.682281e+02	-3.992000e+03
1.686096e+02	2.878000e+04
1.689911e+02	-2.450600e+04
1.693726e+02	1.090000e+02
1.697540e+02	-2.037800e+04
1.701355e+02	-2.448000e+04
1.705170e+02	1.239700e+04
1.708984e+02	2.056700e+04
1.712799e+02	-1.218300e+04
1.716614e+02	4.202000e+03
1.720428e+02	-2.039500e+04
1.724243e+02	-1.218000e+04
1.728058e+02	-2.857500e+04
1.731873e+02	1.648500e+04
1.735687e+02	8.299000e+03
1.739502e+02	-4.031000e+03
1.743317e+02	-3.988000e+03
1.747131e+02	1.040000e+02
1.750946e+02	9.500000e+01
1.754761e+02	-1.217900e+04
1.758575e+02	-2.858200e+04
1.762390e+02	1.648900e+04
1.766205e+02	1.239500e+04
1.770020e+02	-2.039800e+04
1.773834e+02	2.059000e+04
1.777649e+02	1.020000e+02
1.781464e+02	-3.266800e+04
1.785278e+02	4.206000e+03
1.789093e+02	8.276000e+03
1.792908e+02	1.239500e+04
1.796722e+02	-8.087000e+03
1.800537e+02	4.186000e+03
1.804352e+02	-2.856200e+04
1.808167e+02	9.800000e+01
1.811981e+02	-1.628200e+04
1.815796e+02	1.090000e+02
1.819611e+02	-4.040000e+03
1.823425e+02	1.649200e+04
1.827240e+02	-2.447300e+04
1.831055e+02	-3.267200e+04
1.834869e+02	-2.037100e+04
1.838684e+02	8.900000e+01
1.842499e+02	-8.086000e+03
1.846313e+02	-2.037300e+04
1.850128e+02	-1.220500e+04
1.853943e+02	-8.082000e+03
1.857758e+02	-8.091000e+03
1.861572e+02	1.648400e+04
1.865387e+02	-8.083000e+03
1.869202e+02	-1.630600e+04
1.873016e+02	-1.627700e+04
1.876831e+02	1.239400e+04
1.880646e+02	-2.448500e+04
1.884460e+02	2.878200e+04
1.888275e+02	9.700000e+01
1.892090e+02	-8.089000e+03
1.895905e+02	-2.037200e+04
1.899719e+02	1.644000e+04
1.903534e+02	-2.856300e+04
1.907349e+02	8.296000e+03
1.911163e+02	-2.857500e+04
1.914978e+02	1.649400e+04
1.918793e+02	-2.858300e+04
1.922607e+02	-2.037400e+04
1.926422e+02	-1.627700e+04
1.930237e+02	-4.014000e+03
1.934052e+02	-2.037100e+04
1.937866e+02	-3.266900e+04
1.941681e+02	-1.218700e+04
1.945496e+02	1.090000e+02
1.949310e+02	-2.041900e+04
1.953125e+02	1.649300e+04
1.956940e+02	2.468100e+04
1.960754e+02	-8.097000e+03
1.964569e+02	-2.446500e+04
1.968384e+02	2.057600e+04
1.972198e+02	-1.628000e+04
1.976013e+02	-2.856400e+04
1.979828e+02	-4.020000e+03
1.983643e+02	-3.986000e+03
1.987457e+02	1.239200e+04
1.991272e+02	-3.266900e+04
1.995087e+02	1.110000e+02
1.998901e+02	-2.858400e+04
2.002716e+02	-2.037300e+04
2.006531e+02	8.300000e+03
2.010345e+02	-1.630100e+04
2.014160e+02	2.059000e+04
2.017975e+02	9.900000e+01
2.021790e+02	1.239100e+04
2.025604e+02	1.100000e+02
2.029419e+02	6.100000e+01
2.033234e+02	-2.037100e+04
2.037048e+02	1.649000e+04
2.040863e+02	1.238200e+04
2.044678e+02	1.239800e+04
2.048492e+02	4.187000e+03
2.052307e+02	-3.989000e+03
2.056122e+02	2.468600e+04
2.059937e+02	-3.270400e+04
2.063751e+02	2.878200e+04
2.067566e+02	2.467900e+04
2.071381e+02	-2.447700e+04
2.075195e+02	-2.037000e+04
2.079010e+02	2.056500e+04
2.082825e+02	-2.037300e+04
2.086639e+02	4.203000e+03
2.090454e+02	1.647400e+04
2.094269e+02	-3.986000e+03
2.098083e+02	2.877000e+04
2.101898e+02	-1.218400e+04
2.105713e+02	1.649400e+04
2.109528e+02	-2.042500e+04
2.113342e+02	8.302000e+03
2.117157e+02	-2.037500e+04
2.120972e+02	1.647900e+04
2.124786e+02	2.878200e+04
2.128601e+02	2.056900e+04
2.132416e+02	1.649100e+04
2.136230e+02	2.468400e+04
2.140045e+02	2.056500e+04
2.143860e+02	2.468700e+04
2.147675e+02	-2.857100e+04
2.151489e+02	-3.993000e+03
2.155304e+02	4.208000e+03
2.159119e+02	-2.039700e+04
2.162933e+02	2.468500e+04
2.166748e+02	-2.446900e+04
2.170563e+02	2.466800e+04
2.174377e+02	-8.081000e+03
2.178192e+02	-2.038300e+04
2.182007e+02	8.298000e+03
2.185822e+02	4.207000e+03
2.189636e+02	-1.636300e+04
2.193451e+02	-8.082000e+03
2.197266e+02	-1.627900e+04
2.201080e+02	-2.038200e+04
2.204895e+02	4.208000e+03
2.208710e+02	-3.267600e+04
2.212524e+02	-1.218100e+04
2.216339e+02	1.649300e+04
2.220154e+02	4.180000e+03
2.223969e+02	4.208000e+03
2.227783e+02	-3.994000e+03
2.231598e+02	-2.447400e+04
2.235413e+02	-2.036900e+04
2.239227e+02	-2.859200e+04
2.243042e+02	-1.627500e+04
2.246857e+02	2.058800e+04
2.250671e+02	-2.039000e+04
2.254486e+02	1.239900e+04
2.258301e+02	-1.219200e+04
2.262115e+02	4.202000e+03
2.265930e+02	2.468600e+04
2.269745e+02	-2.044100e+04
2.273560e+02	2.059000e+04
2.277374e+02	-3.993000e+03
2.281189e+02	-1.218900e+04
2.285004e+02	2.878300e+04
2.288818e+02	2.466300e+04
2.292633e+02	2.058800e+04
2.296448e+02	-3.266000e+04
2.300262e+02	8.280000e+03
2.304077e+02	-2.446500e+04
2.307892e+02	-2.038000e+04
2.311707e+02	-2.856900e+04
2.315521e+02	-1.217900e+04
2.319336e+02	2.053600e+04
2.323151e+02	-2.036900e+04
2.326965e+02	4.203000e+03
2.330780e+02	-1.219100e+04
2.334595e+02	-3.984000e+03
2.338409e+02	2.467100e+04
2.342224e+02	-8.085000e+03
2.346039e+02	-2.037000e+04
2.349854e+02	-2.859400e+04
2.353668e+02	-2.856000e+04
2.357483e+02	2.877700e+04
2.361298e+02	2.467700e+04
2.365112e+02	2.059200e+04
2.368927e+02	-1.629700e+04
2.372742e+02	-2.446700e+04
2.376556e+02	8.301000e+03
2.380371e+02	2.466400e+04
2.384186e+02	-2.036900e+04
2.388000e+02	-1.219100e+04
2.391815e+02	1.070000e+02
2.395630e+02	2.059200e+04
2.399445e+02	-2.451500e+04
2.403259e+02	8.303000e+03
2.407074e+02	-3.990000e+03
2.410889e+02	-2.447900e+04
2.414703e+02	-8.081000e+03
2.418518e+02	-4.007000e+03
2.422333e+02	-1.217900e+04
2.426147e+02	-8.082000e+03
2.429962e+02	2.056200e+04
2.433777e+02	1.130000e+02
2.437592e+02	2.058400e+04
2.441406e+02	-3.994000e+03
2.445221e+02	1.649600e+04
2.449036e+02	-3.269100e+04
2.452850e+02	1.649500e+04
2.456665e+02	2.468500e+04
2.460480e+02	8.285000e+03
2.464294e+02	-2.036800e+04
2.468109e+02	2.467300e+04
2.471924e+02	8.300000e+03
2.475739e+02	-3.985000e+03
2.479553e+02	4.165000e+03
2.483368e+02	2.878500e+04
2.487183e+02	-2.037300e+04
2.490997e+02	1.238800e+04
2.494812e+02	-2.855900e+04
2.498627e+02	-1.219700e+04
2.502441e+02	1.100000e+02
2.506256e+02	-8.082000e+03
2.510071e+02	-3.267900e+04
2.513886e+02	2.469000e+04
2.517700e+02	1.239300e+04
2.521515e+02	-2.447200e+04
2.525330e+02	2.878500e+04
2.529144e+02	2.056300e+04
2.532959e+02	1.649500e+04
2.536774e+02	-3.988000e+03
2.540588e+02	-3.267300e+04
2.544403e+02	-2.036700e+04
2.548218e+02	-2.447800e+04
2.552032e+02	1.239600e+04
2.555847e+02	4.208000e+03
2.559662e+02	-8.120000e+03
2.563477e+02	-1.627200e+04
2.567291e+02	1.648900e+04
2.571106e+02	1.239200e+04
2.574921e+02	1.649800e+04
2.578735e+02	-2.858400e+04
2.582550e+02	1.649600e+04
2.586365e+02	2.059200e+04
2.590179e+02	-2.449000e+04
2.593994e+02	8.306000e+03
2.597809e+02	2.467900e+04
2.601624e+02	-3.266200e+04
2.605438e+02	1.140000e+02
2.609253e+02	-4.020000e+03
2.613068e+02	1.649600e+04
2.616882e+02	-8.084000e+03
2.620697e+02	4.195000e+03
2.624512e+02	-2.446200e+04
2.628326e+02	-2.857400e+04
2.632141e+02	-2.446700e+04
2.635956e+02	-2.446400e+04
2.639771e+02	-2.450000e+04
2.643585e+02	1.240200e+04
2.647400e+02	1.070000e+02
2.651215e+02	-2.037800e+04
2.655029e+02	-1.627100e+04
2.658844e+02	-2.039600e+04
2.662659e+02	1.240000e+04
2.666473e+02	1.110000e+02
2.670288e+02	-1.629000e+04
2.674103e+02	2.059500e+04
2.677917e+02	-1.628100e+04
2.681732e+02	1.649100e+04
2.685547e+02	2.468900e+04
2.689362e+02	4.143000e+03
2.693176e+02	-1.627100e+04
2.696991e+02	-1.218000e+04
2.700806e+02	1.648500e+04
2.704620e+02	1.649900e+04
2.708435e+02	9.600000e+01
2.712250e+02	1.110000e+02
2.716064e+02	-8.080000e+03
2.719879e+02	1.646900e+04
2.723694e+02	8.307000e+03
2.727509e+02	1.649000e+04
2.731323e+02	-3.266200e+04
2.735138e+02	-3.265300e+04
2.738953e+02	-2.858500e+04
2.742767e+02	-3.984000e+03
2.746582e+02	2.878300e+04
2.750397e+02	1.238300e+04
2.754211e+02	2.469100e+04
2.758026e+02	-8.092000e+03
2.761841e+02	1.100000e+02
2.765656e+02	-8.078000e+03
2.769470e+02	1.644700e+04
2.773285e+02	2.878600e+04
2.777100e+02	4.205000e+03
2.780914e+02	-3.266500e+04
2.784729e+02	8.308000e+03
2.788544e+02	9.700000e+01
2.792358e+02	2.878300e+04
2.796173e+02	1.240000e+04
2.799988e+02	-4.004000e+03
2.803802e+02	-1.626800e+04
2.807617e+02	-8.086000e+03
2.811432e+02	-3.266100e+04
2.815247e+02	-8.077000e+03
2.819061e+02	2.056200e+04
2.822876e+02	1.649800e+04
2.826691e+02	4.208000e+03
2.830505e+02	-8.095000e+03
2.834320e+02	1.650000e+04
2.838135e+02	2.058100e+04
2.841949e+02	-1.627400e+04
2.845764e+02	-8.078000e+03
2.849579e+02	-4.028000e+03
2.853394e+02	-3.265300e+04
2.857208e+02	-8.084000e+03
2.861023e+02	-2.447200e+04
2.864838e+02	8.308000e+03
2.868652e+02	-1.219900e+04
2.872467e+02	8.306000e+03
2.876282e+02	-8.079000e+03
2.880096e+02	-4.003000e+03
2.883911e+02	2.059700e+04
2.887726e+02	2.468200e+04
2.891541e+02	2.878100e+04
2.895355e+02	-2.855600e+04
2.899170e+02	-3.269100e+04
2.902985e+02	-3.265300e+04
2.906799e+02	1.120000e+02
2.910614e+02	-2.447500e+04
2.914429e+02	-1.626700e+04
2.918243e+02	2.467700e+04
2.922058e+02	2.468800e+04
2.925873e+02	-3.981000e+03
2.929688e+02	-1.630800e+04
2.933502e+02	4.213000e+03
2.937317e+02	-2.856200e+04
2.941132e+02	-2.037500e+04
2.944946e+02	1.650100e+04
2.948761e+02	2.057300e+04
2.952576e+02	2.059400e+04
2.956390e+02	1.240200e+04
2.960205e+02	-1.219500e+04
2.964020e+02	2.469300e+04
2.967834e+02	-2.856700e+04
2.971649e+02	2.878200e+04
2.975464e+02	-3.980000e+03
2.979279e+02	2.464700e+04
2.983093e+02	1.160000e+02
2.986908e+02	-8.081000e+03
2.990723e+02	2.877500e+04
2.994537e+02	4.214000e+03
2.998352e+02	2.467600e+04
3.002167e+02	1.130000e+02
3.005981e+02	8.307000e+03
3.009796e+02	8.280000e+03
3.013611e+02	-8.075000e+03
3.017426e+02	-2.037200e+04
3.021240e+02	-2.856300e+04
3.025055e+02	-2.855400e+04
3.028870e+02	-2.039100e+04
3.032684e+02	2.469200e+04
3.036499e+02	2.469100e+04
3.040314e+02	-1.219200e+04
3.044128e+02	-2.855400e+04
3.047943e+02	2.058600e+04
3.051758e+02	-2.446500e+04
3.055573e+02	1.650100e+04
3.059387e+02	-3.272800e+04
3.063202e+02	-2.855500e+04
3.067017e+02	2.468800e+04
3.070831e+02	1.239300e+04
3.074646e+02	-1.217000e+04
3.078461e+02	2.467400e+04
3.082275e+02	4.211000e+03
3.086090e+02	-2.855600e+04
3.089905e+02	2.056900e+04
3.093719e+02	2.879000e+04
3.097534e+02	-3.266000e+04
3.101349e+02	2.468700e+04
3.105164e+02	1.240700e+04
3.108978e+02	-8.105000e+03
3.112793e+02	1.170000e+02
3.116608e+02	-3.265400e+04
3.120422e+02	-1.218600e+04
3.124237e+02	1.240800e+04
3.128052e+02	2.058500e+04
3.131866e+02	1.649800e+04
3.135681e+02	-8.074000e+03
3.139496e+02	-3.270900e+04
3.143311e+02	-2.036200e+04
3.147125e+02	-3.984000e+03
3.150940e+02	2.877900e+04
3.154755e+02	-8.073000e+03
3.158569e+02	-2.447900e+04
3.162384e+02	-8.076000e+03
3.166199e+02	-2.445900e+04
3.170013e+02	-8.101000e+03
3.173828e+02	-1.216900e+04
3.177643e+02	-2.856300e+04
3.181458e+02	1.649600e+04
3.185272e+02	4.216000e+03
3.189087e+02	-8.107000e+03
3.192902e+02	1.180000e+02
3.196716e+02	1.240300e+04
3.200531e+02	-2.037600e+04
3.204346e+02	-8.072000e+03
3.208160e+02	-1.627900e+04
3.211975e+02	-1.627000e+04
3.215790e+02	2.469400e+04
3.219604e+02	8.400000e+01
3.223419e+02	2.879200e+04
3.227234e+02	-3.265500e+04
3.231049e+02	2.058900e+04
3.234863e+02	-1.626400e+04
3.238678e+02	9.600000e+01
3.242493e+02	-3.979000e+03
3.246307e+02	-2.445900e+04
3.250122e+02	-2.038200e+04
3.253937e+02	8.313000e+03
3.257751e+02	4.205000e+03
3.261566e+02	-3.265400e+04
3.265381e+02	2.469600e+04
3.269196e+02	-4.041000e+03
3.273010e+02	-2.855100e+04
3.276825e+02	-1.217100e+04
3.280640e+02	-1.628000e+04
3.284454e+02	1.220000e+02
3.288269e+02	-2.856700e+04
3.292084e+02	-8.076000e+03
3.295898e+02	1.650400e+04
3.299713e+02	-1.220700e+04
3.303528e+02	1.210000e+02
3.307343e+02	2.059300e+04
3.311157e+02	2.468800e+04
3.314972e+02	2.060200e+04
3.318787e+02	-1.628700e+04
3.322601e+02	4.215000e+03
3.326416e+02	-2.855400e+04
3.330231e+02	-2.038100e+04
3.334045e+02	1.220000e+02
3.337860e+02	1.090000e+02
3.341675e+02	1.160000e+02
3.345490e+02	-2.035900e+04
3.349304e+02	-1.631600e+04
3.353119e+02	2.060100e+04
3.356934e+02	-1.626800e+04
3.360748e+02	-1.218000e+04
3.364563e+02	-8.070000e+03
3.368378e+02	-2.447300e+04
3.372192e+02	-8.074000e+03
3.376007e+02	-8.072000e+03
3.379822e+02	-1.219800e+04
3.383636e+02	-2.035800e+04
3.387451e+02	-1.627100e+04
3.391266e+02	8.306000e+03
3.395081e+02	8.315000e+03
3.398895e+02	-1.219600e+04
3.402710e+02	4.217000e+03
3.406525e+02	2.469500e+04
3.410339e+02	2.877600e+04
3.414154e+02	-2.035700e+04
3.417969e+02	-1.217900e+04
3.421783e+02	-8.075000e+03
3.425598e+02	-1.626200e+04
3.429413e+02	-4.040000e+03
3.433228e+02	-1.626200e+04
3.437042e+02	-3.980000e+03
3.440857e+02	-2.446500e+04
3.444672e+02	8.316000e+03
3.448486e+02	4.198000e+03
3.452301e+02	-3.976000e+03
3.456116e+02	-8.071000e+03
3.459930e+02	-2.447900e+04
3.463745e+02	2.879600e+04
3.467560e+02	-2.446200e+04
3.471375e+02	8.308000e+03
3.475189e+02	4.220000e+03
3.479004e+02	8.700000e+01
3.482819e+02	4.219000e+03
3.486633e+02	1.650400e+04
3.490448e+02	-1.218100e+04
3.494263e+02	8.317000e+03
3.498077e+02	-1.218000e+04
3.501892e+02	-3.264800e+04
3.505707e+02	1.650800e+04
3.509521e+02	4.173000e+03
3.513336e+02	-2.035600e+04
3.517151e+02	8.310000e+03
3.520966e+02	2.469000e+04
3.524780e+02	-2.445100e+04
3.528595e+02	2.877300e+04
3.532410e+02	-8.070000e+03
3.536224e+02	-1.626200e+04
3.540039e+02	-3.994000e+03
3.543854e+02	2.470200e+04
3.547668e+02	1.150000e+02
3.551483e+02	1.190000e+02
3.555298e+02	-3.971000e+03
3.559113e+02	-4.012000e+03
3.562927e+02	-8.068000e+03
3.566742e+02	1.240900e+04
3.570557e+02	-2.446500e+04
3.574371e+02	1.270000e+02
3.578186e+02	-2.446700e+04
3.582001e+02	-2.445400e+04
3.585815e+02	-2.854700e+04
3.589630e+02	-2.448900e+04
3.593445e+02	-2.035400e+04
3.597260e+02	1.240700e+04
3.601074e+02	-2.036400e+04
3.604889e+02	4.223000e+03
3.608704e+02	-8.094000e+03
3.612518e+02	8.317000e+03
3.616333e+02	4.220000e+03
3.620148e+02	4.204000e+03
3.623962e+02	-3.264000e+04
3.627777e+02	1.240400e+04
3.631592e+02	-2.855100e+04
3.635406e+02	-3.264100e+04
3.639221e+02	-8.122000e+03
3.643036e+02	2.470300e+04
3.646851e+02	-8.070000e+03
3.650665e+02	1.649800e+04
3.654480e+02	-1.625600e+04
3.658295e+02	1.649300e+04
3.662109e+02	1.241300e+04
3.665924e+02	1.651100e+04
3.669739e+02	2.467200e+04
3.673553e+02	1.290000e+02
3.677368e+02	2.879200e+04
3.681183e+02	-3.977000e+03
3.684998e+02	1.241700e+04
3.688812e+02	4.194000e+03
3.692627e+02	-1.216100e+04
3.696442e+02	1.241400e+04
3.700256e+02	-1.217900e+04
3.704071e+02	4.226000e+03
3.707886e+02	8.308000e+03
3.711700e+02	2.879600e+04
3.715515e+02	2.470500e+04
3.719330e+02	4.162000e+03
3.723145e+02	-1.215900e+04
3.726959e+02	1.650800e+04
3.730774e+02	2.469400e+04
3.734589e+02	1.241900e+04
3.738403e+02	8.302000e+03
3.742218e+02	-1.216100e+04
3.746033e+02	4.225000e+03
3.749847e+02	2.467900e+04
3.753662e+02	-3.263700e+04
3.757477e+02	-3.975000e+03
3.761292e+02	8.315000e+03
3.765106e+02	-3.263700e+04
3.768921e+02	8.288000e+03
3.772736e+02	1.651400e+04
3.776550e+02	-1.625700e+04
3.780365e+02	1.649900e+04
3.784180e+02	-1.215600e+04
3.787994e+02	-3.265100e+04
3.791809e+02	-2.444900e+04
3.795624e+02	-2.444500e+04
3.799438e+02	-4.010000e+03
3.803253e+02	-1.625200e+04
3.807068e+02	2.470200e+04
3.810883e+02	-2.445500e+04
3.814697e+02	-3.263500e+04
3.818512e+02	2.878100e+04
3.822327e+02	4.227000e+03
3.826141e+02	1.651500e+04
3.829956e+02	-8.083000e+03
3.833771e+02	2.880600e+04
3.837585e+02	2.469900e+04
3.841400e+02	2.879900e+04
3.845215e+02	2.880600e+04
3.849030e+02	-1.629200e+04
3.852844e+02	-2.034700e+04
3.856659e+02	2.061000e+04
3.860474e+02	-2.445700e+04
3.864288e+02	-8.057000e+03
3.868103e+02	8.311000e+03
3.871918e+02	8.323000e+03
3.875732e+02	1.651800e+04
3.879547e+02	-8.093000e+03
3.883362e+02	8.328000e+03
3.887177e+02	-3.264000e+04
3.890991e+02	-2.035400e+04
3.894806e+02	4.233000e+03
3.898621e+02	2.059000e+04
3.902435e+02	-3.962000e+03
3.906250e+02	2.061400e+04
3.910065e+02	-3.981000e+03
3.913879e+02	8.330000e+03
3.917694e+02	-3.971000e+03
3.921509e+02	-2.854100e+04
3.925323e+02	-2.034300e+04
3.929138e+02	-1.631000e+04
3.932953e+02	-3.959000e+03
3.936768e+02	-2.444300e+04
3.940582e+02	4.221000e+03
3.944397e+02	-1.624500e+04
3.948212e+02	-3.976000e+03
3.952026e+02	4.232000e+03
3.955841e+02	2.061800e+04
3.959656e+02	-1.627700e+04
3.963470e+02	2.881200e+04
3.967285e+02	-3.965000e+03
3.971100e+02	-8.061000e+03
3.974915e+02	2.062100e+04
3.978729e+02	2.468700e+04
3.982544e+02	-1.214900e+04
3.986359e+02	-2.853400e+04
3.990173e+02	8.314000e+03
3.993988e+02	-1.624200e+04
3.997803e+02	-2.444700e+04
4.001617e+02	-8.056000e+03
4.005432e+02	1.652600e+04
4.009247e+02	-1.631300e+04
4.013062e+02	8.335000e+03
4.016876e+02	1.380000e+02
4.020691e+02	2.470700e+04
4.024506e+02	-8.048000e+03
4.028320e+02	2.060400e+04
4.032135e+02	-8.051000e+03
4.035950e+02	2.471900e+04
4.039764e+02	1.650100e+04
4.043579e+02	1.243400e+04
4.047394e+02	-2.034400e+04
4.051209e+02	-1.624600e+04
4.055023e+02	1.243500e+04
4.058838e+02	4.210000e+03
4.062653e+02	1.243400e+04
4.066467e+02	8.336000e+03
4.070282e+02	4.227000e+03
4.074097e+02	-3.261900e+04
4.077911e+02	-1.215400e+04
4.081726e+02	-2.443200e+04
4.085541e+02	1.243700e+04
4.089355e+02	2.058000e+04
4.093170e+02	-2.442600e+04
4.096985e+02	-1.624000e+04
4.100800e+02	-2.853200e+04
4.104614e+02	-8.040000e+03
4.108429e+02	-2.854200e+04
4.112244e+02	-2.852200e+04
4.116058e+02	-3.261700e+04
4.119873e+02	2.880100e+04
4.123688e+02	2.882700e+04
4.127502e+02	1.243300e+04
4.131317e+02	-3.948000e+03
4.135132e+02	-1.622800e+04
4.138947e+02	-8.076000e+03
4.142761e+02	4.253000e+03
4.146576e+02	-3.261400e+04
4.150391e+02	-3.953000e+03
4.154205e+02	8.353000e+03
4.158020e+02	2.472100e+04
4.161835e+02	-8.035000e+03
4.165649e+02	1.620000e+02
4.169464e+02	-2.445200e+04
4.173279e+02	1.654900e+04
4.177094e+02	4.255000e+03
4.180908e+02	2.063700e+04
4.184723e+02	2.474500e+04
4.188538e+02	-3.952000e+03
4.192352e+02	-1.211900e+04
4.196167e+02	8.363000e+03
4.199982e+02	-2.851900e+04
4.203796e+02	-2.439800e+04
4.207611e+02	1.655300e+04
4.211426e+02	2.475300e+04
4.215240e+02	-2.438900e+04
4.219055e+02	2.062200e+04
4.222870e+02	2.000000e+02
4.226685e+02	-7.982000e+03
4.230499e+02	8.404000e+03
4.234314e+02	-1.208400e+04
4.238129e+02	2.475300e+04
4.241943e+02	2.885700e+04
4.245758e+02	-3.258500e+04
4.249573e+02	-1.214100e+04
4.253387e+02	-1.211000e+04
4.257202e+02	4.264000e+03
4.261017e+02	1.650000e+02
4.264832e+02	-2.030800e+04
4.268646e+02	-8.051000e+03
4.272461e+02	2.474300e+04
4.276276e+02	-2.441200e+04
4.280090e+02	-2.443000e+04
4.283905e+02	1.660000e+02
4.287720e+02	-2.852100e+04
4.291534e+02	2.473300e+04
4.295349e+02	-2.031900e+04
4.299164e+02	-1.631100e+04
4.302979e+02	-8.033000e+03
4.306793e+02	-3.943000e+03
4.310608e+02	-1.623900e+04
4.314423e+02	-2.441800e+04
4.318237e+02	-2.853500e+04
4.322052e+02	2.472900e+04
4.325867e+02	1.244200e+04
4.329681e+02	1.260000e+02
4.333496e+02	-3.942000e+03
4.337311e+02	1.450000e+02
4.341125e+02	1.243300e+04
4.344940e+02	4.249000e+03
4.348755e+02	2.469500e+04
4.352570e+02	2.882200e+04
4.356384e+02	-2.033300e+04
4.360199e+02	-3.964000e+03
4.364014e+02	4.247000e+03
4.367828e+02	1.360000e+02
4.371643e+02	2.062400e+04
4.375458e+02	1.653200e+04
4.379272e+02	-1.628800e+04
4.383087e+02	1.480000e+02
4.386902e+02	-2.853100e+04
4.390717e+02	-2.853700e+04
4.394531e+02	2.881900e+04
4.398346e+02	2.470000e+04
4.402161e+02	-2.852900e+04
4.405975e+02	-2.033700e+04
4.409790e+02	-3.977000e+03
4.413605e+02	-2.033500e+04
4.417419e+02	1.350000e+02
4.421234e+02	-1.624800e+04
4.425049e+02	1.440000e+02
4.428864e+02	8.296000e+03
4.432678e+02	2.471800e+04
4.436493e+02	-3.958000e+03
4.440308e+02	-8.066000e+03
4.444122e+02	2.062300e+04
4.447937e+02	-1.216200e+04
4.451752e+02	-2.853500e+04
4.455566e+02	-2.034000e+04
4.459381e+02	-2.857200e+04
4.463196e+02	1.242900e+04
4.467011e+02	-8.059000e+03
4.470825e+02	4.226000e+03
4.474640e+02	-1.214800e+04
4.478455e+02	-2.855700e+04
4.482269e+02	-2.853500e+04
4.486084e+02	1.242500e+04
4.489899e+02	1.160000e+02
4.493713e+02	-2.853300e+04
4.497528e+02	-1.625700e+04
4.501343e+02	-8.061000e+03
4.505157e+02	8.330000e+03
4.508972e+02	-2.448600e+04
4.512787e+02	8.329000e+03
4.516602e+02	-3.964000e+03
4.520416e+02	-2.855000e+04
4.524231e+02	-8.055000e+03
4.528046e+02	-8.073000e+03
4.531860e+02	-1.215600e+04
4.535675e+02	2.061500e+04
4.539490e+02	-2.038100e+04
4.543304e+02	4.232000e+03
4.547119e+02	-3.969000e+03
4.550934e+02	1.260000e+02
4.554749e+02	-2.444100e+04
4.558563e+02	1.239400e+04
4.562378e+02	2.880500e+04
4.566193e+02	1.320000e+02
4.570007e+02	4.210000e+03
4.573822e+02	8.327000e+03
4.577637e+02	8.314000e+03
4.581451e+02	4.224000e+03
4.585266e+02	2.880500e+04
4.589081e+02	-8.119000e+03
4.592896e+02	1.330000e+02
4.596710e+02	-3.969000e+03
4.600525e+02	-3.977000e+03
4.604340e+02	2.880500e+04
4.608154e+02	-2.036800e+04
4.611969e+02	-1.215900e+04
4.615784e+02	4.227000e+03
4.619598e+02	8.294000e+03
4.623413e+02	-2.854000e+04
4.627228e+02	2.060300e+04
4.631042e+02	2.060300e+04
4.634857e+02	-8.061000e+03
4.638672e+02	-3.998000e+03
4.642487e+02	1.300000e+02
4.646301e+02	-8.065000e+03
4.650116e+02	2.059200e+04
4.653931e+02	2.470700e+04
4.657745e+02	2.059600e+04
4.661560e+02	-3.971000e+03
4.665375e+02	8.322000e+03
4.669189e+02	-4.029000e+03
4.673004e+02	-1.215900e+04
4.676819e+02	-1.216500e+04
4.680634e+02	8.310000e+03
4.684448e+02	-2.854200e+04
4.688263e+02	2.878100e+04
4.692078e+02	1.241400e+04
4.695892e+02	8.319000e+03
4.699707e+02	4.198000e+03
4.703522e+02	4.225000e+03
4.707336e+02	2.059800e+04
4.711151e+02	-2.445500e+04
4.714966e+02	-1.625600e+04
4.718781e+02	-2.858100e+04
4.722595e+02	1.270000e+02
4.726410e+02	-1.626100e+04
4.730225e+02	4.208000e+03
4.734039e+02	-2.035200e+04
4.737854e+02	2.059200e+04
4.741669e+02	1.650700e+04
4.745483e+02	-2.854600e+04
4.749298e+02	1.237400e+04
4.753113e+02	2.470300e+04
4.756927e+02	2.060000e+04
4.760742e+02	-3.265200e+04
4.764557e+02	-2.854500e+04
4.768372e+02	-3.266500e+04
4.772186e+02	8.316000e+03
4.776001e+02	-1.216500e+04
4.779816e+02	1.239200e+04
4.783630e+02	4.223000e+03
4.787445e+02	2.878700e+04
4.791260e+02	2.469500e+04
4.795074e+02	4.222000e+03
4.798889e+02	-3.268500e+04
4.802704e+02	-2.445200e+04
4.806519e+02	-1.626400e+04
4.810333e+02	-8.082000e+03
4.814148e+02	1.241400e+04
4.817963e+02	2.468500e+04
4.821777e+02	-2.855200e+04
4.825592e+02	4.219000e+03
4.829407e+02	-2.038700e+04
4.833221e+02	2.060500e+04
4.837036e+02	-8.076000e+03
4.840851e+02	-8.077000e+03
4.844666e+02	-2.035500e+04
4.848480e+02	2.058100e+04
4.852295e+02	-1.626300e+04
4.856110e+02	1.240900e+04
4.859924e+02	2.877400e+04
4.863739e+02	2.470000e+04
4.867554e+02	-2.036900e+04
4.871368e+02	-2.036300e+04
4.875183e+02	2.469900e+04
4.878998e+02	-4.025000e+03
4.882813e+02	2.879400e+04
4.886627e+02	-1.217100e+04
4.890442e+02	2.058900e+04
4.894257e+02	-3.264500e+04
4.898071e+02	-1.218500e+04
4.901886e+02	1.650300e+04
4.905701e+02	-1.216800e+04
4.909515e+02	8.286000e+03
4.913330e+02	8.315000e+03
4.917145e+02	1.240200e+04
4.920959e+02	-2.446300e+04
4.924774e+02	-2.445400e+04
4.928589e+02	4.189000e+03
4.932404e+02	2.469600e+04
4.936218e+02	-2.855400e+04
4.940033e+02	-2.037800e+04
4.943848e+02	2.469800e+04
4.947662e+02	2.058800e+04
4.951477e+02	4.212000e+03
4.955292e+02	-1.216800e+04
4.959106e+02	-4.038000e+03
4.962921e+02	-2.036000e+04
4.966736e+02	-1.627000e+04
4.970551e+02	2.878100e+04
4.974365e+02	-2.445500e+04
4.978180e+02	-2.857300e+04
4.981995e+02	4.214000e+03
4.985809e+02	-1.626600e+04
4.989624e+02	2.876600e+04
4.993439e+02	1.650500e+04
4.997253e+02	2.059100e+04
5.001068e+02	1.649600e+04
5.004883e+02	1.240800e+04
5.008698e+02	-1.630400e+04
5.012512e+02	2.469500e+04
5.016327e+02	-2.446000e+04
5.020142e+02	8.294000e+03
5.023956e+02	2.879200e+04
5.027771e+02	-1.628000e+04
5.031586e+02	2.059500e+04
5.035400e+02	1.240700e+04
5.039215e+02	-2.041700e+04
5.043030e+02	1.190000e+02
5.046844e+02	-8.080000e+03
5.050659e+02	-8.086000e+03
5.054474e+02	4.215000e+03
5.058289e+02	8.287000e+03
5.062103e+02	-8.077000e+03
5.065918e+02	-1.626900e+04
5.069733e+02	9.600000e+01
5.073547e+02	-1.217000e+04
5.077362e+02	2.058600e+04
5.081177e+02	2.878400e+04
5.084991e+02	1.650200e+04
5.088806e+02	-2.860900e+04
5.092621e+02	-3.979000e+03
5.096436e+02	-2.855900e+04
5.100250e+02	-1.218500e+04
5.104065e+02	-1.626600e+04
5.107880e+02	-2.038200e+04
5.111694e+02	-2.036500e+04
5.115509e+02	1.180000e+02
5.119324e+02	7.700000e+01
5.123138e+02	1.240600e+04
5.126953e+02	-8.082000e+03
5.130768e+02	-3.989000e+03
5.134583e+02	-2.445800e+04
5.138397e+02	-2.448200e+04
5.142212e+02	4.211000e+03
5.146027e+02	-1.217400e+04
5.149841e+02	-1.219500e+04
5.153656e+02	-2.445900e+04
5.157471e+02	8.298000e+03
5.161285e+02	-3.265900e+04
5.165100e+02	-2.446100e+04
5.168915e+02	-8.119000e+03
5.172729e+02	-8.076000e+03
5.176544e+02	-1.217700e+04
5.180359e+02	1.648800e+04
5.184174e+02	-2.445800e+04
5.187988e+02	4.199000e+03
5.191803e+02	1.239900e+04
5.195618e+02	-2.446200e+04
5.199432e+02	1.236500e+04
5.203247e+02	-3.265300e+04
5.207062e+02	1.649100e+04
5.210876e+02	8.298000e+03
5.214691e+02	-2.855700e+04
5.218506e+02	-1.220500e+04
5.222321e+02	-8.079000e+03
5.226135e+02	4.208000e+03
5.229950e+02	-2.448000e+04
5.233765e+02	-3.981000e+03
5.237579e+02	1.648500e+04
5.241394e+02	-2.446600e+04
5.245209e+02	1.240300e+04
5.249023e+02	-1.632700e+04
5.252838e+02	-8.078000e+03
5.256653e+02	-3.265900e+04
5.260468e+02	2.467800e+04
5.264282e+02	-1.217300e+04
5.268097e+02	8.288000e+03
5.271912e+02	8.303000e+03
5.275726e+02	-3.265600e+04
5.279541e+02	-1.220100e+04
5.283356e+02	8.307000e+03
5.287170e+02	2.877700e+04
5.290985e+02	-1.627800e+04
5.294800e+02	-3.982000e+03
5.298615e+02	-1.220400e+04
5.302429e+02	-3.265600e+04
5.306244e+02	-2.446600e+04
5.310059e+02	4.190000e+03
5.313873e+02	-2.036700e+04
5.317688e+02	9.700000e+01
5.321503e+02	-1.217900e+04
5.325317e+02	2.468900e+04
5.329132e+02	-2.041300e+04
5.332947e+02	-1.627100e+04
5.336761e+02	-1.218100e+04
5.340576e+02	2.877300e+04
5.344391e+02	-1.217500e+04
5.348206e+02	2.466700e+04
5.352020e+02	-3.986000e+03
5.355835e+02	-3.265700e+04
5.359650e+02	1.237200e+04
5.363464e+02	-8.080000e+03
5.367279e+02	-1.628300e+04
5.371094e+02	-3.991000e+03
5.374908e+02	-3.984000e+03
5.378723e+02	-1.631200e+04
5.382538e+02	-2.446500e+04
5.386353e+02	2.058800e+04
5.390167e+02	-2.038400e+04
5.393982e+02	1.240100e+04
5.397797e+02	-1.219200e+04
5.401611e+02	-1.627700e+04
5.405426e+02	-8.082000e+03
5.409241e+02	4.170000e+03
5.413055e+02	4.208000e+03
5.416870e+02	-1.218500e+04
5.420685e+02	2.877500e+04
5.424500e+02	2.468900e+04
5.428314e+02	-2.858300e+04
5.432129e+02	-3.265900e+04
5.435944e+02	-1.217900e+04
5.439758e+02	-2.449200e+04
5.443573e+02	1.110000e+02
5.447388e+02	-3.267000e+04
5.451202e+02	1.239300e+04
5.455017e+02	2.878200e+04
5.458832e+02	2.873400e+04
5.462646e+02	2.059100e+04
5.466461e+02	8.298000e+03
5.470276e+02	2.057800e+04
5.474091e+02	2.059200e+04
5.477905e+02	-4.004000e+03
5.481720e+02	1.080000e+02
5.485535e+02	1.239800e+04
5.489349e+02	2.055900e+04
5.493164e+02	2.878300e+04
5.496979e+02	2.467900e+04
5.500793e+02	2.058100e+04
5.504608e+02	-1.217800e+04
5.508423e+02	1.646400e+04
5.512238e+02	2.878100e+04
5.516052e+02	-3.989000e+03
5.519867e+02	1.237700e+04
5.523682e+02	-3.986000e+03
5.527496e+02	-3.267100e+04
5.531311e+02	1.648800e+04
5.535126e+02	1.649300e+04
5.538940e+02	1.645000e+04
5.542755e+02	-2.856200e+04
5.546570e+02	4.201000e+03
5.550385e+02	-2.447900e+04
5.554199e+02	-3.986000e+03
5.558014e+02	-3.267800e+04
5.561829e+02	1.070000e+02
5.565643e+02	-2.446800e+04
5.569458e+02	-1.630700e+04
5.573273e+02	-3.265900e+04
5.577087e+02	4.195000e+03
5.580902e+02	4.199000e+03
5.584717e+02	-8.082000e+03
5.588532e+02	-1.220600e+04
5.592346e+02	-2.037300e+04
5.596161e+02	8.298000e+03
5.599976e+02	-3.267900e+04
5.603790e+02	1.090000e+02
5.607605e+02	-2.038800e+04
5.611420e+02	4.201000e+03
5.615234e+02	2.878000e+04
5.619049e+02	-4.028000e+03
5.622864e+02	8.301000e+03
5.626678e+02	-3.266600e+04
5.630493e+02	2.877000e+04
5.634308e+02	-3.987000e+03
5.638123e+02	-4.009000e+03
5.641937e+02	-3.991000e+03
5.645752e+02	1.649000e+04
5.649567e+02	2.056500e+04
5.653381e+02	-8.084000e+03
5.657196e+02	2.057600e+04
5.661011e+02	2.058400e+04
5.664825e+02	2.059000e+04
5.668640e+02	4.176000e+03
5.672455e+02	1.080000e+02
5.676270e+02	8.297000e+03
5.680084e+02	8.284000e+03
5.683899e+02	-8.083000e+03
5.687714e+02	-8.097000e+03
5.691528e+02	-2.037800e+04
5.695343e+02	8.299000e+03
5.699158e+02	-8.125000e+03
5.702972e+02	1.239600e+04
5.706787e+02	-1.628300e+04
5.710602e+02	8.289000e+03
5.714417e+02	-8.084000e+03
5.718231e+02	2.056700e+04
5.722046e+02	1.050000e+02
5.725861e+02	-8.087000e+03
5.729675e+02	-3.268900e+04
5.733490e+02	2.468300e+04
5.737305e+02	1.238400e+04
5.741119e+02	2.058000e+04
5.744934e+02	-3.266100e+04
5.748749e+02	4.169000e+03
5.752563e+02	2.877700e+04
5.756378e+02	8.294000e+03
5.760193e+02	8.283000e+03
5.764008e+02	-2.037400e+04
5.767822e+02	4.183000e+03
5.771637e+02	8.296000e+03
5.775452e+02	2.877800e+04
5.779266e+02	1.235400e+04
5.783081e+02	-8.087000e+03
5.786896e+02	-4.000000e+03
5.790710e+02	-1.219000e+04
5.794525e+02	-8.085000e+03
5.798340e+02	4.178000e+03
5.802155e+02	-3.266400e+04
5.805969e+02	4.200000e+03
5.809784e+02	2.465900e+04
5.813599e+02	-2.856600e+04
5.817413e+02	-2.857800e+04
5.821228e+02	2.877100e+04
5.825043e+02	8.297000e+03
5.828857e+02	-2.044900e+04
5.832672e+02	8.297000e+03
5.836487e+02	-2.447700e+04
5.840302e+02	-2.038700e+04
5.844116e+02	-2.037400e+04
5.847931e+02	2.056500e+04
5.851746e+02	1.648700e+04
5.855560e+02	-1.218400e+04
5.859375e+02	-1.631200e+04
5.863190e+02	-2.447100e+04
5.867004e+02	1.648000e+04
5.870819e+02	2.467400e+04
5.874634e+02	-2.037400e+04
5.878448e+02	-1.221000e+04
5.882263e+02	-2.856900e+04
5.886078e+02	-3.995000e+03
5.889893e+02	-3.268200e+04
5.893707e+02	1.060000e+02
5.897522e+02	8.284000e+03
5.901337e+02	-3.266900e+04
5.905151e+02	-3.266400e+04
5.908966e+02	-1.221800e+04
5.912781e+02	-2.037600e+04
5.916595e+02	-3.998000e+03
5.920410e+02	-3.267600e+04
5.924225e+02	-1.628000e+04
5.928040e+02	-1.221100e+04
5.931854e+02	1.239200e+04
5.935669e+02	-1.628000e+04
5.939484e+02	4.169000e+03
5.943298e+02	-2.856700e+04
5.947113e+02	9.700000e+01
5.950928e+02	1.647900e+04
5.954742e+02	-1.218400e+04
5.958557e+02	2.874800e+04
5.962372e+02	-3.266700e+04
5.966187e+02	8.291000e+03
5.970001e+02	1.647200e+04
5.973816e+02	-1.628000e+04
5.977631e+02	-3.268000e+04
5.981445e+02	2.058000e+04
5.985260e+02	4.200000e+03
5.989075e+02	2.464000e+04
5.992889e+02	8.295000e+03
5.996704e+02	2.467200e+04
6.000519e+02	-8.099000e+03
6.004334e+02	4.201000e+03
6.008148e+02	1.646700e+04
6.011963e+02	-2.447600e+04
6.015778e+02	1.648500e+04
6.019592e+02	-8.113000e+03
6.023407e+02	-8.089000e+03
6.027222e+02	-2.038800e+04
6.031036e+02	1.238500e+04
6.034851e+02	-8.089000e+03
6.038666e+02	-2.860900e+04
6.042480e+02	-2.037800e+04
6.046295e+02	-3.266900e+04
6.050110e+02	-2.039300e+04
6.053925e+02	-3.266400e+04
6.057739e+02	-2.448800e+04
6.061554e+02	-1.628500e+04
6.065369e+02	-2.447200e+04
6.069183e+02	-2.040700e+04
6.072998e+02	4.194000e+03
6.076813e+02	1.237900e+04
6.080627e+02	1.647700e+04
6.084442e+02	4.198000e+03
6.088257e+02	1.235800e+04
6.092072e+02	1.648500e+04
6.095886e+02	-3.997000e+03
6.099701e+02	4.177000e+03
6.103516e+02	2.877500e+04
6.107330e+02	-4.005000e+03
6.111145e+02	2.467100e+04
6.114960e+02	2.058200e+04
6.118774e+02	-2.451300e+04
6.122589e+02	-3.997000e+03
6.126404e+02	9.500000e+01
6.130219e+02	1.237900e+04
6.134033e+02	1.648800e+04
6.137848e+02	2.876200e+04
6.141663e+02	1.238200e+04
6.145477e+02	-2.038300e+04
6.149292e+02	-8.114000e+03
6.153107e+02	-1.628200e+04
6.156921e+02	1.238300e+04
6.160736e+02	-4.008000e+03
6.164551e+02	-8.093000e+03
6.168365e+02	8.262000e+03
6.172180e+02	8.291000e+03
6.175995e+02	1.238400e+04
6.179810e+02	2.875800e+04
6.183624e+02	2.058200e+04
6.187439e+02	-2.448900e+04
6.191254e+02	2.467200e+04
6.195068e+02	2.467600e+04
6.198883e+02	-4.037000e+03
6.202698e+02	1.648500e+04
6.206512e+02	-2.857700e+04
6.210327e+02	-4.008000e+03
6.214142e+02	2.058100e+04
6.217957e+02	7.800000e+01
6.221771e+02	-2.447800e+04
6.225586e+02	-2.038100e+04
6.229401e+02	-3.269600e+04
6.233215e+02	-2.857200e+04
6.237030e+02	2.057000e+04
6.240845e+02	-3.267500e+04
6.244659e+02	-1.218800e+04
6.248474e+02	2.873900e+04
6.252289e+02	-2.857200e+04
6.256104e+02	-1.628600e+04
6.259918e+02	-1.221200e+04
6.263733e+02	2.877100e+04
6.267548e+02	-4.014000e+03
6.271362e+02	-4.001000e+03
6.275177e+02	-2.857300e+04
6.278992e+02	1.233600e+04
6.282806e+02	2.057900e+04
6.286621e+02	-1.629200e+04
6.290436e+02	-2.858300e+04
6.294250e+02	2.467600e+04
6.298065e+02	-3.269000e+04
6.301880e+02	-1.628900e+04
6.305695e+02	2.467000e+04
6.309509e+02	-1.630100e+04
6.313324e+02	-3.266700e+04
6.317139e+02	2.056800e+04
6.320953e+02	1.647900e+04
6.324768e+02	-3.266700e+04
6.328583e+02	-8.125000e+03
6.332397e+02	2.467400e+04
6.336212e+02	-4.001000e+03
6.340027e+02	2.875400e+04
6.343842e+02	2.467500e+04
6.347656e+02	4.177000e+03
6.351471e+02	2.057600e+04
6.355286e+02	-3.998000e+03
6.359100e+02	-2.861600e+04
6.362915e+02	-1.218900e+04
6.366730e+02	2.057300e+04
6.370544e+02	-1.629700e+04
6.374359e+02	-8.093000e+03
6.378174e+02	-2.040000e+04
6.381989e+02	2.467000e+04
6.385803e+02	-2.857900e+04
6.389618e+02	2.465700e+04
6.393433e+02	-1.628500e+04
6.397247e+02	2.875900e+04
6.401062e+02	2.466800e+04
6.404877e+02	1.648200e+04
6.408691e+02	2.872700e+04
6.412506e+02	2.057700e+04
6.416321e+02	-1.219600e+04
6.420136e+02	4.179000e+03
6.423950e+02	-2.447900e+04
6.427765e+02	-2.450200e+04
6.431580e+02	2.057600e+04
6.435394e+02	4.193000e+03
6.439209e+02	-1.221900e+04
6.443024e+02	-2.447800e+04
6.446838e+02	1.237700e+04
6.450653e+02	-8.102000e+03
6.454468e+02	8.291000e+03
6.458282e+02	8.262000e+03
6.462097e+02	2.057700e+04
6.465912e+02	-8.096000e+03
6.469727e+02	6.600000e+01
6.473541e+02	-3.267300e+04
6.477356e+02	4.177000e+03
6.481171e+02	-1.219500e+04
6.484985e+02	-2.857600e+04
6.488800e+02	-4.033000e+03
6.492615e+02	-3.267000e+04
6.496429e+02	8.284000e+03
6.500244e+02	-2.449000e+04
6.504059e+02	2.057800e+04
6.507874e+02	4.169000e+03
6.511688e+02	9.700000e+01
6.515503e+02	-1.628700e+04
6.519318e+02	-4.031000e+03
6.523132e+02	-3.267000e+04
6.526947e+02	-1.219800e+04
6.530762e+02	2.875700e+04
6.534576e+02	-4.001000e+03
6.538391e+02	1.645000e+04
6.542206e+02	-4.002000e+03
6.546021e+02	-8.102000e+03
6.549835e+02	-2.039300e+04
6.553650e+02	2.467600e+04
6.557465e+02	1.647100e+04
6.561279e+02	-2.858200e+04
6.565094e+02	-2.857700e+04
6.568909e+02	-2.450900e+04
6.572723e+02	-2.038300e+04
6.576538e+02	-8.102000e+03
6.580353e+02	-8.106000e+03
6.584167e+02	-2.038200e+04
6.587982e+02	-3.268700e+04
6.591797e+02	2.467000e+04
6.595612e+02	9.500000e+01
6.599426e+02	4.170000e+03
6.603241e+02	2.467500e+04
6.607056e+02	-3.267600e+04
6.610870e+02	2.875800e+04
6.614685e+02	-2.038300e+04
6.618500e+02	1.236900e+04
6.622314e+02	8.281000e+03
6.626129e+02	-1.220100e+04
6.629944e+02	-2.859300e+04
6.633759e+02	2.057500e+04
6.637573e+02	-4.019000e+03
6.641388e+02	-1.629400e+04
6.645203e+02	-8.099000e+03
6.649017e+02	-4.031000e+03
6.652832e+02	2.057500e+04
6.656647e+02	8.800000e+01
6.660461e+02	1.646900e+04
6.664276e+02	-1.628900e+04
6.668091e+02	8.266000e+03
6.671906e+02	-2.858100e+04
6.675720e+02	-2.448600e+04
6.679535e+02	8.270000e+03
6.683350e+02	1.648000e+04
6.687164e+02	-3.268500e+04
6.690979e+02	-3.267900e+04
6.694794e+02	-2.857700e+04
6.698608e+02	-2.452200e+04
6.702423e+02	2.467000e+04
6.706238e+02	-8.102000e+03
6.710052e+02	-2.040200e+04
6.713867e+02	4.191000e+03
6.717682e+02	-2.449800e+04
6.721497e+02	-2.858200e+04
6.725311e+02	-4.005000e+03
6.729126e+02	-4.027000e+03
6.732941e+02	-2.038400e+04
6.736755e+02	1.647300e+04
6.740570e+02	-1.630200e+04
6.744385e+02	-1.219400e+04
6.748199e+02	1.645500e+04
6.752014e+02	-4.005000e+03
6.755829e+02	8.284000e+03
6.759644e+02	-2.041400e+04
6.763458e+02	-2.448400e+04
6.767273e+02	-4.018000e+03
6.771088e+02	-1.629600e+04
6.774902e+02	-2.038700e+04
6.778717e+02	4.157000e+03
6.782532e+02	-2.448400e+04
6.786346e+02	-1.629700e+04
6.790161e+02	-8.110000e+03
6.793976e+02	-2.857800e+04
6.797791e+02	-2.450100e+04
6.801605e+02	4.184000e+03
6.805420e+02	-1.629600e+04
6.809235e+02	-2.040500e+04
6.813049e+02	-3.267300e+04
6.816864e+02	2.056500e+04
6.820679e+02	-1.220100e+04
6.824493e+02	-1.219200e+04
6.828308e+02	-1.220900e+04
6.832123e+02	8.600000e+01
6.835938e+02	8.278000e+03
6.839752e+02	-1.221400e+04
6.843567e+02	-2.038900e+04
6.847382e+02	7.500000e+01
6.851196e+02	1.647300e+04
6.855011e+02	9.100000e+01
6.858826e+02	2.873900e+04
6.862640e+02	2.467100e+04
6.866455e+02	-1.629600e+04
6.870270e+02	-8.109000e+03
6.874084e+02	-2.448100e+04
6.877899e+02	-4.019000e+03
6.881714e+02	-1.219800e+04
6.885529e+02	9.300000e+01
6.889343e+02	-1.223800e+04
6.893158e+02	2.466900e+04
6.896973e+02	-4.010000e+03
6.900787e+02	-4.018000e+03
6.904602e+02	2.057100e+04
6.908417e+02	4.159000e+03
6.912231e+02	-1.219900e+04
6.916046e+02	2.876100e+04
6.919861e+02	-1.221100e+04
6.923676e+02	-1.219600e+04
6.927490e+02	-4.015000e+03
6.931305e+02	8.300000e+01
6.935120e+02	2.466500e+04
6.938934e+02	-8.152000e+03
6.942749e+02	4.185000e+03
6.946564e+02	2.875500e+04
6.950378e+02	1.646500e+04
6.954193e+02	-1.629300e+04
6.958008e+02	-1.221900e+04
6.961823e+02	1.647200e+04
6.965637e+02	8.283000e+03
6.969452e+02	-2.041900e+04
6.973267e+02	8.277000e+03
6.977081e+02	-2.450500e+04
6.980896e+02	2.466000e+04
6.984711e+02	2.876100e+04
6.988525e+02	1.642700e+04
6.992340e+02	1.647300e+04
6.996155e+02	-8.108000e+03
6.999969e+02	1.236700e+04
7.003784e+02	4.189000e+03
7.007599e+02	2.056100e+04
7.011414e+02	2.056100e+04
7.015228e+02	-2.448800e+04
7.019043e+02	6.000000e+01
7.022858e+02	-2.859100e+04
7.026672e+02	4.171000e+03
7.030487e+02	1.646900e+04
7.034302e+02	2.466400e+04
7.038116e+02	-1.631800e+04
7.041931e+02	1.237800e+04
7.045746e+02	-1.220200e+04
7.049561e+02	1.645500e+04
7.053375e+02	4.187000e+03
7.057190e+02	-3.268800e+04
7.061005e+02	1.646300e+04
7.064819e+02	-1.220300e+04
7.068634e+02	-2.861300e+04
7.072449e+02	1.237700e+04
7.076263e+02	-8.110000e+03
7.080078e+02	2.465500e+04
7.083893e+02	2.057100e+04
7.087708e+02	-2.450100e+04
7.091522e+02	-2.039700e+04
7.095337e+02	2.466200e+04
7.099152e+02	-2.451700e+04
7.102966e+02	8.900000e+01
7.106781e+02	4.178000e+03
7.110596e+02	2.874800e+04
7.114410e+02	-1.629800e+04
7.118225e+02	4.156000e+03
7.122040e+02	-2.858800e+04
7.125855e+02	-1.220600e+04
7.129669e+02	7.000000e+01
7.133484e+02	-4.009000e+03
7.137299e+02	1.236400e+04
7.141113e+02	-2.449700e+04
7.144928e+02	2.465900e+04
7.148743e+02	-3.270700e+04
7.152557e+02	-2.858400e+04
7.156372e+02	1.237000e+04
7.160187e+02	2.465000e+04
7.164001e+02	1.647100e+04
7.167816e+02	-2.041200e+04
7.171631e+02	4.178000e+03
7.175446e+02	-2.858900e+04
7.179260e+02	-3.270500e+04
7.183075e+02	-1.630000e+04
7.186890e+02	2.464700e+04
7.190704e+02	1.236900e+04
7.194519e+02	8.278000e+03
7.198334e+02	5.100000e+01
7.202148e+02	1.237100e+04
7.205963e+02	-8.117000e+03
7.209778e+02	-1.220900e+04
7.213593e+02	2.876200e+04
7.217407e+02	1.236400e+04
7.221222e+02	-2.859300e+04
7.225037e+02	8.275000e+03
7.228851e+02	8.255000e+03
7.232666e+02	-8.106000e+03
7.236481e+02	8.271000e+03
7.240295e+02	-2.039900e+04
7.244110e+02	-3.267900e+04
7.247925e+02	-3.269700e+04
7.251740e+02	2.465700e+04
7.255554e+02	-2.449400e+04
7.259369e+02	-8.126000e+03
7.263184e+02	-2.039300e+04
7.266998e+02	-1.220900e+04
7.270813e+02	7.500000e+01
7.274628e+02	4.180000e+03
7.278442e+02	4.143000e+03
7.282257e+02	1.237300e+04
7.286072e+02	-1.220400e+04
7.289886e+02	2.870900e+04
7.293701e+02	-4.018000e+03
7.297516e+02	1.234600e+04
7.301331e+02	-2.449600e+04
7.305145e+02	2.056200e+04
7.308960e+02	-8.130000e+03
7.312775e+02	2.056500e+04
7.316589e+02	4.174000e+03
7.320404e+02	2.464900e+04
7.324219e+02	2.056600e+04
7.328033e+02	-3.269500e+04
7.331848e+02	-1.221300e+04
7.335663e+02	-2.859400e+04
7.339478e+02	-2.450600e+04
7.343292e+02	-1.220500e+04
7.347107e+02	8.267000e+03
7.350922e+02	-8.118000e+03
7.354736e+02	2.056300e+04
7.358551e+02	-3.269400e+04
7.362366e+02	-3.268900e+04
7.366180e+02	-3.269500e+04
7.369995e+02	-2.450900e+04
7.373810e+02	-2.040100e+04
7.377625e+02	6.100000e+01
7.381439e+02	-1.221000e+04
7.385254e+02	8.000000e+01
7.389069e+02	4.162000e+03
7.392883e+02	-1.630500e+04
7.396698e+02	-2.860200e+04
7.400513e+02	-1.221500e+04
7.404327e+02	2.055900e+04
7.408142e+02	-3.272400e+04
7.411957e+02	-1.630500e+04
7.415771e+02	-2.040500e+04
7.419586e+02	8.259000e+03
7.423401e+02	-2.858900e+04
7.427216e+02	1.236000e+04
7.431030e+02	-2.860400e+04
7.434845e+02	1.646000e+04
7.438660e+02	-2.452500e+04
7.442474e+02	1.236700e+04
7.446289e+02	2.874600e+04
7.450104e+02	-2.041000e+04
7.453918e+02	1.236700e+04
7.457733e+02	-1.633000e+04
7.461548e+02	2.465400e+04
7.465363e+02	-3.268900e+04
7.469177e+02	4.500000e+01
7.472992e+02	2.875100e+04
7.476807e+02	7.500000e+01
7.480621e+02	-8.123000e+03
7.484436e+02	-8.114000e+03
7.488251e+02	1.644000e+04
7.492065e+02	8.271000e+03
7.495880e+02	1.646800e+04
7.499695e+02	-1.630400e+04
7.503510e+02	-3.268900e+04
7.507324e+02	-3.269900e+04
7.511139e+02	1.235800e+04
7.514954e+02	-4.022000e+03
7.518768e+02	2.872800e+04
7.522583e+02	4.169000e+03
7.526398e+02	-2.040900e+04
7.530212e+02	2.464200e+04
7.534027e+02	4.170000e+03
7.537842e+02	-4.041000e+03
7.541657e+02	-4.028000e+03
7.545471e+02	7.300000e+01
7.549286e+02	2.055000e+04
7.553101e+02	7.800000e+01
7.556915e+02	-2.040800e+04
7.560730e+02	-3.271500e+04
7.564545e+02	1.236000e+04
7.568359e+02	-2.041400e+04
7.572174e+02	-4.037000e+03
7.575989e+02	-1.632300e+04
7.579803e+02	-8.138000e+03
7.583618e+02	-8.135000e+03
7.587433e+02	1.643300e+04
7.591248e+02	-3.270100e+04
7.595062e+02	-3.270000e+04
7.598877e+02	-2.452300e+04
7.602692e+02	-1.223400e+04
7.606506e+02	-2.863500e+04
7.610321e+02	-4.029000e+03
7.614136e+02	4.164000e+03
7.617950e+02	5.200000e+01
7.621765e+02	-2.860600e+04
7.625580e+02	6.200000e+01
7.629395e+02	-1.222000e+04
7.633209e+02	-1.221300e+04
7.637024e+02	-8.127000e+03
7.640839e+02	8.247000e+03
7.644653e+02	1.645400e+04
7.648468e+02	-1.223000e+04
7.652283e+02	-4.043000e+03
7.656097e+02	-2.860900e+04
7.659912e+02	4.147000e+03
7.663727e+02	-8.141000e+03
7.667542e+02	-3.271700e+04
7.671356e+02	-1.223900e+04
7.675171e+02	2.873500e+04
7.678986e+02	6.500000e+01
7.682800e+02	-2.041900e+04
7.686615e+02	-8.131000e+03
7.690430e+02	-2.860400e+04
7.694244e+02	-1.222100e+04
7.698059e+02	2.463900e+04
7.701874e+02	1.235100e+04
7.705688e+02	2.873700e+04
7.709503e+02	4.163000e+03
7.713318e+02	2.463700e+04
7.717133e+02	4.200000e+01
7.720947e+02	-1.635200e+04
7.724762e+02	-1.635200e+04
7.728577e+02	-3.272900e+04
7.732391e+02	8.237000e+03
7.736206e+02	1.235500e+04
7.740021e+02	1.645800e+04
7.743835e+02	1.236000e+04
7.747650e+02	-1.632400e+04
7.751465e+02	2.052100e+04
7.755280e+02	-3.273000e+04
7.759094e+02	-8.145000e+03
7.762909e+02	2.500000e+01
7.766724e+02	2.463500e+04
7.770538e+02	2.464300e+04
7.774353e+02	-1.223000e+04
7.778168e+02	2.463000e+04
7.781982e+02	-2.041200e+04
7.785797e+02	6.900000e+01
7.789612e+02	2.054900e+04
7.793427e+02	2.054300e+04
7.797241e+02	4.162000e+03
7.801056e+02	-4.021000e+03
7.804871e+02	-1.221900e+04
7.808685e+02	2.462700e+04
7.812500e+02	-8.121000e+03
7.816315e+02	-2.042000e+04
7.820129e+02	-4.037000e+03
7.823944e+02	-8.128000e+03
7.827759e+02	2.464000e+04
7.831573e+02	7.800000e+01
7.835388e+02	1.236100e+04
7.839203e+02	-4.034000e+03
7.843018e+02	-2.040200e+04
7.846832e+02	2.465000e+04
7.850647e+02	4.169000e+03
7.854462e+02	-2.859600e+04
7.858276e+02	8.250000e+03
7.862091e+02	4.164000e+03
7.865906e+02	8.254000e+03
7.869720e+02	4.160000e+03
7.873535e+02	-1.221400e+04
7.877350e+02	-8.125000e+03
7.881165e+02	1.236400e+04
7.884979e+02	-4.023000e+03
7.888794e+02	2.874600e+04
7.892609e+02	-1.220800e+04
7.896423e+02	2.054000e+04
7.900238e+02	4.180000e+03
7.904053e+02	-2.448900e+04
7.907867e+02	-4.031000e+03
7.911682e+02	-2.859100e+04
7.915497e+02	1.646500e+04
7.919312e+02	-2.451900e+04
7.923126e+02	-2.449500e+04
7.926941e+02	-8.126000e+03
7.930756e+02	-8.109000e+03
7.934570e+02	-1.629600e+04
7.938385e+02	2.054800e+04
7.942200e+02	2.055900e+04
7.946014e+02	2.874900e+04
7.949829e+02	-2.041000e+04
7.953644e+02	8.400000e+01
7.957459e+02	1.234600e+04
7.961273e+02	2.875700e+04
7.965088e+02	4.184000e+03
7.968903e+02	-8.140000e+03
7.972717e+02	-2.858400e+04
7.976532e+02	2.876000e+04
7.980347e+02	2.875500e+04
7.984161e+02	-8.109000e+03
7.987976e+02	-4.050000e+03
7.991791e+02	-2.449000e+04
7.995605e+02	-2.039700e+04
7.999420e+02	-2.859600e+04
8.003235e+02	2.876300e+04
8.007050e+02	-4.017000e+03
8.010864e+02	-2.859000e+04
8.014679e+02	-1.629500e+04
8.018494e+02	1.234700e+04
8.022308e+02	1.237400e+04
8.026123e+02	1.236800e+04
8.029938e+02	-8.112000e+03
8.033752e+02	-8.101000e+03
8.037567e+02	-4.026000e+03
8.041382e+02	-1.220000e+04
8.045197e+02	1.647500e+04
8.049011e+02	-1.222100e+04
8.052826e+02	-4.008000e+03
8.056641e+02	-3.269200e+04
8.060455e+02	8.279000e+03
8.064270e+02	9.100000e+01
8.068085e+02	2.464000e+04
8.071899e+02	8.289000e+03
8.075714e+02	-1.629100e+04
8.079529e+02	-1.221300e+04
8.083344e+02	-2.857600e+04
8.087158e+02	1.646800e+04
8.090973e+02	-2.448800e+04
8.094788e+02	2.057300e+04
8.098602e+02	8.255000e+03
8.102417e+02	-1.628800e+04
8.106232e+02	1.237700e+04
8.110046e+02	-2.039300e+04
8.113861e+02	1.648200e+04
8.117676e+02	-2.450400e+04
8.121490e+02	-4.000000e+03
8.125305e+02	-4.000000e+03
8.129120e+02	-1.221500e+04
8.132935e+02	-1.628500e+04
8.136749e+02	-3.268000e+04
8.140564e+02	-3.267500e+04
8.144379e+02	-1.628400e+04
8.148193e+02	6.500000e+01
8.152008e+02	1.648300e+04
8.155823e+02	2.876800e+04
8.159637e+02	2.466100e+04
8.163452e+02	2.467700e+04
8.167267e+02	2.875400e+04
8.171082e+02	2.467500e+04
8.174896e+02	8.293000e+03
8.178711e+02	-3.269300e+04
8.182526e+02	2.877600e+04
8.186340e+02	1.648000e+04
8.190155e+02	2.057500e+04
8.193970e+02	8.297000e+03
8.197784e+02	-2.040600e+04
8.201599e+02	2.877600e+04
8.205414e+02	2.877500e+04
8.209229e+02	-4.010000e+03
8.213043e+02	4.204000e+03
8.216858e+02	1.238500e+04
8.220673e+02	4.196000e+03
8.224487e+02	1.649100e+04
8.228302e+02	7.000000e+01
8.232117e+02	8.299000e+03
8.235931e+02	4.199000e+03
8.239746e+02	4.191000e+03
8.243561e+02	-2.446700e+04
8.247375e+02	1.237800e+04
8.251190e+02	2.468200e+04
8.255005e+02	8.300000e+03
8.258820e+02	-1.220400e+04
8.262634e+02	-8.081000e+03
8.266449e+02	1.239000e+04
8.270264e+02	1.648900e+04
8.274078e+02	2.468900e+04
8.277893e+02	-2.859400e+04
8.281708e+02	4.209000e+03
8.285522e+02	1.649500e+04
8.289337e+02	-8.096000e+03
8.293152e+02	2.469200e+04
8.296967e+02	-2.447400e+04
8.300781e+02	-2.856100e+04
8.304596e+02	1.240500e+04
8.308411e+02	-8.126000e+03
8.312225e+02	1.170000e+02
8.316040e+02	-2.856000e+04
8.319855e+02	-8.087000e+03
8.323669e+02	-1.626500e+04
8.327484e+02	-3.998000e+03
8.331299e+02	-1.217100e+04
8.335114e+02	-1.626500e+04
8.338928e+02	9.100000e+01
8.342743e+02	-2.855000e+04
8.346558e+02	4.210000e+03
8.350372e+02	-8.078000e+03
8.354187e+02	2.060400e+04
8.358002e+02	-1.629100e+04
8.361816e+02	-2.035700e+04
8.365631e+02	2.469800e+04
8.369446e+02	-1.218000e+04
8.373261e+02	1.651200e+04
8.377075e+02	1.649800e+04
8.380890e+02	1.241200e+04
8.384705e+02	1.651300e+04
8.388519e+02	2.875600e+04
8.392334e+02	4.228000e+03
8.396149e+02	-2.445000e+04
8.399963e+02	2.060300e+04
8.403778e+02	1.652000e+04
8.407593e+02	2.878600e+04
8.411407e+02	-2.444100e+04
8.415222e+02	2.880900e+04
8.419037e+02	2.059600e+04
8.422852e+02	-2.852900e+04
8.426666e+02	-1.625000e+04
8.430481e+02	-8.053000e+03
8.434296e+02	-2.442700e+04
8.438110e+02	1.130000e+02
8.441925e+02	-8.038000e+03
8.445740e+02	8.348000e+03
8.449554e+02	2.063000e+04
8.453369e+02	1.656000e+04
8.457184e+02	2.475900e+04
8.460999e+02	-3.915000e+03
8.464813e+02	-2.031000e+04
8.468628e+02	-2.854900e+04
8.472443e+02	4.255000e+03
8.476257e+02	8.340000e+03
8.480072e+02	-2.853100e+04
8.483887e+02	-3.947000e+03
8.487701e+02	1.241000e+04
8.491516e+02	8.335000e+03
8.495331e+02	1.410000e+02
8.499146e+02	-2.445700e+04
8.502960e+02	1.652500e+04
8.506775e+02	-8.065000e+03
8.510590e+02	-3.965000e+03
8.514404e+02	4.233000e+03
8.518219e+02	-4.010000e+03
8.522034e+02	-3.263400e+04
8.525848e+02	2.060900e+04
8.529663e+02	-1.216900e+04
8.533478e+02	-1.625100e+04
8.537292e+02	1.240300e+04
8.541107e+02	-3.264100e+04
8.544922e+02	-2.854300e+04
8.548737e+02	1.647600e+04
8.552551e+02	1.241700e+04
8.556366e+02	-3.264800e+04
8.560181e+02	-3.978000e+03
8.563995e+02	-3.969000e+03
8.567810e+02	-3.999000e+03
8.571625e+02	8.317000e+03
8.575439e+02	2.879500e+04
8.579254e+02	-1.628000e+04
8.583069e+02	-1.216300e+04
8.586884e+02	1.240000e+04
8.590698e+02	-1.217000e+04
8.594513e+02	-1.216500e+04
8.598328e+02	-1.631500e+04
8.602142e+02	-2.035800e+04
8.605957e+02	2.469300e+04
8.609772e+02	-8.083000e+03
8.613586e+02	2.469900e+04
8.617401e+02	-1.218400e+04
8.621216e+02	-1.626700e+04
8.625031e+02	-8.073000e+03
8.628845e+02	-4.013000e+03
8.632660e+02	4.216000e+03
8.636475e+02	-8.082000e+03
8.640289e+02	1.110000e+02
8.644104e+02	-2.036100e+04
8.647919e+02	-1.220000e+04
8.651733e+02	4.213000e+03
8.655548e+02	-1.627000e+04
8.659363e+02	-2.447600e+04
8.663178e+02	1.190000e+02
8.666992e+02	8.297000e+03
8.670807e+02	-2.446500e+04
8.674622e+02	8.308000e+03
8.678436e+02	-4.026000e+03
8.682251e+02	4.213000e+03
8.686066e+02	-3.986000e+03
8.689880e+02	1.239200e+04
8.693695e+02	-1.217200e+04
8.697510e+02	-1.219400e+04
8.701324e+02	-3.984000e+03
8.705139e+02	-2.446300e+04
8.708954e+02	-1.629700e+04
8.712769e+02	8.307000e+03
8.716583e+02	4.200000e+03
8.720398e+02	1.239600e+04
8.724213e+02	1.240300e+04
8.728027e+02	2.465700e+04
8.731842e+02	-3.265600e+04
8.735657e+02	1.090000e+02
8.739471e+02	-3.997000e+03
8.743286e+02	8.307000e+03
8.747101e+02	-1.628600e+04
8.750916e+02	-2.037100e+04
8.754730e+02	-2.855900e+04
8.758545e+02	5.400000e+01
8.762360e+02	1.240000e+04
8.766174e+02	-8.087000e+03
8.769989e+02	-2.447500e+04
8.773804e+02	-1.217600e+04
8.777618e+02	-2.858300e+04
8.781433e+02	1.090000e+02
8.785248e+02	-2.446800e+04
8.789063e+02	-3.267800e+04
8.792877e+02	1.649600e+04
8.796692e+02	4.196000e+03
8.800507e+02	-1.218400e+04
8.804321e+02	-2.446600e+04
8.808136e+02	-1.223300e+04
8.811951e+02	1.649500e+04
8.815765e+02	1.649100e+04
8.819580e+02	4.191000e+03
8.823395e+02	1.110000e+02
8.827209e+02	2.876400e+04
8.831024e+02	-1.627800e+04
8.834839e+02	-1.218000e+04
8.838654e+02	-1.221100e+04
8.842468e+02	8.302000e+03
8.846283e+02	8.292000e+03
8.850098e+02	-2.856900e+04
8.853912e+02	-1.627300e+04
8.857727e+02	-1.220400e+04
8.861542e+02	2.468400e+04
8.865356e+02	-3.989000e+03
8.869171e+02	-1.220300e+04
8.872986e+02	-1.217900e+04
8.876801e+02	-2.038300e+04
8.880615e+02	-8.090000e+03
8.884430e+02	-1.218000e+04
8.888245e+02	1.235600e+04
8.892059e+02	-1.627700e+04
8.895874e+02	-2.857000e+04
8.899689e+02	9.600000e+01
8.903503e+02	1.649300e+04
8.907318e+02	2.876000e+04
8.911133e+02	-1.627900e+04
8.914948e+02	4.203000e+03
8.918762e+02	-3.268800e+04
8.922577e+02	4.205000e+03
8.926392e+02	-3.998000e+03
8.930206e+02	-2.037800e+04
8.934021e+02	-2.446500e+04
8.937836e+02	-1.629200e+04
8.941650e+02	2.058300e+04
8.945465e+02	2.468000e+04
8.949280e+02	1.646700e+04
8.953094e+02	1.070000e+02
8.956909e+02	2.876600e+04
8.960724e+02	2.877200e+04
8.964539e+02	-8.087000e+03
8.968353e+02	-2.044100e+04
8.972168e+02	1.239400e+04
8.975983e+02	-8.092000e+03
8.979797e+02	-2.038700e+04
8.983612e+02	4.203000e+03
8.987427e+02	4.184000e+03
8.991241e+02	2.058200e+04
8.995056e+02	-3.993000e+03
8.998871e+02	8.268000e+03
9.002686e+02	-2.447100e+04
9.006500e+02	9.500000e+01
9.010315e+02	-2.857400e+04
9.014130e+02	-1.218300e+04
9.017944e+02	-1.222100e+04
9.021759e+02	-2.037500e+04
9.025574e+02	2.058300e+04
9.029388e+02	4.182000e+03
9.033203e+02	-8.087000e+03
9.037018e+02	-3.267800e+04
9.040833e+02	2.467700e+04
9.044647e+02	-2.037500e+04
9.048462e+02	-2.042700e+04
9.052277e+02	1.239200e+04
9.056091e+02	9.900000e+01
9.059906e+02	1.647500e+04
9.063721e+02	2.058400e+04
9.067535e+02	-8.113000e+03
9.071350e+02	1.648600e+04
9.075165e+02	-2.447400e+04
9.078980e+02	1.236500e+04
9.082794e+02	1.648800e+04
9.086609e+02	-2.857900e+04
9.090424e+02	-2.448000e+04
9.094238e+02	2.467900e+04
9.098053e+02	-2.861600e+04
9.101868e+02	-8.090000e+03
9.105682e+02	1.238600e+04
9.109497e+02	-2.448500e+04
9.113312e+02	2.877700e+04
9.117126e+02	2.056700e+04
9.120941e+02	-1.218800e+04
9.124756e+02	-2.447300e+04
9.128571e+02	-2.451400e+04
9.132385e+02	1.648800e+04
9.136200e+02	2.467300e+04
9.140015e+02	9.300000e+01
9.143829e+02	2.877600e+04
9.147644e+02	2.056100e+04
9.151459e+02	-3.996000e+03
9.155273e+02	2.467700e+04
9.159088e+02	2.055500e+04
9.162903e+02	-2.037800e+04
9.166718e+02	2.057100e+04
9.170532e+02	9.600000e+01
9.174347e+02	1.020000e+02
9.178162e+02	2.054200e+04
9.181976e+02	1.020000e+02
9.185791e+02	1.648100e+04
9.189606e+02	2.876100e+04
9.193420e+02	2.058300e+04
9.197235e+02	-2.449200e+04
9.201050e+02	-1.628600e+04
9.204865e+02	2.467600e+04
9.208679e+02	7.600000e+01
9.212494e+02	2.877500e+04
9.216309e+02	-1.219400e+04
9.220123e+02	-1.629200e+04
9.223938e+02	-3.266600e+04
9.227753e+02	7.300000e+01
9.231567e+02	8.292000e+03
9.235382e+02	2.467400e+04
9.239197e+02	8.500000e+01
9.243011e+02	-1.628200e+04
9.246826e+02	2.466400e+04
9.250641e+02	9.700000e+01
9.254456e+02	-2.037900e+04
9.258270e+02	-2.043500e+04
9.262085e+02	8.293000e+03
9.265900e+02	2.057500e+04
9.269714e+02	2.057000e+04
9.273529e+02	-2.447400e+04
9.277344e+02	-4.015000e+03
9.281158e+02	9.800000e+01
9.284973e+02	2.057800e+04
9.288788e+02	1.646500e+04
9.292603e+02	1.648700e+04
9.296417e+02	1.238100e+04
9.300232e+02	-8.099000e+03
9.304047e+02	-3.995000e+03
9.307861e+02	4.165000e+03
9.311676e+02	-3.997000e+03
9.315491e+02	-1.219200e+04
9.319305e+02	8.700000e+01
9.323120e+02	-3.994000e+03
9.326935e+02	4.183000e+03
9.330750e+02	-2.857500e+04
9.334564e+02	-2.447500e+04
9.338379e+02	-2.862300e+04
9.342194e+02	2.877300e+04
9.346008e+02	1.648000e+04
9.349823e+02	-1.629700e+04
9.353638e+02	1.648500e+04
9.357452e+02	4.176000e+03
9.361267e+02	-8.095000e+03
9.365082e+02	-3.999000e+03
9.368896e+02	-2.449700e+04
9.372711e+02	1.020000e+02
9.376526e+02	2.057100e+04
9.380341e+02	-1.219600e+04
9.384155e+02	1.648400e+04
9.387970e+02	2.052900e+04
9.391785e+02	-1.628500e+04
9.395599e+02	1.238300e+04
9.399414e+02	-3.268000e+04
9.403229e+02	-2.447500e+04
9.407043e+02	1.646100e+04
9.410858e+02	2.877400e+04
9.414673e+02	1.239300e+04
9.418488e+02	2.875800e+04
9.422302e+02	4.198000e+03
9.426117e+02	9.700000e+01
9.429932e+02	-2.858400e+04
9.433746e+02	-3.994000e+03
9.437561e+02	-1.629700e+04
9.441376e+02	-2.857600e+04
9.445190e+02	-3.997000e+03
9.449005e+02	-4.035000e+03
9.452820e+02	2.467400e+04
9.456635e+02	-1.219800e+04
9.460449e+02	-1.219900e+04
9.464264e+02	1.648200e+04
9.468079e+02	-3.270400e+04
9.471893e+02	-4.000000e+03
9.475708e+02	-2.448400e+04
9.479523e+02	4.182000e+03
9.483337e+02	2.058000e+04
9.487152e+02	2.056100e+04
9.490967e+02	-2.448000e+04
9.494782e+02	-2.038100e+04
9.498596e+02	-4.048000e+03
9.502411e+02	-1.219000e+04
9.506226e+02	-4.004000e+03
9.510040e+02	-2.039400e+04
9.513855e+02	2.467400e+04
9.517670e+02	-2.040800e+04
9.521484e+02	-2.038400e+04
9.525299e+02	2.057500e+04
9.529114e+02	-8.113000e+03
9.532928e+02	1.000000e+02
9.536743e+02	4.184000e+03
9.540558e+02	9.300000e+01
9.544373e+02	2.057800e+04
9.548187e+02	-8.133000e+03
9.552002e+02	-3.266900e+04
9.555817e+02	1.647900e+04
9.559631e+02	1.646700e+04
9.563446e+02	-8.094000e+03
9.567261e+02	-2.040200e+04
9.571075e+02	-2.448000e+04
9.574890e+02	-2.038200e+04
9.578705e+02	-3.270700e+04
9.582520e+02	2.467400e+04
9.586334e+02	2.466600e+04
9.590149e+02	9.100000e+01
9.593964e+02	-1.218900e+04
9.597778e+02	2.055400e+04
9.601593e+02	2.057600e+04
9.605408e+02	9.500000e+01
9.609222e+02	4.178000e+03
9.613037e+02	4.197000e+03
9.616852e+02	-2.038900e+04
9.620667e+02	2.876000e+04
9.624481e+02	-1.219200e+04
9.628296e+02	-8.126000e+03
9.632111e+02	4.192000e+03
9.635925e+02	-8.102000e+03
9.639740e+02	-2.858800e+04
9.643555e+02	-3.999000e+03
9.647369e+02	4.173000e+03
9.651184e+02	-2.038600e+04
9.654999e+02	8.288000e+03
9.658813e+02	1.235600e+04
9.662628e+02	8.288000e+03
9.666443e+02	4.180000e+03
9.670258e+02	-8.100000e+03
9.674072e+02	-8.094000e+03
9.677887e+02	8.260000e+03
9.681702e+02	1.648000e+04
9.685516e+02	-2.448400e+04
9.689331e+02	-2.449200e+04
9.693146e+02	1.000000e+02
9.696960e+02	-2.858700e+04
9.700775e+02	-2.858000e+04
9.704590e+02	2.057700e+04
9.708405e+02	-2.041600e+04
9.712219e+02	2.467400e+04
9.716034e+02	9.300000e+01
9.719849e+02	-2.039600e+04
9.723663e+02	-3.267000e+04
9.727478e+02	4.176000e+03
9.731293e+02	2.466900e+04
9.735107e+02	2.876600e+04
9.738922e+02	1.236300e+04
9.742737e+02	1.238700e+04
9.746552e+02	2.057100e+04
9.750366e+02	1.237300e+04
9.754181e+02	1.238300e+04
9.757996e+02	8.257000e+03
9.761810e+02	2.467200e+04
9.765625e+02	2.876500e+04
9.769440e+02	7.900000e+01
9.773254e+02	-8.096000e+03
9.777069e+02	8.200000e+01
9.780884e+02	-8.101000e+03
9.784698e+02	-2.857800e+04
9.788513e+02	-2.450000e+04
9.792328e+02	-2.447800e+04
9.796143e+02	-2.448500e+04
9.799957e+02	1.646900e+04
9.803772e+02	-4.000000e+03
9.807587e+02	-1.631600e+04
9.811401e+02	2.467200e+04
9.815216e+02	8.289000e+03
9.819031e+02	1.645000e+04
9.822845e+02	1.238300e+04
9.826660e+02	-3.268400e+04
9.830475e+02	-1.219900e+04
9.834290e+02	2.876700e+04
9.838104e+02	-2.861700e+04
9.841919e+02	-2.448000e+04
9.845734e+02	1.647600e+04
9.849548e+02	1.237000e+04
9.853363e+02	-2.447900e+04
9.857178e+02	8.272000e+03
9.860992e+02	1.238100e+04
9.864807e+02	-2.038400e+04
9.868622e+02	4.166000e+03
9.872437e+02	-3.267300e+04
9.876251e+02	2.876000e+04
9.880066e+02	-3.268000e+04
9.883881e+02	-3.998000e+03
9.887695e+02	-2.449200e+04
9.891510e+02	2.466200e+04
9.895325e+02	-2.858500e+04
9.899139e+02	-2.449700e+04
9.902954e+02	-8.098000e+03
9.906769e+02	1.236700e+04
9.910584e+02	4.186000e+03
9.914398e+02	1.238100e+04
9.918213e+02	1.644600e+04
9.922028e+02	-2.038500e+04
9.925842e+02	-2.039300e+04
9.929657e+02	-2.039300e+04
9.933472e+02	-2.038300e+04
9.937286e+02	2.055600e+04
9.941101e+02	8.285000e+03
9.944916e+02	2.057300e+04
9.948730e+02	7.500000e+01
9.952545e+02	-8.095000e+03
9.956360e+02	-8.105000e+03
9.960175e+02	-3.268000e+04
9.963989e+02	-4.000000e+03
9.967804e+02	8.255000e+03
9.971619e+02	-2.857700e+04
9.975433e+02	2.876600e+04
9.979248e+02	1.236200e+04
9.983063e+02	-8.097000e+03
9.986877e+02	1.646500e+04
9.990692e+02	2.057200e+04
9.994507e+02	4.193000e+03
9.998322e+02	1.644600e+04
1.000214e+03	-2.448300e+04
1.000595e+03	1.647200e+04
1.000977e+03	8.400000e+01
1.001358e+03	2.057600e+04
1.001740e+03	-1.631100e+04
1.002121e+03	-2.448300e+04
1.002502e+03	-2.448100e+04
1.002884e+03	2.055400e+04
1.003265e+03	4.191000e+03
1.003647e+03	-1.629900e+04
1.004028e+03	-2.858500e+04
1.004410e+03	-8.097000e+03
1.004791e+03	-8.124000e+03
1.005173e+03	-3.267400e+04
1.005554e+03	-1.219500e+04
1.005936e+03	2.054600e+04
1.006317e+03	1.647700e+04
1.006699e+03	-2.449700e+04
1.007080e+03	2.056800e+04
1.007462e+03	-2.448400e+04
1.007843e+03	-1.633300e+04
1.008224e+03	-1.219600e+04
1.008606e+03	-4.013000e+03
1.008987e+03	1.647100e+04
1.009369e+03	-2.038400e+04
1.009750e+03	1.646100e+04
1.010132e+03	2.057000e+04
1.010513e+03	-4.006000e+03
1.010895e+03	2.055000e+04
1.011276e+03	-1.629100e+04
1.011658e+03	-3.268800e+04
1.012039e+03	2.466400e+04
1.012421e+03	-3.267500e+04
1.012802e+03	2.870500e+04
1.013184e+03	-1.219500e+04
1.013565e+03	-3.268000e+04
1.013947e+03	2.465900e+04
1.014328e+03	-2.857600e+04
1.014709e+03	2.875300e+04
1.015091e+03	-2.858400e+04
1.015472e+03	-8.101000e+03
1.015854e+03	-3.269600e+04
1.016235e+03	2.876600e+04
1.016617e+03	-8.108000e+03
1.016998e+03	-1.629900e+04
1.017380e+03	2.876600e+04
1.017761e+03	1.645000e+04
1.018143e+03	-8.102000e+03
1.018524e+03	8.279000e+03
1.018906e+03	4.180000e+03
1.019287e+03	2.057700e+04
1.019669e+03	-2.039800e+04
1.020050e+03	1.237800e+04
1.020432e+03	-2.038500e+04
1.020813e+03	-2.860400e+04
1.021194e+03	1.238100e+04
1.021576e+03	-2.858500e+04
1.021957e+03	-4.011000e+03
1.022339e+03	-1.219200e+04
1.022720e+03	-2.040100e+04
1.023102e+03	4.185000e+03
1.023483e+03	-2.448600e+04
1.023865e+03	-1.221300e+04
1.024246e+03	-1.219200e+04
1.024628e+03	-1.629700e+04
1.025009e+03	2.056600e+04
1.025391e+03	1.648000e+04
1.025772e+03	-8.119000e+03
1.026154e+03	-4.006000e+03
1.026535e+03	2.057000e+04
1.026917e+03	-2.450400e+04
1.027298e+03	-2.857900e+04
1.027679e+03	-8.116000e+03
1.028061e+03	-3.267800e+04
1.028442e+03	-8.098000e+03
1.028824e+03	-2.453400e+04
1.029205e+03	-2.038700e+04
1.029587e+03	9.100000e+01
1.029968e+03	-2.039600e+04
1.030350e+03	2.057300e+04
1.030731e+03	4.164000e+03
1.031113e+03	-1.219700e+04
1.031494e+03	2.876400e+04
1.031876e+03	-2.040600e+04
1.032257e+03	2.876600e+04
1.032639e+03	2.465900e+04
1.033020e+03	8.279000e+03
1.033401e+03	8.286000e+03
1.033783e+03	2.054800e+04
1.034164e+03	2.057500e+04
1.034546e+03	9.400000e+01
1.034927e+03	8.255000e+03
1.035309e+03	-2.038800e+04
1.035690e+03	-3.268900e+04
1.036072e+03	1.237700e+04
1.036453e+03	-2.038600e+04
1.036835e+03	7.600000e+01
1.037216e+03	1.237600e+04
1.037598e+03	2.465700e+04
1.037979e+03	1.646800e+04
1.038361e+03	4.188000e+03
1.038742e+03	-2.861100e+04
1.039124e+03	-3.267700e+04
1.039505e+03	1.237800e+04
1.039886e+03	1.645500e+04
1.040268e+03	-8.100000e+03
1.040649e+03	2.465700e+04
1.041031e+03	2.875800e+04
1.041412e+03	1.647400e+04
1.041794e+03	2.463500e+04
1.042175e+03	-3.267500e+04
1.042557e+03	-3.268300e+04
1.042938e+03	2.466100e+04
1.043320e+03	8.288000e+03
1.043701e+03	-4.022000e+03
1.044083e+03	1.238000e+04
1.044464e+03	2.876600e+04
1.044846e+03	2.463100e+04
1.045227e+03	-2.857800e+04
1.045609e+03	8.280000e+03
1.045990e+03	4.178000e+03
1.046371e+03	-1.629100e+04
1.046753e+03	-8.124000e+03
1.047134e+03	2.876300e+04
1.047516e+03	2.466700e+04
1.047897e+03	-2.451200e+04
1.048279e+03	2.466800e+04
1.048660e+03	-1.220900e+04
1.049042e+03	-1.629800e+04
1.049423e+03	-2.448400e+04
1.049805e+03	8.261000e+03
1.050186e+03	4.188000e+03
1.050568e+03	1.237500e+04
1.050949e+03	-3.269100e+04
1.051331e+03	2.466700e+04
1.051712e+03	-2.860600e+04
1.052094e+03	-2.858200e+04
1.052475e+03	-1.629500e+04
1.052856e+03	-8.115000e+03
1.053238e+03	8.288000e+03
1.053619e+03	-2.039300e+04
1.054001e+03	1.237100e+04
1.054382e+03	2.876400e+04
1.054764e+03	4.151000e+03
1.055145e+03	9.300000e+01
1.055527e+03	-2.448500e+04
1.055908e+03	4.163000e+03
1.056290e+03	2.876300e+04
1.056671e+03	1.236200e+04
1.057053e+03	8.900000e+01
1.057434e+03	-4.005000e+03
1.057816e+03	4.152000e+03
1.058197e+03	2.876500e+04
1.058578e+03	2.056700e+04
1.058960e+03	-2.859000e+04
1.059341e+03	4.189000e+03
1.059723e+03	-3.270300e+04
1.060104e+03	-1.629300e+04
1.060486e+03	-1.629300e+04
1.060867e+03	-3.269900e+04
1.061249e+03	-1.629100e+04
1.061630e+03	-4.014000e+03
1.062012e+03	4.185000e+03
1.062393e+03	4.191000e+03
1.062775e+03	-3.270200e+04
1.063156e+03	2.876300e+04
1.063538e+03	1.647200e+04
1.063919e+03	-1.630600e+04
1.064301e+03	-2.448200e+04
1.064682e+03	-8.115000e+03
1.065063e+03	1.647400e+04
1.065445e+03	-2.857800e+04
1.065826e+03	4.142000e+03
1.066208e+03	4.188000e+03
1.066589e+03	1.647100e+04
1.066971e+03	-3.268800e+04
1.067352e+03	2.057300e+04
1.067734e+03	-2.450400e+04
1.068115e+03	-1.219900e+04
1.068497e+03	-2.858200e+04
1.068878e+03	2.054600e+04
1.069260e+03	2.876500e+04
1.069641e+03	-2.039600e+04
1.070023e+03	-3.268500e+04
1.070404e+03	9.100000e+01
1.070786e+03	-2.863700e+04
1.071167e+03	-1.219600e+04
1.071548e+03	4.186000e+03
1.071930e+03	1.645800e+04
1.072311e+03	2.876400e+04
1.072693e+03	2.465200e+04
1.073074e+03	-2.039200e+04
1.073456e+03	1.238000e+04
1.073837e+03	-2.043900e+04
1.074219e+03	-2.858100e+04
1.074600e+03	-1.220300e+04
1.074982e+03	2.875000e+04
1.075363e+03	4.187000e+03
1.075745e+03	2.874200e+04
1.076126e+03	2.056900e+04
1.076508e+03	-2.858400e+04
1.076889e+03	7.400000e+01
1.077271e+03	2.057000e+04
1.077652e+03	-3.269400e+04
1.078033e+03	4.186000e+03
1.078415e+03	1.647600e+04
1.078796e+03	5.100000e+01
1.079178e+03	1.647800e+04
1.079559e+03	-1.629500e+04
1.079941e+03	2.055600e+04
1.080322e+03	2.876500e+04
1.080704e+03	2.055900e+04
1.081085e+03	1.646800e+04
1.081467e+03	-8.106000e+03
1.081848e+03	-1.221700e+04
1.082230e+03	-1.219600e+04
1.082611e+03	-2.859000e+04
1.082993e+03	-4.011000e+03
1.083374e+03	-2.038700e+04
1.083755e+03	2.874100e+04
1.084137e+03	-1.629600e+04
1.084518e+03	-1.220200e+04
1.084900e+03	8.000000e+01
1.085281e+03	1.647700e+04
1.085663e+03	-4.019000e+03
1.086044e+03	-2.858600e+04
1.086426e+03	-1.629500e+04
1.086807e+03	2.874200e+04
1.087189e+03	-4.002000e+03
1.087570e+03	2.876100e+04
1.087952e+03	-4.016000e+03
1.088333e+03	-1.219600e+04
1.088715e+03	1.236100e+04
1.089096e+03	-1.629300e+04
1.089478e+03	-2.038900e+04
1.089859e+03	2.464200e+04
1.090240e+03	1.238200e+04
1.090622e+03	-2.449100e+04
1.091003e+03	2.056300e+04
1.091385e+03	1.238100e+04
1.091766e+03	-3.270100e+04
1.092148e+03	2.056800e+04
1.092529e+03	8.500000e+01
1.092911e+03	-1.630400e+04
1.093292e+03	4.191000e+03
1.093674e+03	2.056200e+04
1.094055e+03	1.647100e+04
1.094437e+03	2.876400e+04
1.094818e+03	2.052900e+04
1.095200e+03	-3.267800e+04
1.095581e+03	-4.012000e+03
1.095963e+03	-1.220700e+04
1.096344e+03	-2.038700e+04
1.096725e+03	-1.630800e+04
1.097107e+03	-4.010000e+03
1.097488e+03	1.647400e+04
1.097870e+03	2.055300e+04
1.098251e+03	-2.858400e+04
1.098633e+03	7.500000e+01
1.099014e+03	4.182000e+03
1.099396e+03	-3.267800e+04
1.099777e+03	2.051200e+04
1.100159e+03	9.100000e+01
1.100540e+03	-2.858500e+04
1.100922e+03	-2.450600e+04
1.101303e+03	-4.010000e+03
1.101685e+03	-1.223300e+04
1.102066e+03	-2.857900e+04
1.102448e+03	-3.267600e+04
1.102829e+03	-8.122000e+03
1.103210e+03	2.057500e+04
1.103592e+03	-4.008000e+03
1.103973e+03	8.270000e+03
1.104355e+03	-8.102000e+03
1.104736e+03	-1.632300e+04
1.105118e+03	9.200000e+01
1.105499e+03	4.186000e+03
1.105881e+03	1.645900e+04
1.106262e+03	4.191000e+03
1.106644e+03	8.277000e+03
1.107025e+03	-1.630100e+04
1.107407e+03	9.200000e+01
1.107788e+03	-1.632600e+04
1.108170e+03	-4.007000e+03
1.108551e+03	-2.858600e+04
1.108932e+03	-1.220900e+04
1.109314e+03	9.200000e+01
1.109695e+03	-2.040800e+04
1.110077e+03	-1.629500e+04
1.110458e+03	-8.101000e+03
1.110840e+03	2.464100e+04
1.111221e+03	-4.006000e+03
1.111603e+03	-3.268700e+04
1.111984e+03	-1.630000e+04
1.112366e+03	9.300000e+01
1.112747e+03	-2.451300e+04
1.113129e+03	-1.219800e+04
1.113510e+03	-4.007000e+03
1.113892e+03	-3.269800e+04
1.114273e+03	9.200000e+01
1.114655e+03	-8.113000e+03
1.115036e+03	8.500000e+01
1.115417e+03	-4.007000e+03
1.115799e+03	4.142000e+03
1.116180e+03	-2.448500e+04
1.116562e+03	4.182000e+03
1.116943e+03	-4.015000e+03
1.117325e+03	-1.219600e+04
1.117706e+03	2.874200e+04
1.118088e+03	-1.219700e+04
1.118469e+03	-2.038700e+04
1.118851e+03	2.053400e+04
1.119232e+03	-2.858200e+04
1.119614e+03	2.466000e+04
1.119995e+03	-2.449400e+04
1.120377e+03	8.282000e+03
1.120758e+03	-2.043000e+04
1.121140e+03	2.057100e+04
1.121521e+03	-2.858400e+04
1.121902e+03	2.055200e+04
1.122284e+03	2.466800e+04
1.122665e+03	8.271000e+03
1.123047e+03	-2.449200e+04
1.123428e+03	-3.267900e+04
1.123810e+03	2.873300e+04
1.124191e+03	2.876300e+04
1.124573e+03	-8.106000e+03
1.124954e+03	1.646000e+04
1.125336e+03	-4.009000e+03
1.125717e+03	-8.125000e+03
1.126099e+03	-1.629500e+04
1.126480e+03	-8.107000e+03
1.126862e+03	8.273000e+03
1.127243e+03	-4.002000e+03
1.127625e+03	2.465800e+04
1.128006e+03	2.056600e+04
1.128387e+03	-2.448400e+04
1.128769e+03	8.246000e+03
1.129150e+03	-4.005000e+03
1.129532e+03	-8.104000e+03
1.129913e+03	2.055600e+04
1.130295e+03	-4.004000e+03
1.130676e+03	8.270000e+03
1.131058e+03	1.237400e+04
1.131439e+03	1.647400e+04
1.131821e+03	-2.042300e+04
1.132202e+03	2.876000e+04
1.132584e+03	2.055400e+04
1.132965e+03	1.237600e+04
1.133347e+03	1.238200e+04
1.133728e+03	8.259000e+03
1.134109e+03	-4.005000e+03
1.134491e+03	-3.267800e+04
1.134872e+03	7.300000e+01
1.135254e+03	1.238200e+04
1.135635e+03	-2.449400e+04
1.136017e+03	-3.268200e+04
1.136398e+03	-8.099000e+03
1.136780e+03	-8.121000e+03
1.137161e+03	-2.448600e+04
1.137543e+03	1.647100e+04
1.137924e+03	-2.859300e+04
1.138306e+03	-2.448200e+04
1.138687e+03	2.875400e+04
1.139069e+03	-4.014000e+03
1.139450e+03	8.800000e+01
1.139832e+03	-2.041700e+04
1.140213e+03	-1.219700e+04
1.140594e+03	-1.630100e+04
1.140976e+03	2.875400e+04
1.141357e+03	9.200000e+01
1.141739e+03	2.054700e+04
1.142120e+03	1.647400e+04
1.142502e+03	4.186000e+03
1.142883e+03	2.873000e+04
1.143265e+03	1.647200e+04
1.143646e+03	2.055200e+04
1.144028e+03	-1.220100e+04
1.144409e+03	8.282000e+03
1.144791e+03	1.234800e+04
1.145172e+03	-2.858000e+04
1.145554e+03	-2.858700e+04
1.145935e+03	-1.220600e+04
1.146317e+03	9.400000e+01
1.146698e+03	4.170000e+03
1.147079e+03	-1.629500e+04
1.147461e+03	-2.858100e+04
1.147842e+03	-2.041900e+04
1.148224e+03	2.057300e+04
1.148605e+03	-2.449100e+04
1.148987e+03	-3.268700e+04
1.149368e+03	-2.038800e+04
1.149750e+03	-4.028000e+03
1.150131e+03	-2.039200e+04
1.150513e+03	-1.629600e+04
1.150894e+03	2.054800e+04
1.151276e+03	-3.267800e+04
1.151657e+03	4.174000e+03
1.152039e+03	-4.012000e+03
1.152420e+03	1.237700e+04
1.152802e+03	-1.222600e+04
1.153183e+03	4.185000e+03
1.153564e+03	2.875000e+04
1.153946e+03	4.182000e+03
1.154327e+03	2.876500e+04
1.154709e+03	-3.270400e+04
1.155090e+03	-2.038900e+04
1.155472e+03	2.466800e+04
1.155853e+03	-1.631800e+04
1.156235e+03	-8.102000e+03
1.156616e+03	1.646300e+04
1.156998e+03	-2.858600e+04
1.157379e+03	9.300000e+01
1.157761e+03	2.463700e+04
1.158142e+03	1.237800e+04
1.158524e+03	-2.858400e+04
1.158905e+03	-4.024000e+03
1.159287e+03	-4.007000e+03
1.159668e+03	2.055000e+04
1.160049e+03	4.183000e+03
1.160431e+03	8.800000e+01
1.160812e+03	2.464700e+04
1.161194e+03	-2.448300e+04
1.161575e+03	2.875600e+04
1.161957e+03	2.056500e+04
1.162338e+03	8.286000e+03
1.162720e+03	2.874300e+04
1.163101e+03	-2.039100e+04
1.163483e+03	-2.448800e+04
1.163864e+03	1.645900e+04
1.164246e+03	-2.857800e+04
1.164627e+03	1.646800e+04
1.165009e+03	-2.858900e+04
1.165390e+03	-1.629300e+04
1.165771e+03	5.300000e+01
1.166153e+03	-2.039000e+04
1.166534e+03	8.280000e+03
1.166916e+03	-2.041000e+04
1.167297e+03	-2.448800e+04
1.167679e+03	-2.860700e+04
1.168060e+03	1.237700e+04
1.168442e+03	-1.629600e+04
1.168823e+03	4.165000e+03
1.169205e+03	-3.267600e+04
1.169586e+03	8.100000e+01
1.169968e+03	8.600000e+01
1.170349e+03	2.876400e+04
1.170731e+03	-4.028000e+03
1.171112e+03	8.284000e+03
1.171494e+03	-1.629700e+04
1.171875e+03	-4.018000e+03
1.172256e+03	2.876500e+04
1.172638e+03	-3.269900e+04
1.173019e+03	-1.219500e+04
1.173401e+03	-1.219200e+04
1.173782e+03	-8.135000e+03
1.174164e+03	2.876400e+04
1.174545e+03	8.279000e+03
1.174927e+03	-3.268400e+04
1.175308e+03	-2.038400e+04
1.175690e+03	1.646400e+04
1.176071e+03	-1.219900e+04
1.176453e+03	4.190000e+03
1.176834e+03	-2.862100e+04
1.177216e+03	-4.004000e+03
1.177597e+03	-2.039300e+04
1.177979e+03	-2.040200e+04
1.178360e+03	1.237900e+04
1.178741e+03	-2.861100e+04
1.179123e+03	2.466700e+04
1.179504e+03	2.876200e+04
1.179886e+03	8.265000e+03
1.180267e+03	-2.038800e+04
1.180649e+03	-1.220800e+04
1.181030e+03	-3.268500e+04
1.181412e+03	2.466400e+04
1.181793e+03	-1.631800e+04
1.182175e+03	9.300000e+01
1.182556e+03	-2.858800e+04
1.182938e+03	-1.630000e+04
1.183319e+03	2.876600e+04
1.183701e+03	2.055200e+04
1.184082e+03	-2.038800e+04
1.184464e+03	-4.004000e+03
1.184845e+03	-1.222400e+04
1.185226e+03	-2.857900e+04
1.185608e+03	2.056300e+04
1.185989e+03	2.875800e+04
1.186371e+03	-3.267500e+04
1.186752e+03	1.233800e+04
1.187134e+03	1.238100e+04
1.187515e+03	4.186000e+03
1.187897e+03	-8.114000e+03
1.188278e+03	-4.001000e+03
1.188660e+03	-8.110000e+03
1.189041e+03	-3.268000e+04
1.189423e+03	-1.629100e+04
1.189804e+03	-1.223800e+04
1.190186e+03	2.057300e+04
1.190567e+03	-2.039200e+04
1.190948e+03	-2.040000e+04
1.191330e+03	8.286000e+03
1.191711e+03	2.874800e+04
1.192093e+03	1.647300e+04
1.192474e+03	2.057000e+04
1.192856e+03	8.262000e+03
1.193237e+03	-2.857800e+04
1.193619e+03	-8.107000e+03
1.194000e+03	-2.859000e+04
1.194382e+03	-2.448500e+04
1.194763e+03	4.800000e+01
1.195145e+03	-2.448400e+04
1.195526e+03	8.900000e+01
1.195908e+03	-2.449900e+04
1.196289e+03	-2.857800e+04
1.196671e+03	-8.112000e+03
1.197052e+03	-2.449000e+04
1.197433e+03	-1.219900e+04
1.197815e+03	-2.041200e+04
1.198196e+03	9.500000e+01
1.198578e+03	-1.220100e+04
1.198959e+03	-2.859100e+04
1.199341e+03	2.876500e+04
1.199722e+03	-4.027000e+03
1.200104e+03	-2.448600e+04
1.200485e+03	2.466500e+04
1.200867e+03	8.267000e+03
1.201248e+03	-1.219400e+04
1.201630e+03	1.646600e+04
1.202011e+03	1.647200e+04
1.202393e+03	-2.857800e+04
1.202774e+03	2.054100e+04
1.203156e+03	-1.219700e+04
1.203537e+03	-2.858400e+04
1.203918e+03	4.173000e+03
1.204300e+03	8.284000e+03
1.204681e+03	1.645000e+04
1.205063e+03	-8.101000e+03
1.205444e+03	1.647600e+04
1.205826e+03	2.874100e+04
1.206207e+03	-3.267300e+04
1.206589e+03	8.279000e+03
1.206970e+03	-2.449200e+04
1.207352e+03	2.876500e+04
1.207733e+03	8.240000e+03
1.208115e+03	1.647800e+04
1.208496e+03	9.200000e+01
1.208878e+03	-2.859600e+04
1.209259e+03	-1.219300e+04
1.209641e+03	2.056300e+04
1.210022e+03	-4.008000e+03
1.210403e+03	8.286000e+03
1.210785e+03	-1.222800e+04
1.211166e+03	-1.629000e+04
1.211548e+03	-2.448700e+04
1.211929e+03	1.646600e+04
1.212311e+03	1.648000e+04
1.212692e+03	-3.268800e+04
1.213074e+03	-2.448800e+04
1.213455e+03	2.876300e+04
1.213837e+03	-2.860700e+04
1.214218e+03	-1.219500e+04
1.214600e+03	4.180000e+03
1.214981e+03	8.900000e+01
1.215363e+03	2.467100e+04
1.215744e+03	-2.040800e+04
1.216125e+03	-2.038800e+04
1.216507e+03	-3.267900e+04
1.216888e+03	-3.269000e+04
1.217270e+03	4.190000e+03
1.217651e+03	2.055400e+04
1.218033e+03	4.188000e+03
1.218414e+03	2.057300e+04
1.218796e+03	-3.270100e+04
1.219177e+03	2.467200e+04
1.219559e+03	-2.448800e+04
1.219940e+03	2.875500e+04
1.220322e+03	9.300000e+01
1.220703e+03	-2.451600e+04
1.221085e+03	9.900000e+01
1.221466e+03	-4.000000e+03
1.221848e+03	7.500000e+01
1.222229e+03	4.194000e+03
1.222610e+03	2.056700e+04
1.222992e+03	1.237700e+04
1.223373e+03	-2.038400e+04
1.223755e+03	1.235100e+04
1.224136e+03	-2.448100e+04
1.224518e+03	-1.219800e+04
1.224899e+03	-3.268100e+04
1.225281e+03	4.196000e+03
1.225662e+03	2.056500e+04
1.226044e+03	1.238000e+04
1.226425e+03	4.192000e+03
1.226807e+03	5.600000e+01
1.227188e+03	8.289000e+03
1.227570e+03	4.185000e+03
1.227951e+03	1.237800e+04
1.228333e+03	-8.093000e+03
1.228714e+03	-2.859300e+04
1.229095e+03	-1.219400e+04
1.229477e+03	2.057600e+04
1.229858e+03	-2.860300e+04
1.230240e+03	-4.001000e+03
1.230621e+03	4.179000e+03
1.231003e+03	9.200000e+01
1.231384e+03	-2.857500e+04
1.231766e+03	-4.045000e+03
1.232147e+03	2.057600e+04
1.232529e+03	-3.267700e+04
1.232910e+03	1.647000e+04
1.233292e+03	-1.219100e+04
1.233673e+03	4.168000e+03
1.234055e+03	8.290000e+03
1.234436e+03	1.238700e+04
1.234818e+03	-2.861100e+04
1.235199e+03	-1.628600e+04
1.235580e+03	-1.219800e+04
1.235962e+03	4.186000e+03
1.236343e+03	-2.447800e+04
1.236725e+03	-4.042000e+03
1.237106e+03	2.877100e+04
1.237488e+03	-2.857500e+04
1.237869e+03	8.000000e+01
1.238251e+03	2.467600e+04
1.238632e+03	1.647100e+04
1.239014e+03	8.286000e+03
1.239395e+03	2.057800e+04
1.239777e+03	-4.030000e+03
1.240158e+03	1.020000e+02
1.240540e+03	-2.038400e+04
1.240921e+03	-1.629800e+04
1.241302e+03	1.238900e+04
1.241684e+03	-4.016000e+03
1.242065e+03	9.800000e+01
1.242447e+03	1.648300e+04
1.242828e+03	2.055200e+04
1.243210e+03	-3.996000e+03
1.243591e+03	-2.448700e+04
1.243973e+03	8.288000e+03
1.244354e+03	2.877400e+04
1.244736e+03	2.054300e+04
1.245117e+03	4.199000e+03
1.245499e+03	-1.628400e+04
1.245880e+03	4.178000e+03
1.246262e+03	-2.447400e+04
1.246643e+03	-2.858700e+04
1.247025e+03	1.648400e+04
1.247406e+03	-2.037700e+04
1.247787e+03	-3.272400e+04
1.248169e+03	-2.856900e+04
1.248550e+03	1.648100e+04
1.248932e+03	-8.100000e+03
1.249313e+03	1.648800e+04
1.249695e+03	-1.221500e+04
1.250076e+03	8.296000e+03
1.250458e+03	-1.628100e+04
1.250839e+03	8.200000e+01
1.251221e+03	-2.447000e+04
1.251602e+03	4.191000e+03
1.251984e+03	-3.266800e+04
1.252365e+03	2.058700e+04
1.252747e+03	-2.041300e+04
1.253128e+03	-3.990000e+03
1.253510e+03	8.296000e+03
1.253891e+03	1.647500e+04
1.254272e+03	-1.218000e+04
1.254654e+03	2.876400e+04
1.255035e+03	-2.037600e+04
1.255417e+03	-2.446800e+04
1.255798e+03	1.644900e+04
1.256180e+03	-3.266000e+04
1.256561e+03	-2.447600e+04
1.256943e+03	2.467800e+04
1.257324e+03	-8.081000e+03
1.257706e+03	2.466000e+04
1.258087e+03	-2.856200e+04
1.258469e+03	1.649400e+04
1.258850e+03	2.876200e+04
1.259232e+03	-3.983000e+03
1.259613e+03	-3.995000e+03
1.259995e+03	-3.266000e+04
1.260376e+03	-3.982000e+03
1.260757e+03	4.155000e+03
1.261139e+03	-8.077000e+03
1.261520e+03	4.208000e+03
1.261902e+03	8.296000e+03
1.262283e+03	8.311000e+03
1.262665e+03	-2.038100e+04
1.263046e+03	-2.445900e+04
1.263428e+03	1.240800e+04
1.263809e+03	-3.267700e+04
1.264191e+03	1.240000e+02
1.264572e+03	-3.981000e+03
1.264954e+03	-2.445800e+04
1.265335e+03	-2.444800e+04
1.265717e+03	-2.857500e+04
1.266098e+03	-1.625400e+04
1.266479e+03	1.310000e+02
1.266861e+03	-3.264900e+04
1.267242e+03	-2.033900e+04
1.267624e+03	-2.854100e+04
1.268005e+03	1.653100e+04
1.268387e+03	1.630000e+02
1.268768e+03	-1.621800e+04
1.269150e+03	1.654600e+04
1.269531e+03	-3.952000e+03
1.269913e+03	-1.215600e+04
1.270294e+03	1.242800e+04
1.270676e+03	2.468900e+04
1.271057e+03	1.651400e+04
1.271439e+03	1.280000e+02
1.271820e+03	2.058300e+04
1.272202e+03	2.470200e+04
1.272583e+03	-1.627100e+04
1.272964e+03	1.240300e+04
1.273346e+03	-8.072000e+03
1.273727e+03	4.177000e+03
1.274109e+03	-1.217200e+04
1.274490e+03	1.240000e+04
1.274872e+03	-3.997000e+03
1.275253e+03	-8.078000e+03
1.275635e+03	2.057600e+04
1.276016e+03	-3.266000e+04
1.276398e+03	1.239800e+04
1.276779e+03	1.236300e+04
1.277161e+03	1.239800e+04
1.277542e+03	-2.857000e+04
1.277924e+03	-8.097000e+03
1.278305e+03	-2.856600e+04
1.278687e+03	8.271000e+03
1.279068e+03	-3.994000e+03
1.279449e+03	1.010000e+02
1.279831e+03	2.466000e+04
1.280212e+03	-1.218500e+04
1.280594e+03	1.237800e+04
1.280975e+03	2.057600e+04
1.281357e+03	-2.037900e+04
1.281738e+03	-2.450800e+04
1.282120e+03	1.238400e+04
1.282501e+03	-2.448700e+04
1.282883e+03	2.056800e+04
1.283264e+03	2.057800e+04
1.283646e+03	-2.040900e+04
1.284027e+03	2.876700e+04
1.284409e+03	2.876700e+04
1.284790e+03	1.235800e+04
1.285172e+03	-2.857600e+04
1.285553e+03	8.800000e+01
1.285934e+03	-1.629900e+04
1.286316e+03	4.190000e+03
1.286697e+03	-4.031000e+03
1.287079e+03	-8.103000e+03
1.287460e+03	1.647100e+04
1.287842e+03	-4.021000e+03
1.288223e+03	8.284000e+03
1.288605e+03	1.646200e+04
1.288986e+03	2.056300e+04
1.289368e+03	-4.009000e+03
1.289749e+03	1.645000e+04
1.290131e+03	8.600000e+01
1.290512e+03	-2.859600e+04
1.290894e+03	2.875200e+04
1.291275e+03	4.184000e+03
1.291656e+03	-2.451900e+04
1.292038e+03	-4.011000e+03
1.292419e+03	-1.220300e+04
1.292801e+03	-2.862300e+04
1.293182e+03	-2.039800e+04
1.293564e+03	1.236100e+04
1.293945e+03	4.172000e+03
1.294327e+03	-3.268800e+04
1.294708e+03	-3.270400e+04
1.295090e+03	-8.109000e+03
1.295471e+03	-2.449800e+04
1.295853e+03	2.463800e+04
1.296234e+03	-1.221000e+04
1.296616e+03	-2.862100e+04
1.296997e+03	1.236900e+04
1.297379e+03	4.179000e+03
1.297760e+03	6.500000e+01
1.298141e+03	-2.040200e+04
1.298523e+03	-4.025000e+03
1.298904e+03	-4.028000e+03
1.299286e+03	2.875200e+04
1.299667e+03	2.055200e+04
1.300049e+03	-1.631600e+04
1.300430e+03	-2.860400e+04
1.300812e+03	1.232900e+04
1.301193e+03	2.873500e+04
1.301575e+03	1.235000e+04
1.301956e+03	2.055600e+04
1.302338e+03	-2.859600e+04
1.302719e+03	1.235400e+04
1.303101e+03	2.464700e+04
1.303482e+03	-2.041600e+04
1.303864e+03	-2.042500e+04
1.304245e+03	-8.129000e+03
1.304626e+03	-1.226400e+04
1.305008e+03	-2.451400e+04
1.305389e+03	2.872700e+04
1.305771e+03	4.158000e+03
1.306152e+03	2.464100e+04
1.306534e+03	1.644000e+04
1.306915e+03	-3.269600e+04
1.307297e+03	4.169000e+03
1.307678e+03	2.873800e+04
1.308060e+03	-4.024000e+03
1.308441e+03	1.235900e+04
1.308823e+03	2.053700e+04
1.309204e+03	2.052700e+04
1.309586e+03	4.156000e+03
1.309967e+03	4.163000e+03
1.310349e+03	2.054600e+04
1.310730e+03	1.235200e+04
1.311111e+03	-8.131000e+03
1.311493e+03	-1.223200e+04
1.311874e+03	-1.633200e+04
1.312256e+03	-1.223200e+04
1.312637e+03	1.644400e+04
1.313019e+03	8.246000e+03
1.313400e+03	-4.051000e+03
1.313782e+03	-4.038000e+03
1.314163e+03	-1.631600e+04
1.314545e+03	-1.221700e+04
1.314926e+03	-4.032000e+03
1.315308e+03	-2.862500e+04
1.315689e+03	-1.631600e+04
1.316071e+03	-8.103000e+03
1.316452e+03	-2.038400e+04
1.316833e+03	-2.038500e+04
1.317215e+03	-8.111000e+03
1.317596e+03	2.055100e+04
1.317978e+03	-4.015000e+03
1.318359e+03	2.054700e+04
1.318741e+03	4.161000e+03
1.319122e+03	4.165000e+03
1.319504e+03	1.233100e+04
1.319885e+03	7.200000e+01
1.320267e+03	1.235400e+04
1.320648e+03	1.235200e+04
1.321030e+03	7.600000e+01
1.321411e+03	7.200000e+01
1.321793e+03	-1.222700e+04
1.322174e+03	-1.632000e+04
1.322556e+03	-2.451600e+04
1.322937e+03	4.144000e+03
1.323318e+03	2.054200e+04
1.323700e+03	-1.221800e+04
1.324081e+03	-4.027000e+03
1.324463e+03	2.873100e+04
1.324844e+03	5.300000e+01
1.325226e+03	-2.861400e+04
1.325607e+03	-2.042400e+04
1.325989e+03	-1.223200e+04
1.326370e+03	1.235700e+04
1.326752e+03	1.645600e+04
1.327133e+03	-2.451400e+04
1.327515e+03	4.100000e+01
1.327896e+03	2.463800e+04
1.328278e+03	-4.037000e+03
1.328659e+03	-1.223900e+04
1.329041e+03	2.053900e+04
1.329422e+03	1.645200e+04
1.329803e+03	2.054500e+04
1.330185e+03	4.139000e+03
1.330566e+03	2.873600e+04
1.330948e+03	-8.123000e+03
1.331329e+03	8.257000e+03
1.331711e+03	-1.633000e+04
1.332092e+03	1.232800e+04
1.332474e+03	-1.634000e+04
1.332855e+03	-8.139000e+03
1.333237e+03	1.643600e+04
1.333618e+03	-4.050000e+03
1.334000e+03	1.235200e+04
1.334381e+03	-3.270600e+04
1.334763e+03	-1.633600e+04
1.335144e+03	-4.028000e+03
1.335526e+03	1.235700e+04
1.335907e+03	2.461800e+04
1.336288e+03	-2.861100e+04
1.336670e+03	-2.861100e+04
1.337051e+03	-4.055000e+03
1.337433e+03	1.645300e+04
1.337814e+03	-1.221700e+04
1.338196e+03	-1.632300e+04
1.338577e+03	-2.860600e+04
1.338959e+03	-1.221400e+04
1.339340e+03	4.169000e+03
1.339722e+03	5.800000e+01
1.340103e+03	-3.270400e+04
1.340485e+03	-2.861100e+04
1.340866e+03	-1.631400e+04
1.341248e+03	8.270000e+03
1.341629e+03	-8.119000e+03
1.342010e+03	-2.452000e+04
1.342392e+03	-1.632600e+04
1.342773e+03	-1.223400e+04
1.343155e+03	-4.029000e+03
1.343536e+03	-2.041400e+04
1.343918e+03	1.644200e+04
1.344299e+03	1.644500e+04
1.344681e+03	-1.224700e+04
1.345062e+03	1.236100e+04
1.345444e+03	2.055600e+04
1.345825e+03	-1.222600e+04
1.346207e+03	-2.452100e+04
1.346588e+03	1.644000e+04
1.346970e+03	-2.041400e+04
1.347351e+03	2.055300e+04
1.347733e+03	2.873400e+04
1.348114e+03	-4.028000e+03
1.348495e+03	-2.450300e+04
1.348877e+03	2.054700e+04
1.349258e+03	-3.270000e+04
1.349640e+03	-4.032000e+03
1.350021e+03	-1.631900e+04
1.350403e+03	2.464400e+04
1.350784e+03	-2.862700e+04
1.351166e+03	2.054700e+04
1.351547e+03	8.258000e+03
1.351929e+03	8.257000e+03
1.352310e+03	8.266000e+03
1.352692e+03	2.054500e+04
1.353073e+03	1.644100e+04
1.353455e+03	-8.127000e+03
1.353836e+03	-2.451900e+04
1.354218e+03	1.236300e+04
1.354599e+03	2.465000e+04
1.354980e+03	-1.221800e+04
1.355362e+03	-2.450000e+04
1.355743e+03	-1.222100e+04
1.356125e+03	-2.860200e+04
1.356506e+03	4.173000e+03
1.356888e+03	6.500000e+01
1.357269e+03	8.252000e+03
1.357651e+03	8.260000e+03
1.358032e+03	4.155000e+03
1.358414e+03	1.643400e+04
1.358795e+03	8.256000e+03
1.359177e+03	-8.119000e+03
1.359558e+03	-1.631600e+04
1.359940e+03	1.643900e+04
1.360321e+03	-4.028000e+03
1.360703e+03	2.463800e+04
1.361084e+03	1.644800e+04
1.361465e+03	2.463700e+04
1.361847e+03	-1.221600e+04
1.362228e+03	2.056300e+04
1.362610e+03	-1.630400e+04
1.362991e+03	8.243000e+03
1.363373e+03	-1.631200e+04
1.363754e+03	7.700000e+01
1.364136e+03	-4.021000e+03
1.364517e+03	2.874600e+04
1.364899e+03	2.055400e+04
1.365280e+03	-1.631000e+04
1.365662e+03	2.054200e+04
1.366043e+03	2.873800e+04
1.366425e+03	-2.041200e+04
1.366806e+03	-1.223400e+04
1.367188e+03	2.874900e+04
1.367569e+03	2.875000e+04
1.367950e+03	2.873300e+04
1.368332e+03	-8.139000e+03
1.368713e+03	-2.861600e+04
1.369095e+03	-2.450500e+04
1.369476e+03	-2.860000e+04
1.369858e+03	-4.043000e+03
1.370239e+03	-2.861200e+04
1.370621e+03	-2.042200e+04
1.371002e+03	2.873800e+04
1.371384e+03	2.055000e+04
1.371765e+03	-2.043000e+04
1.372147e+03	-2.860600e+04
1.372528e+03	1.235500e+04
1.372910e+03	7.100000e+01
1.373291e+03	7.600000e+01
1.373672e+03	2.873100e+04
1.374054e+03	2.055000e+04
1.374435e+03	-2.040300e+04
1.374817e+03	-2.450700e+04
1.375198e+03	-3.269800e+04
1.375580e+03	-3.270000e+04
1.375961e+03	2.053400e+04
1.376343e+03	-8.127000e+03
1.376724e+03	-3.272400e+04
1.377106e+03	8.263000e+03
1.377487e+03	-8.120000e+03
1.377869e+03	-1.634000e+04
1.378250e+03	-8.125000e+03
1.378632e+03	1.235900e+04
1.379013e+03	-1.222000e+04
1.379395e+03	-4.035000e+03
1.379776e+03	1.234700e+04
1.380157e+03	2.874700e+04
1.380539e+03	-2.041000e+04
1.380920e+03	2.054200e+04
1.381302e+03	2.465000e+04
1.381683e+03	2.464400e+04
1.382065e+03	-2.865200e+04
1.382446e+03	8.231000e+03
1.382828e+03	6.800000e+01
1.383209e+03	1.236300e+04
1.383591e+03	-8.129000e+03
1.383972e+03	2.873900e+04
1.384354e+03	4.171000e+03
1.384735e+03	2.054200e+04
1.385117e+03	2.873900e+04
1.385498e+03	2.054200e+04
1.385880e+03	6.300000e+01
1.386261e+03	1.646000e+04
1.386642e+03	-2.450600e+04
1.387024e+03	-1.221400e+04
1.387405e+03	2.465300e+04
1.387787e+03	2.054000e+04
1.388168e+03	8.260000e+03
1.388550e+03	-2.860400e+04
1.388931e+03	-1.223700e+04
1.389313e+03	2.463500e+04
1.389694e+03	4.153000e+03
1.390076e+03	2.055500e+04
1.390457e+03	-2.860100e+04
1.390839e+03	-2.862800e+04
1.391220e+03	2.055100e+04
1.391602e+03	-2.452100e+04
1.391983e+03	2.464500e+04
1.392365e+03	-4.024000e+03
1.392746e+03	1.235200e+04
1.393127e+03	2.465500e+04
1.393509e+03	-4.022000e+03
1.393890e+03	4.155000e+03
1.394272e+03	2.875000e+04
1.394653e+03	-3.270000e+04
1.395035e+03	4.164000e+03
1.395416e+03	2.874900e+04
1.395798e+03	2.873400e+04
1.396179e+03	1.645300e+04
1.396561e+03	2.055100e+04
1.396942e+03	-8.144000e+03
1.397324e+03	1.235500e+04
1.397705e+03	-8.128000e+03
1.398087e+03	2.874400e+04
1.398468e+03	4.165000e+03
1.398849e+03	1.234300e+04
1.399231e+03	4.169000e+03
1.399612e+03	-1.223200e+04
1.399994e+03	-2.450500e+04
1.400375e+03	-3.269200e+04
1.400757e+03	-1.632600e+04
1.401138e+03	-3.269400e+04
1.401520e+03	1.236000e+04
1.401901e+03	4.152000e+03
1.402283e+03	-2.450000e+04
1.402664e+03	-1.222200e+04
1.403046e+03	1.235200e+04
1.403427e+03	2.464900e+04
1.403809e+03	-2.044300e+04
1.404190e+03	-1.221300e+04
1.404572e+03	4.174000e+03
1.404953e+03	2.054100e+04
1.405334e+03	4.153000e+03
1.405716e+03	4.148000e+03
1.406097e+03	-2.861100e+04
1.406479e+03	5.900000e+01
1.406860e+03	2.874300e+04
1.407242e+03	-2.449700e+04
1.407623e+03	-8.120000e+03
1.408005e+03	1.234100e+04
1.408386e+03	2.873800e+04
1.408768e+03	-8.135000e+03
1.409149e+03	-4.023000e+03
1.409531e+03	-2.450100e+04
1.409912e+03	-2.041500e+04
1.410294e+03	2.871800e+04
1.410675e+03	8.263000e+03
1.411057e+03	-4.017000e+03
1.411438e+03	-1.630800e+04
1.411819e+03	2.874500e+04
1.412201e+03	-2.040800e+04
1.412582e+03	-3.270500e+04
1.412964e+03	2.055900e+04
1.413345e+03	-1.221200e+04
1.413727e+03	4.152000e+03
1.414108e+03	-1.630400e+04
1.414490e+03	-8.117000e+03
1.414871e+03	2.054200e+04
1.415253e+03	2.055800e+04
1.415634e+03	8.257000e+03
1.416016e+03	-2.860400e+04
1.416397e+03	1.645700e+04
1.416779e+03	4.167000e+03
1.417160e+03	2.056200e+04
1.417542e+03	4.174000e+03
1.417923e+03	-4.030000e+03
1.418304e+03	2.055200e+04
1.418686e+03	-4.031000e+03
1.419067e+03	-8.111000e+03
1.419449e+03	-1.221100e+04
1.419830e+03	2.464600e+04
1.420212e+03	-8.106000e+03
1.420593e+03	-2.039700e+04
1.420975e+03	-2.452500e+04
1.421356e+03	-2.450600e+04
1.421738e+03	-2.043600e+04
1.422119e+03	-1.631100e+04
1.422501e+03	-1.631300e+04
1.422882e+03	-2.451600e+04
1.423264e+03	7.900000e+01
1.423645e+03	-1.222100e+04
1.424026e+03	8.266000e+03
1.424408e+03	-2.449500e+04
1.424789e+03	1.644900e+04
1.425171e+03	1.235800e+04
1.425552e+03	-2.040900e+04
1.425934e+03	-8.140000e+03
1.426315e+03	-3.269200e+04
1.426697e+03	-1.222000e+04
1.427078e+03	-1.632300e+04
1.427460e+03	2.055000e+04
1.427841e+03	4.132000e+03
1.428223e+03	-2.860100e+04
1.428604e+03	6.600000e+01
1.428986e+03	2.873200e+04
1.429367e+03	1.236200e+04
1.429749e+03	1.644400e+04
1.430130e+03	-2.041900e+04
1.430511e+03	-4.032000e+03
1.430893e+03	5.900000e+01
1.431274e+03	-1.631500e+04
1.431656e+03	-2.042200e+04
1.432037e+03	-2.041500e+04
1.432419e+03	2.054500e+04
1.432800e+03	-4.038000e+03
1.433182e+03	1.235900e+04
1.433563e+03	-8.142000e+03
1.433945e+03	-4.028000e+03
1.434326e+03	-2.040700e+04
1.434708e+03	-1.222000e+04
1.435089e+03	2.874800e+04
1.435471e+03	-2.860900e+04
1.435852e+03	-2.450400e+04
1.436234e+03	-8.113000e+03
1.436615e+03	2.053700e+04
1.436996e+03	-4.020000e+03
1.437378e+03	8.270000e+03
1.437759e+03	-1.222300e+04
1.438141e+03	-3.268600e+04
1.438522e+03	-1.221200e+04
1.438904e+03	2.873500e+04
1.439285e+03	2.056000e+04
1.439667e+03	6.500000e+01
1.440048e+03	-1.631100e+04
1.440430e+03	4.175000e+03
1.440811e+03	-2.452200e+04
1.441193e+03	-3.269500e+04
1.441574e+03	4.164000e+03
1.441956e+03	2.054900e+04
1.442337e+03	4.174000e+03
1.442719e+03	5.800000e+01
1.443100e+03	4.170000e+03
1.443481e+03	2.874700e+04
1.443863e+03	4.165000e+03
1.444244e+03	-2.449700e+04
1.444626e+03	6.800000e+01
1.445007e+03	-1.631300e+04
1.445389e+03	-2.449700e+04
1.445770e+03	-4.035000e+03
1.446152e+03	-2.040700e+04
1.446533e+03	4.170000e+03
1.446915e+03	5.000000e+01
1.447296e+03	4.171000e+03
1.447678e+03	4.160000e+03
1.448059e+03	6.800000e+01
1.448441e+03	1.236200e+04
1.448822e+03	5.800000e+01
1.449203e+03	-2.040500e+04
1.449585e+03	-3.269500e+04
1.449966e+03	-8.149000e+03
1.450348e+03	2.055000e+04
1.450729e+03	-1.222000e+04
1.451111e+03	-2.041100e+04
1.451492e+03	-2.041900e+04
1.451874e+03	4.159000e+03
1.452255e+03	-2.859800e+04
1.452637e+03	-2.450200e+04
1.453018e+03	1.236800e+04
1.453400e+03	-3.269500e+04
1.453781e+03	1.235100e+04
1.454163e+03	-2.039900e+04
1.454544e+03	2.465000e+04
1.454926e+03	-8.126000e+03
1.455307e+03	1.236700e+04
1.455688e+03	-2.451400e+04
1.456070e+03	4.167000e+03
1.456451e+03	-3.269400e+04
1.456833e+03	-4.050000e+03
1.457214e+03	-4.027000e+03
1.457596e+03	5.300000e+01
1.457977e+03	-2.859900e+04
1.458359e+03	2.465400e+04
1.458740e+03	-8.135000e+03
1.459122e+03	-8.122000e+03
1.459503e+03	1.646300e+04
1.459885e+03	-1.630200e+04
1.460266e+03	-4.016000e+03
1.460648e+03	-3.271400e+04
1.461029e+03	-4.022000e+03
1.461411e+03	-2.860200e+04
1.461792e+03	-8.124000e+03
1.462173e+03	2.056200e+04
1.462555e+03	1.645500e+04
1.462936e+03	-4.024000e+03
1.463318e+03	-2.039900e+04
1.463699e+03	2.054600e+04
1.464081e+03	8.265000e+03
1.464462e+03	2.055200e+04
1.464844e+03	4.158000e+03
1.465225e+03	8.000000e+01
1.465607e+03	-4.028000e+03
1.465988e+03	4.167000e+03
1.466370e+03	-4.018000e+03
1.466751e+03	-2.042200e+04
1.467133e+03	7.500000e+01
1.467514e+03	-2.860100e+04
1.467896e+03	-2.451100e+04
1.468277e+03	-4.020000e+03
1.468658e+03	1.643500e+04
1.469040e+03	-2.859600e+04
1.469421e+03	2.055700e+04
1.469803e+03	-1.633300e+04
1.470184e+03	1.646300e+04
1.470566e+03	-2.860200e+04
1.470947e+03	1.236000e+04
1.471329e+03	2.465800e+04
1.471710e+03	1.645000e+04
1.472092e+03	-8.116000e+03
1.472473e+03	-2.039700e+04
1.472855e+03	-2.040500e+04
1.473236e+03	-8.122000e+03
1.473618e+03	-1.633100e+04
1.473999e+03	-1.221800e+04
1.474380e+03	1.645900e+04
1.474762e+03	1.233700e+04
1.475143e+03	-1.221300e+04
1.475525e+03	2.055300e+04
1.475906e+03	2.872900e+04
1.476288e+03	-2.859600e+04
1.476669e+03	-1.221900e+04
1.477051e+03	-2.450900e+04
1.477432e+03	1.645300e+04
1.477814e+03	-4.042000e+03
1.478195e+03	-2.041200e+04
1.478577e+03	-1.224700e+04
1.478958e+03	-2.859800e+04
1.479340e+03	-2.450200e+04
1.479721e+03	-1.223900e+04
1.480103e+03	2.055900e+04
1.480484e+03	-2.040500e+04
1.480865e+03	4.164000e+03
1.481247e+03	-1.630700e+04
1.481628e+03	2.054200e+04
1.482010e+03	-1.221300e+04
1.482391e+03	2.055700e+04
1.482773e+03	8.259000e+03
1.483154e+03	2.875200e+04
1.483536e+03	-8.119000e+03
1.483917e+03	-1.222600e+04
1.484299e+03	-2.450100e+04
1.484680e+03	-2.451700e+04
1.485062e+03	-2.040400e+04
1.485443e+03	-4.024000e+03
1.485825e+03	2.054400e+04
1.486206e+03	8.273000e+03
1.486588e+03	-2.041000e+04
1.486969e+03	-4.023000e+03
1.487350e+03	-3.268800e+04
1.487732e+03	-2.042100e+04
1.488113e+03	2.874700e+04
1.488495e+03	1.236000e+04
1.488876e+03	1.235900e+04
1.489258e+03	2.875200e+04
1.489639e+03	8.250000e+03
1.490021e+03	-1.220900e+04
1.490402e+03	1.237200e+04
1.490784e+03	-4.032000e+03
1.491165e+03	2.464900e+04
1.491547e+03	2.055000e+04
1.491928e+03	2.054200e+04
1.492310e+03	-4.022000e+03
1.492691e+03	-3.270400e+04
1.493073e+03	-2.039900e+04
1.493454e+03	1.646500e+04
1.493835e+03	-2.863300e+04
1.494217e+03	2.465000e+04
1.494598e+03	1.644900e+04
1.494980e+03	-8.123000e+03
1.495361e+03	-1.630800e+04
1.495743e+03	8.224000e+03
1.496124e+03	7.600000e+01
1.496506e+03	-2.450400e+04
1.496887e+03	2.464600e+04
1.497269e+03	-4.015000e+03
1.497650e+03	-3.269800e+04
1.498032e+03	-8.124000e+03
1.498413e+03	-2.449900e+04
1.498795e+03	-2.042000e+04
1.499176e+03	1.235400e+04
1.499557e+03	8.255000e+03
1.499939e+03	2.465000e+04
1.500320e+03	-2.450400e+04
1.500702e+03	-1.222300e+04
1.501083e+03	1.647000e+04
1.501465e+03	8.500000e+01
1.501846e+03	-2.861200e+04
1.502228e+03	1.645600e+04
1.502609e+03	4.154000e+03
1.502991e+03	2.055200e+04
1.503372e+03	1.236300e+04
1.503754e+03	8.246000e+03
1.504135e+03	2.875100e+04
1.504517e+03	2.874700e+04
1.504898e+03	4.172000e+03
1.505280e+03	-4.014000e+03
1.505661e+03	-2.860600e+04
1.506042e+03	1.645700e+04
1.506424e+03	-2.040300e+04
1.506805e+03	-2.860300e+04
1.507187e+03	2.465200e+04
1.507568e+03	-2.042400e+04
1.507950e+03	2.465900e+04
1.508331e+03	2.056700e+04
1.508713e+03	1.235600e+04
1.509094e+03	1.646100e+04
1.509476e+03	-1.220900e+04
1.509857e+03	8.232000e+03
1.510239e+03	8.272000e+03
1.510620e+03	2.874700e+04
1.511002e+03	8.261000e+03
1.511383e+03	-1.221000e+04
1.511765e+03	-3.270500e+04
1.512146e+03	-1.631600e+04
1.512527e+03	-3.270300e+04
1.512909e+03	1.644800e+04
1.513290e+03	8.267000e+03
1.513672e+03	2.872900e+04
1.514053e+03	1.646300e+04
1.514435e+03	-8.114000e+03
1.514816e+03	4.157000e+03
1.515198e+03	2.875400e+04
1.515579e+03	-4.017000e+03
1.515961e+03	2.873000e+04
1.516342e+03	-2.860400e+04
1.516724e+03	1.644400e+04
1.517105e+03	1.645800e+04
1.517487e+03	1.235700e+04
1.517868e+03	-2.450700e+04
1.518250e+03	-2.859500e+04
1.518631e+03	-4.037000e+03
1.519012e+03	8.265000e+03
1.519394e+03	1.235700e+04
1.519775e+03	2.464500e+04
1.520157e+03	1.237100e+04
1.520538e+03	-1.631000e+04
1.520920e+03	4.162000e+03
1.521301e+03	-2.040600e+04
1.521683e+03	-1.631600e+04
1.522064e+03	-4.010000e+03
1.522446e+03	4.181000e+03
1.522827e+03	5.600000e+01
1.523209e+03	-8.111000e+03
1.523590e+03	1.646000e+04
1.523972e+03	-3.270900e+04
1.524353e+03	4.171000e+03
1.524734e+03	8.250000e+03
1.525116e+03	-8.113000e+03
1.525497e+03	8.269000e+03
1.525879e+03	1.235200e+04
1.526260e+03	2.055900e+04
1.526642e+03	-2.041900e+04
1.527023e+03	2.465300e+04
1.527405e+03	-8.111000e+03
1.527786e+03	2.054600e+04
1.528168e+03	2.874800e+04
1.528549e+03	-8.123000e+03
1.528931e+03	2.054900e+04
1.529312e+03	-2.040100e+04
1.529694e+03	-1.222800e+04
1.530075e+03	-2.450100e+04
1.530457e+03	7.700000e+01
1.530838e+03	-2.860900e+04
1.531219e+03	-1.221000e+04
1.531601e+03	7.100000e+01
1.531982e+03	2.874800e+04
1.532364e+03	4.177000e+03
1.532745e+03	-1.631800e+04
1.533127e+03	-4.019000e+03
1.533508e+03	-2.860100e+04
1.533890e+03	-4.027000e+03
1.534271e+03	-2.039700e+04
1.534653e+03	2.874600e+04
1.535034e+03	1.235400e+04
1.535416e+03	2.465200e+04
1.535797e+03	2.054800e+04
1.536179e+03	-8.118000e+03
1.536560e+03	-1.222400e+04
1.536942e+03	1.236200e+04
1.537323e+03	8.272000e+03
1.537704e+03	-2.861200e+04
1.538086e+03	-2.450400e+04
1.538467e+03	2.874400e+04
1.538849e+03	8.255000e+03
1.539230e+03	2.465200e+04
1.539612e+03	6.000000e+01
1.539993e+03	4.167000e+03
1.540375e+03	-4.024000e+03
1.540756e+03	-8.132000e+03
1.541138e+03	2.056000e+04
1.541519e+03	8.265000e+03
1.541901e+03	-4.030000e+03
1.542282e+03	4.174000e+03
1.542664e+03	-3.270000e+04
1.543045e+03	-2.449900e+04
1.543427e+03	-2.859900e+04
1.543808e+03	-2.040800e+04
1.544189e+03	-1.220600e+04
1.544571e+03	-2.041000e+04
1.544952e+03	2.874900e+04
1.545334e+03	-1.220700e+04
1.545715e+03	2.873500e+04
1.546097e+03	-2.859300e+04
1.546478e+03	-2.859600e+04
1.546860e+03	4.168000e+03
1.547241e+03	-3.268700e+04
1.547623e+03	-2.041300e+04
1.548004e+03	-8.109000e+03
1.548386e+03	-3.268200e+04
1.548767e+03	7.200000e+01
1.549149e+03	2.465700e+04
1.549530e+03	2.056000e+04
1.549912e+03	-4.061000e+03
1.550293e+03	2.464700e+04
1.550674e+03	-8.130000e+03
1.551056e+03	-4.020000e+03
1.551437e+03	-2.859900e+04
1.551819e+03	-2.041100e+04
1.552200e+03	2.465700e+04
1.552582e+03	2.464600e+04
1.552963e+03	-4.020000e+03
1.553345e+03	-3.268800e+04
1.553726e+03	2.872400e+04
1.554108e+03	-1.221100e+04
1.554489e+03	-1.221300e+04
1.554871e+03	-1.630500e+04
1.555252e+03	1.646900e+04
1.555634e+03	-1.221400e+04
1.556015e+03	7.900000e+01
1.556396e+03	-1.630700e+04
1.556778e+03	-2.860800e+04
1.557159e+03	-1.220600e+04
1.557541e+03	1.236100e+04
1.557922e+03	1.645700e+04
1.558304e+03	-2.859000e+04
1.558685e+03	-4.033000e+03
1.559067e+03	7.700000e+01
1.559448e+03	-1.221500e+04
1.559830e+03	1.235700e+04
1.560211e+03	1.646800e+04
1.560593e+03	1.645900e+04
1.560974e+03	7.300000e+01
1.561356e+03	1.236700e+04
1.561737e+03	1.234900e+04
1.562119e+03	7.800000e+01
1.562500e+03	2.874400e+04
1.562881e+03	-4.021000e+03
1.563263e+03	-2.859100e+04
1.563644e+03	8.247000e+03
1.564026e+03	2.875600e+04
1.564407e+03	-1.220300e+04
1.564789e+03	1.644000e+04
1.565170e+03	7.700000e+01
1.565552e+03	-8.124000e+03
1.565933e+03	-3.269600e+04
1.566315e+03	-3.268800e+04
1.566696e+03	-1.633300e+04
1.567078e+03	1.646200e+04
1.567459e+03	-4.021000e+03
1.567841e+03	2.873600e+04
1.568222e+03	-1.220800e+04
1.568604e+03	-1.222400e+04
1.568985e+03	-2.040300e+04
1.569366e+03	-2.449700e+04
1.569748e+03	6.400000e+01
1.570129e+03	-8.108000e+03
1.570511e+03	-1.220900e+04
1.570892e+03	1.645100e+04
1.571274e+03	-2.859000e+04
1.571655e+03	-4.029000e+03
1.572037e+03	-2.859600e+04
1.572418e+03	-2.449900e+04
1.572800e+03	-2.042000e+04
1.573181e+03	-8.110000e+03
1.573563e+03	-2.040500e+04
1.573944e+03	-2.041200e+04
1.574326e+03	-2.449900e+04
1.574707e+03	-2.862100e+04
1.575089e+03	8.100000e+01
1.575470e+03	-1.221300e+04
1.575851e+03	-3.269600e+04
1.576233e+03	8.277000e+03
1.576614e+03	4.168000e+03
1.576996e+03	8.266000e+03
1.577377e+03	2.875000e+04
1.577759e+03	-1.222500e+04
1.578140e+03	1.647100e+04
1.578522e+03	-1.630000e+04
1.578903e+03	-3.276500e+04
1.579285e+03	-3.269200e+04
1.579666e+03	-2.860600e+04
1.580048e+03	8.270000e+03
1.580429e+03	1.646200e+04
1.580811e+03	8.250000e+03
1.581192e+03	2.055900e+04
1.581573e+03	2.054800e+04
1.581955e+03	1.645600e+04
1.582336e+03	1.236400e+04
1.582718e+03	-4.040000e+03
1.583099e+03	-3.268600e+04
1.583481e+03	-3.269300e+04
1.583862e+03	2.464700e+04
1.584244e+03	1.237000e+04
1.584625e+03	-4.037000e+03
1.585007e+03	-1.630300e+04
1.585388e+03	1.646600e+04
1.585770e+03	1.234700e+04
1.586151e+03	-2.858900e+04
1.586533e+03	1.236300e+04
1.586914e+03	-2.860000e+04
1.587296e+03	2.875500e+04
1.587677e+03	-2.860800e+04
1.588058e+03	2.875100e+04
1.588440e+03	-4.017000e+03
1.588821e+03	-2.862100e+04
1.589203e+03	1.236700e+04
1.589584e+03	-8.127000e+03
1.589966e+03	1.646000e+04
1.590347e+03	-1.220900e+04
1.590729e+03	2.053900e+04
1.591110e+03	8.271000e+03
1.591492e+03	2.874200e+04
1.591873e+03	-2.450100e+04
1.592255e+03	1.646400e+04
1.592636e+03	2.053300e+04
1.593018e+03	1.646700e+04
1.593399e+03	-1.221000e+04
1.593781e+03	-2.450600e+04
1.594162e+03	1.237300e+04
1.594543e+03	6.900000e+01
1.594925e+03	-2.859200e+04
1.595306e+03	2.056100e+04
1.595688e+03	-4.025000e+03
1.596069e+03	-3.267600e+04
1.596451e+03	-1.220000e+04
1.596832e+03	-3.270000e+04
1.597214e+03	1.647100e+04
1.597595e+03	-2.859700e+04
1.597977e+03	-2.040000e+04
1.598358e+03	-4.011000e+03
1.598740e+03	-2.041700e+04
1.599121e+03	4.182000e+03
1.599503e+03	1.646600e+04
1.599884e+03	-8.119000e+03
1.600266e+03	-2.449000e+04
1.600647e+03	-8.121000e+03
1.601028e+03	7.800000e+01
1.601410e+03	4.177000e+03
1.601791e+03	4.161000e+03
1.602173e+03	-2.858700e+04
1.602554e+03	7.500000e+01
1.602936e+03	-1.630600e+04
1.603317e+03	-2.858600e+04
1.603699e+03	-3.270700e+04
1.604080e+03	-3.268700e+04
1.604462e+03	-1.630500e+04
1.604843e+03	-1.221500e+04
1.605225e+03	1.647100e+04
1.605606e+03	-2.040600e+04
1.605988e+03	1.646500e+04
1.606369e+03	-2.449100e+04
1.606750e+03	1.232700e+04
1.607132e+03	2.466100e+04
1.607513e+03	-1.630400e+04
1.607895e+03	2.055300e+04
1.608276e+03	-2.858500e+04
1.608658e+03	2.464900e+04
1.609039e+03	-2.039900e+04
1.609421e+03	-2.039500e+04
1.609802e+03	4.154000e+03
1.610184e+03	-2.039900e+04
1.610565e+03	2.055500e+04
1.610947e+03	2.055200e+04
1.611328e+03	8.300000e+01
1.611710e+03	1.645800e+04
1.612091e+03	-2.449400e+04
1.612473e+03	7.600000e+01
1.612854e+03	1.236100e+04
1.613235e+03	-3.268400e+04
1.613617e+03	6.300000e+01
1.613998e+03	2.056200e+04
1.614380e+03	-2.859000e+04
1.614761e+03	-2.860900e+04
1.615143e+03	2.875900e+04
1.615524e+03	8.272000e+03
1.615906e+03	-4.023000e+03
1.616287e+03	8.500000e+01
1.616669e+03	5.900000e+01
1.617050e+03	1.237000e+04
1.617432e+03	1.236800e+04
1.617813e+03	-2.040800e+04
1.618195e+03	-2.039300e+04
1.618576e+03	2.874700e+04
1.618958e+03	-4.016000e+03
1.619339e+03	-4.012000e+03
1.619720e+03	-8.124000e+03
1.620102e+03	-1.219900e+04
1.620483e+03	-2.858700e+04
1.620865e+03	-2.450400e+04
1.621246e+03	-2.858400e+04
1.621628e+03	1.645900e+04
1.622009e+03	2.875100e+04
1.622391e+03	8.275000e+03
1.622772e+03	-8.131000e+03
1.623154e+03	1.647200e+04
1.623535e+03	-1.630300e+04
1.623917e+03	-1.631100e+04
1.624298e+03	-2.039500e+04
1.624680e+03	-2.451600e+04
1.625061e+03	2.875500e+04
1.625443e+03	2.465800e+04
1.625824e+03	-2.860500e+04
1.626205e+03	1.237400e+04
1.626587e+03	1.235800e+04
1.626968e+03	8.275000e+03
1.627350e+03	-2.039400e+04
1.627731e+03	1.643600e+04
1.628113e+03	2.876100e+04
1.628494e+03	8.700000e+01
1.628876e+03	1.234700e+04
1.629257e+03	-2.858900e+04
1.629639e+03	8.254000e+03
1.630020e+03	-3.268600e+04
1.630402e+03	1.646600e+04
1.630783e+03	4.164000e+03
1.631165e+03	-3.268000e+04
1.631546e+03	1.646100e+04
1.631927e+03	1.646500e+04
1.632309e+03	-3.267900e+04
1.632690e+03	-1.631500e+04
1.633072e+03	8.272000e+03
1.633453e+03	-8.117000e+03
1.633835e+03	-3.269000e+04
1.634216e+03	1.237700e+04
1.634598e+03	4.167000e+03
1.634979e+03	8.277000e+03
1.635361e+03	-3.268100e+04
1.635742e+03	-8.138000e+03
1.636124e+03	2.876100e+04
1.636505e+03	2.466000e+04
1.636887e+03	8.273000e+03
1.637268e+03	2.466400e+04
1.637650e+03	8.252000e+03
1.638031e+03	8.280000e+03
1.638412e+03	-4.010000e+03
1.638794e+03	-4.029000e+03
1.639175e+03	2.056900e+04
1.639557e+03	-2.040500e+04
1.639938e+03	-3.268400e+04
1.640320e+03	-8.103000e+03
1.640701e+03	4.150000e+03
1.641083e+03	-2.448700e+04
1.641464e+03	-4.012000e+03
1.641846e+03	-2.450200e+04
1.642227e+03	1.647400e+04
1.642609e+03	4.162000e+03
1.642990e+03	4.185000e+03
1.643372e+03	-2.038800e+04
1.643753e+03	8.265000e+03
1.644135e+03	1.647100e+04
1.644516e+03	-8.117000e+03
1.644897e+03	-2.039500e+04
1.645279e+03	4.189000e+03
1.645660e+03	-1.221800e+04
1.646042e+03	-3.268100e+04
1.646423e+03	2.056800e+04
1.646805e+03	-1.222500e+04
1.647186e+03	-2.858500e+04
1.647568e+03	-2.040900e+04
1.647949e+03	-2.858400e+04
1.648331e+03	-2.039000e+04
1.648712e+03	-4.049000e+03
1.649094e+03	1.647500e+04
1.649475e+03	2.875500e+04
1.649857e+03	-1.630100e+04
1.650238e+03	-8.099000e+03
1.650620e+03	-1.631400e+04
1.651001e+03	9.200000e+01
1.651382e+03	-3.267500e+04
1.651764e+03	1.234400e+04
1.652145e+03	-2.038800e+04
1.652527e+03	8.600000e+01
1.652908e+03	1.646900e+04
1.653290e+03	-2.858100e+04
1.653671e+03	2.052600e+04
1.654053e+03	-2.038600e+04
1.654434e+03	-2.448400e+04
1.654816e+03	1.235600e+04
1.655197e+03	-2.448400e+04
1.655579e+03	-4.020000e+03
1.655960e+03	1.237800e+04
1.656342e+03	-2.038700e+04
1.656723e+03	-1.225700e+04
1.657104e+03	1.647700e+04
1.657486e+03	1.237500e+04
1.657867e+03	4.181000e+03
1.658249e+03	-4.002000e+03
1.658630e+03	-4.028000e+03
1.659012e+03	-4.004000e+03
1.659393e+03	-4.004000e+03
1.659775e+03	-2.450700e+04
1.660156e+03	-1.629000e+04
1.660538e+03	-2.859100e+04
1.660919e+03	9.200000e+01
1.661301e+03	9.700000e+01
1.661682e+03	-1.222000e+04
1.662064e+03	-1.628900e+04
1.662445e+03	2.466700e+04
1.662827e+03	-2.858900e+04
1.663208e+03	8.290000e+03
1.663589e+03	-8.112000e+03
1.663971e+03	8.285000e+03
1.664352e+03	-8.097000e+03
1.664734e+03	4.166000e+03
1.665115e+03	2.467400e+04
1.665497e+03	1.647400e+04
1.665878e+03	4.185000e+03
1.666260e+03	4.195000e+03
1.666641e+03	7.100000e+01
1.667023e+03	-2.038400e+04
1.667404e+03	8.287000e+03
1.667786e+03	2.056300e+04
1.668167e+03	-3.266700e+04
1.668549e+03	-3.267900e+04
1.668930e+03	2.057400e+04
1.669312e+03	2.877200e+04
1.669693e+03	-2.861300e+04
1.670074e+03	2.467500e+04
1.670456e+03	-2.857800e+04
1.670837e+03	-1.629600e+04
1.671219e+03	8.294000e+03
1.671600e+03	1.646600e+04
1.671982e+03	1.648200e+04
1.672363e+03	2.877100e+04
1.672745e+03	2.056000e+04
1.673126e+03	2.877600e+04
1.673508e+03	-2.038500e+04
1.673889e+03	1.238200e+04
1.674271e+03	2.877500e+04
1.674652e+03	-1.631500e+04
1.675034e+03	2.467900e+04
1.675415e+03	1.238900e+04
1.675797e+03	-3.268100e+04
1.676178e+03	-1.627900e+04
1.676559e+03	8.282000e+03
1.676941e+03	8.294000e+03
1.677322e+03	-2.037500e+04
1.677704e+03	1.645100e+04
1.678085e+03	-2.856500e+04
1.678467e+03	-1.628400e+04
1.678848e+03	-1.628600e+04
1.679230e+03	-1.217900e+04
1.679611e+03	2.466100e+04
1.679993e+03	4.204000e+03
1.680374e+03	-3.266000e+04
1.680756e+03	-2.448900e+04
1.681137e+03	-2.446400e+04
1.681519e+03	-2.037800e+04
1.681900e+03	-3.992000e+03
1.682281e+03	4.209000e+03
1.682663e+03	-4.024000e+03
1.683044e+03	2.468900e+04
1.683426e+03	-3.265800e+04
1.683807e+03	2.467700e+04
1.684189e+03	-8.075000e+03
1.684570e+03	4.199000e+03
1.684952e+03	1.240100e+04
1.685333e+03	2.878900e+04
1.685715e+03	-2.858800e+04
1.686096e+03	8.313000e+03
1.686478e+03	4.210000e+03
1.686859e+03	4.210000e+03
1.687241e+03	4.221000e+03
1.687622e+03	9.700000e+01
1.688004e+03	8.318000e+03
1.688385e+03	2.470200e+04
1.688766e+03	2.059200e+04
1.689148e+03	-2.034600e+04
1.689529e+03	4.220000e+03
1.689911e+03	4.230000e+03
1.690292e+03	2.471900e+04
1.690674e+03	-1.630400e+04
1.691055e+03	8.348000e+03
1.691437e+03	-2.441000e+04
1.691818e+03	-2.440900e+04
1.692200e+03	-8.033000e+03
1.692581e+03	-1.625400e+04
1.692963e+03	8.333000e+03
1.693344e+03	1.652200e+04
1.693726e+03	8.301000e+03
1.694107e+03	2.880600e+04
1.694489e+03	-3.264600e+04
1.694870e+03	1.240900e+04
1.695251e+03	-2.444900e+04
1.695633e+03	-1.219700e+04
1.696014e+03	-1.626200e+04
1.696396e+03	-1.626600e+04
1.696777e+03	-3.992000e+03
1.697159e+03	1.240900e+04
1.697540e+03	4.201000e+03
1.697922e+03	-1.217600e+04
1.698303e+03	2.878700e+04
1.698685e+03	2.056200e+04
1.699066e+03	4.212000e+03
1.699448e+03	-3.266000e+04
1.699829e+03	1.648600e+04
1.700211e+03	2.059300e+04
1.700592e+03	2.876000e+04
1.700974e+03	-1.218000e+04
1.701355e+03	1.080000e+02
1.701736e+03	-2.039300e+04
1.702118e+03	-3.987000e+03
1.702499e+03	-3.267100e+04
1.702881e+03	-8.091000e+03
1.703262e+03	-3.266100e+04
1.703644e+03	2.872600e+04
1.704025e+03	8.298000e+03
1.704407e+03	2.467700e+04
1.704788e+03	-2.858100e+04
1.705170e+03	2.058600e+04
1.705551e+03	8.281000e+03
1.705933e+03	8.292000e+03
1.706314e+03	8.295000e+03
1.706696e+03	-4.044000e+03
1.707077e+03	1.010000e+02
1.707458e+03	-2.858100e+04
1.707840e+03	8.286000e+03
1.708221e+03	-2.857000e+04
1.708603e+03	-1.221100e+04
1.708984e+03	-3.267100e+04
1.709366e+03	2.467200e+04
1.709747e+03	-1.630600e+04
1.710129e+03	1.648300e+04
1.710510e+03	-3.268300e+04
1.710892e+03	9.300000e+01
1.711273e+03	-2.857500e+04
1.711655e+03	-3.270700e+04
1.712036e+03	1.647900e+04
1.712418e+03	2.056800e+04
1.712799e+03	8.279000e+03
1.713181e+03	1.238500e+04
1.713562e+03	-2.040600e+04
1.713943e+03	1.238000e+04
1.714325e+03	2.876300e+04
1.714706e+03	-8.117000e+03
1.715088e+03	-2.038500e+04
1.715469e+03	-2.449500e+04
1.715851e+03	-3.267800e+04
1.716232e+03	-1.219300e+04
1.716614e+03	-2.451900e+04
1.716995e+03	-1.629100e+04
1.717377e+03	-3.267900e+04
1.717758e+03	2.056100e+04
1.718140e+03	-2.857600e+04
1.718521e+03	2.056300e+04
1.718903e+03	8.700000e+01
1.719284e+03	9.200000e+01
1.719666e+03	4.900000e+01
1.720047e+03	2.466800e+04
1.720428e+03	2.056700e+04
1.720810e+03	-1.630900e+04
1.721191e+03	2.057000e+04
1.721573e+03	6.600000e+01
1.721954e+03	1.647300e+04
1.722336e+03	1.237800e+04
1.722717e+03	-2.452100e+04
1.723099e+03	2.876200e+04
1.723480e+03	2.466000e+04
1.723862e+03	1.646100e+04
1.724243e+03	8.700000e+01
1.724625e+03	-3.271400e+04
1.725006e+03	-3.268300e+04
1.725388e+03	1.237200e+04
1.725769e+03	4.160000e+03
1.726151e+03	2.875500e+04
1.726532e+03	-8.129000e+03
1.726913e+03	4.179000e+03
1.727295e+03	1.646900e+04
1.727676e+03	-4.033000e+03
1.728058e+03	-2.039900e+04
1.728439e+03	-4.028000e+03
1.728821e+03	-1.630700e+04
1.729202e+03	-4.015000e+03
1.729584e+03	-8.131000e+03
1.729965e+03	8.700000e+01
1.730347e+03	-1.220700e+04
1.730728e+03	-4.019000e+03
1.731110e+03	1.647200e+04
1.731491e+03	-2.860300e+04
1.731873e+03	-4.012000e+03
1.732254e+03	2.876200e+04
1.732636e+03	-8.120000e+03
1.733017e+03	1.236600e+04
1.733398e+03	-1.630700e+04
1.733780e+03	4.160000e+03
1.734161e+03	-1.220800e+04
1.734543e+03	-2.860600e+04
1.734924e+03	-1.631400e+04
1.735306e+03	6.900000e+01
1.735687e+03	-4.025000e+03
1.736069e+03	4.180000e+03
1.736450e+03	-2.860100e+04
1.736832e+03	2.055300e+04
1.737213e+03	7.900000e+01
1.737595e+03	-8.154000e+03
1.737976e+03	-1.630500e+04
1.738358e+03	-2.040400e+04
1.738739e+03	2.873700e+04
1.739120e+03	-2.040800e+04
1.739502e+03	-2.450800e+04
1.739883e+03	8.279000e+03
1.740265e+03	-8.108000e+03
1.740646e+03	1.232300e+04
1.741028e+03	1.646400e+04
1.741409e+03	7.100000e+01
1.741791e+03	-2.450600e+04
1.742172e+03	2.465300e+04
1.742554e+03	8.244000e+03
1.742935e+03	2.875400e+04
1.743317e+03	8.271000e+03
1.743698e+03	-2.861100e+04
1.744080e+03	1.236900e+04
1.744461e+03	1.645300e+04
1.744843e+03	2.055700e+04
1.745224e+03	-2.449500e+04
1.745605e+03	-1.223000e+04
1.745987e+03	4.166000e+03
1.746368e+03	-4.032000e+03
1.746750e+03	-2.040200e+04
1.747131e+03	-1.220600e+04
1.747513e+03	1.644200e+04
1.747894e+03	-1.630800e+04
1.748276e+03	2.874800e+04
1.748657e+03	1.235700e+04
1.749039e+03	2.875500e+04
1.749420e+03	-8.118000e+03
1.749802e+03	-2.450600e+04
1.750183e+03	-3.268800e+04
1.750565e+03	4.160000e+03
1.750946e+03	-1.630800e+04
1.751328e+03	2.055700e+04
1.751709e+03	-1.633800e+04
1.752090e+03	8.263000e+03
1.752472e+03	-2.451800e+04
1.752853e+03	4.172000e+03
1.753235e+03	2.055700e+04
1.753616e+03	8.250000e+03
1.753998e+03	-1.630600e+04
1.754379e+03	2.874600e+04
1.754761e+03	2.873200e+04
1.755142e+03	1.646100e+04
1.755524e+03	-1.221800e+04
1.755905e+03	-2.042300e+04
1.756287e+03	-1.224700e+04
1.756668e+03	2.874300e+04
1.757050e+03	1.236700e+04
1.757431e+03	2.054800e+04
1.757813e+03	2.464300e+04
1.758194e+03	-1.631300e+04
1.758575e+03	4.300000e+01
1.758957e+03	-2.860100e+04
1.759338e+03	1.644200e+04
1.759720e+03	2.874500e+04
1.760101e+03	-2.859100e+04
1.760483e+03	4.167000e+03
1.760864e+03	-3.270900e+04
1.761246e+03	8.253000e+03
1.761627e+03	1.645400e+04
1.762009e+03	-3.268700e+04
1.762390e+03	7.400000e+01
1.762772e+03	2.463500e+04
1.763153e+03	2.465100e+04
1.763535e+03	-2.452100e+04
1.763916e+03	1.235800e+04
1.764297e+03	-2.860000e+04
1.764679e+03	-8.124000e+03
1.765060e+03	-8.115000e+03
1.765442e+03	2.464500e+04
1.765823e+03	1.645200e+04
1.766205e+03	1.236400e+04
1.766586e+03	-2.452100e+04
1.766968e+03	-4.027000e+03
1.767349e+03	7.500000e+01
1.767731e+03	1.234300e+04
1.768112e+03	2.463500e+04
1.768494e+03	8.254000e+03
1.768875e+03	-1.632300e+04
1.769257e+03	8.250000e+03
1.769638e+03	1.643000e+04
1.770020e+03	-1.222800e+04
1.770401e+03	3.500000e+01
1.770782e+03	-3.269900e+04
1.771164e+03	2.464600e+04
1.771545e+03	1.643500e+04
1.771927e+03	-3.270000e+04
1.772308e+03	-2.451500e+04
1.772690e+03	8.255000e+03
1.773071e+03	2.464600e+04
1.773453e+03	-4.046000e+03
1.773834e+03	7.100000e+01
1.774216e+03	8.266000e+03
1.774597e+03	-3.271000e+04
1.774979e+03	2.872400e+04
1.775360e+03	1.233200e+04
1.775742e+03	4.164000e+03
1.776123e+03	-1.631300e+04
1.776505e+03	4.153000e+03
1.776886e+03	-4.036000e+03
1.777267e+03	-2.861700e+04
1.777649e+03	2.464300e+04
1.778030e+03	-2.449900e+04
1.778412e+03	-2.450400e+04
1.778793e+03	-4.043000e+03
1.779175e+03	4.151000e+03
1.779556e+03	2.054500e+04
1.779938e+03	-1.631600e+04
1.780319e+03	-8.135000e+03
1.780701e+03	6.600000e+01
1.781082e+03	-1.632200e+04
1.781464e+03	6.300000e+01
1.781845e+03	2.465600e+04
1.782227e+03	4.175000e+03
1.782608e+03	-2.451900e+04
1.782990e+03	2.054300e+04
1.783371e+03	1.235000e+04
1.783752e+03	-2.451100e+04
1.784134e+03	-1.222100e+04
1.784515e+03	-3.272300e+04
1.784897e+03	-1.221800e+04
1.785278e+03	4.160000e+03
1.785660e+03	-1.632300e+04
1.786041e+03	8.266000e+03
1.786423e+03	-3.271400e+04
1.786804e+03	1.646300e+04
1.787186e+03	2.466300e+04
1.787567e+03	8.400000e+01
1.787949e+03	-2.450400e+04
1.788330e+03	2.054000e+04
1.788712e+03	2.463600e+04
1.789093e+03	-8.128000e+03
1.789474e+03	-2.043300e+04
1.789856e+03	6.500000e+01
1.790237e+03	4.169000e+03
1.790619e+03	1.235300e+04
1.791000e+03	1.641800e+04
1.791382e+03	-2.043100e+04
1.791763e+03	4.154000e+03
1.792145e+03	2.055300e+04
1.792526e+03	2.874600e+04
1.792908e+03	8.254000e+03
1.793289e+03	1.642300e+04
1.793671e+03	-2.861400e+04
1.794052e+03	-2.043600e+04
1.794434e+03	-2.862000e+04
1.794815e+03	5.800000e+01
1.795197e+03	1.643900e+04
1.795578e+03	-4.042000e+03
1.795959e+03	-2.043400e+04
1.796341e+03	-1.221900e+04
1.796722e+03	1.235900e+04
1.797104e+03	2.053300e+04
1.797485e+03	4.172000e+03
1.797867e+03	-3.268800e+04
1.798248e+03	2.055100e+04
1.798630e+03	-2.452700e+04
1.799011e+03	-2.451700e+04
1.799393e+03	2.054300e+04
1.799774e+03	7.600000e+01
1.800156e+03	-4.023000e+03
1.800537e+03	5.200000e+01
1.800919e+03	1.233700e+04
1.801300e+03	-2.042500e+04
1.801682e+03	4.169000e+03
1.802063e+03	1.645700e+04
1.802444e+03	4.145000e+03
1.802826e+03	-3.270300e+04
1.803207e+03	-8.130000e+03
1.803589e+03	6.700000e+01
1.803970e+03	1.236300e+04
1.804352e+03	1.235600e+04
1.804733e+03	1.235100e+04
1.805115e+03	2.464500e+04
1.805496e+03	4.151000e+03
1.805878e+03	1.234300e+04
1.806259e+03	8.247000e+03
1.806641e+03	1.644200e+04
1.807022e+03	-8.126000e+03
1.807404e+03	1.644000e+04
1.807785e+03	4.165000e+03
1.808167e+03	2.055300e+04
1.808548e+03	-1.632300e+04
1.808929e+03	-2.044300e+04
1.809311e+03	-2.044800e+04
1.809692e+03	6.200000e+01
1.810074e+03	2.874200e+04
1.810455e+03	2.054500e+04
1.810837e+03	8.248000e+03
1.811218e+03	-8.135000e+03
1.811600e+03	1.233400e+04
1.811981e+03	8.252000e+03
1.812363e+03	-2.042300e+04
1.812744e+03	2.053900e+04
1.813126e+03	-8.126000e+03
1.813507e+03	-1.631700e+04
1.813889e+03	-4.031000e+03
1.814270e+03	4.159000e+03
1.814651e+03	8.250000e+03
1.815033e+03	-2.452100e+04
1.815414e+03	2.873100e+04
1.815796e+03	-3.270700e+04
1.816177e+03	-1.632500e+04
1.816559e+03	1.644400e+04
1.816940e+03	-3.271100e+04
1.817322e+03	-8.132000e+03
1.817703e+03	-2.451000e+04
1.818085e+03	1.644100e+04
1.818466e+03	-2.041500e+04
1.818848e+03	2.055300e+04
1.819229e+03	4.166000e+03
1.819611e+03	-1.632200e+04
1.819992e+03	1.234800e+04
1.820374e+03	-4.046000e+03
1.820755e+03	8.250000e+03
1.821136e+03	2.872300e+04
1.821518e+03	2.054000e+04
1.821899e+03	4.160000e+03
1.822281e+03	-1.635200e+04
1.822662e+03	2.874200e+04
1.823044e+03	1.645700e+04
1.823425e+03	8.252000e+03
1.823807e+03	2.463000e+04
1.824188e+03	8.257000e+03
1.824570e+03	-1.222200e+04
1.824951e+03	6.800000e+01
1.825333e+03	-2.452400e+04
1.825714e+03	1.234600e+04
1.826096e+03	-1.631800e+04
1.826477e+03	-2.041500e+04
1.826859e+03	1.645000e+04
1.827240e+03	2.462000e+04
1.827621e+03	-2.860600e+04
1.828003e+03	1.236400e+04
1.828384e+03	-8.120000e+03
1.828766e+03	-1.632700e+04
1.829147e+03	4.145000e+03
1.829529e+03	-8.143000e+03
1.829910e+03	-4.044000e+03
1.830292e+03	2.873200e+04
1.830673e+03	-3.269800e+04
1.831055e+03	7.100000e+01
1.831436e+03	2.873000e+04
1.831818e+03	-1.633300e+04
1.832199e+03	-3.270900e+04
1.832581e+03	2.052800e+04
1.832962e+03	6.200000e+01
1.833344e+03	2.465100e+04
1.833725e+03	-4.018000e+03
1.834106e+03	8.267000e+03
1.834488e+03	-2.861100e+04
1.834869e+03	-2.450900e+04
1.835251e+03	-1.631500e+04
1.835632e+03	-8.137000e+03
1.836014e+03	-2.453600e+04
1.836395e+03	-1.632600e+04
1.836777e+03	-2.042700e+04
1.837158e+03	-2.042400e+04
1.837540e+03	1.235100e+04
1.837921e+03	2.053500e+04
1.838303e+03	-1.223500e+04
1.838684e+03	8.261000e+03
1.839066e+03	8.260000e+03
1.839447e+03	6.200000e+01
1.839828e+03	1.643900e+04
1.840210e+03	-2.451800e+04
1.840591e+03	-2.860300e+04
1.840973e+03	2.464500e+04
1.841354e+03	-3.270000e+04
1.841736e+03	-2.860100e+04
1.842117e+03	1.644600e+04
1.842499e+03	-3.271300e+04
1.842880e+03	-8.128000e+03
1.843262e+03	-2.452600e+04
1.843643e+03	-2.860700e+04
1.844025e+03	-3.270300e+04
1.844406e+03	-1.633100e+04
1.844788e+03	2.464600e+04
1.845169e+03	-1.631400e+04
1.845551e+03	-1.221400e+04
1.845932e+03	-3.268900e+04
1.846313e+03	1.236300e+04
1.846695e+03	2.463300e+04
1.847076e+03	-2.452900e+04
1.847458e+03	-2.043300e+04
1.847839e+03	-1.222300e+04
1.848221e+03	-8.132000e+03
1.848602e+03	-1.222500e+04
1.848984e+03	-1.221500e+04
1.849365e+03	2.054900e+04
1.849747e+03	1.800000e+01
1.850128e+03	4.155000e+03
1.850510e+03	-8.135000e+03
1.850891e+03	-2.041900e+04
1.851273e+03	2.463400e+04
1.851654e+03	2.053800e+04
1.852036e+03	1.235800e+04
1.852417e+03	4.165000e+03
1.852798e+03	-1.222400e+04
1.853180e+03	8.258000e+03
1.853561e+03	1.643800e+04
1.853943e+03	-2.861600e+04
1.854324e+03	8.260000e+03
1.854706e+03	-2.450900e+04
1.855087e+03	-4.040000e+03
1.855469e+03	-4.090000e+03
1.855850e+03	8.235000e+03
1.856232e+03	-8.151000e+03
1.856613e+03	1.643200e+04
1.856995e+03	4.158000e+03
1.857376e+03	7.100000e+01
1.857758e+03	-4.025000e+03
1.858139e+03	2.053600e+04
1.858521e+03	-2.450900e+04
1.858902e+03	-8.117000e+03
1.859283e+03	4.168000e+03
1.859665e+03	1.235500e+04
1.860046e+03	-3.269800e+04
1.860428e+03	-4.032000e+03
1.860809e+03	5.700000e+01
1.861191e+03	2.873000e+04
1.861572e+03	-1.224100e+04
1.861954e+03	-2.865400e+04
1.862335e+03	2.462900e+04
1.862717e+03	4.165000e+03
1.863098e+03	-8.121000e+03
1.863480e+03	-2.450900e+04
1.863861e+03	2.054700e+04
1.864243e+03	4.167000e+03
1.864624e+03	1.645300e+04
1.865005e+03	-4.041000e+03
1.865387e+03	-3.271400e+04
1.865768e+03	1.644900e+04
1.866150e+03	-3.270300e+04
1.866531e+03	6.000000e+01
1.866913e+03	-2.451800e+04
1.867294e+03	-1.633900e+04
1.867676e+03	-8.135000e+03
1.868057e+03	-1.632500e+04
1.868439e+03	-2.862600e+04
1.868820e+03	2.463600e+04
1.869202e+03	1.643400e+04
1.869583e+03	-3.271100e+04
1.869965e+03	1.235800e+04
1.870346e+03	2.463700e+04
1.870728e+03	1.644300e+04
1.871109e+03	2.874700e+04
1.871490e+03	-4.021000e+03
1.871872e+03	1.235800e+04
1.872253e+03	1.644800e+04
1.872635e+03	1.644700e+04
1.873016e+03	-2.451500e+04
1.873398e+03	-4.040000e+03
1.873779e+03	2.051500e+04
1.874161e+03	-2.864700e+04
1.874542e+03	-1.225400e+04
1.874924e+03	2.053400e+04
1.875305e+03	2.872800e+04
1.875687e+03	-4.042000e+03
1.876068e+03	1.234100e+04
1.876450e+03	2.461900e+04
1.876831e+03	2.463300e+04
1.877213e+03	-4.035000e+03
1.877594e+03	1.643800e+04
1.877975e+03	2.052900e+04
1.878357e+03	-2.454500e+04
1.878738e+03	-1.633000e+04
1.879120e+03	-1.222900e+04
1.879501e+03	-1.633200e+04
1.879883e+03	1.234900e+04
1.880264e+03	8.254000e+03
1.880646e+03	-2.451400e+04
1.881027e+03	1.645700e+04
1.881409e+03	8.266000e+03
1.881790e+03	-8.126000e+03
1.882172e+03	-2.453000e+04
1.882553e+03	4.154000e+03
1.882935e+03	-4.025000e+03
1.883316e+03	-2.859700e+04
1.883698e+03	1.645400e+04
1.884079e+03	-3.270800e+04
1.884460e+03	2.464000e+04
1.884842e+03	-1.632000e+04
1.885223e+03	1.644700e+04
1.885605e+03	2.873900e+04
1.885986e+03	4.168000e+03
1.886368e+03	1.235600e+04
1.886749e+03	1.641500e+04
1.887131e+03	2.874000e+04
1.887512e+03	7.200000e+01
1.887894e+03	-2.860600e+04
1.888275e+03	-4.028000e+03
1.888657e+03	-1.221900e+04
1.889038e+03	1.235300e+04
1.889420e+03	-2.041400e+04
1.889801e+03	-3.270500e+04
1.890182e+03	-2.044600e+04
1.890564e+03	-1.223400e+04
1.890945e+03	-2.861700e+04
1.891327e+03	2.873100e+04
1.891708e+03	2.873800e+04
1.892090e+03	-2.451100e+04
1.892471e+03	2.053800e+04
1.892853e+03	-1.223600e+04
1.893234e+03	-1.632800e+04
1.893616e+03	-1.633200e+04
1.893997e+03	-2.452500e+04
1.894379e+03	-1.632700e+04
1.894760e+03	-4.037000e+03
1.895142e+03	-1.632000e+04
1.895523e+03	1.235700e+04
1.895905e+03	2.055000e+04
1.896286e+03	-2.451200e+04
1.896667e+03	-2.043600e+04
1.897049e+03	2.463700e+04
1.897430e+03	8.252000e+03
1.897812e+03	-2.044200e+04
1.898193e+03	-8.127000e+03
1.898575e+03	4.161000e+03
1.898956e+03	8.216000e+03
1.899338e+03	-4.033000e+03
1.899719e+03	8.255000e+03
1.900101e+03	-2.044700e+04
1.900482e+03	-1.633600e+04
1.900864e+03	-4.055000e+03
1.901245e+03	-1.222500e+04
1.901627e+03	1.644900e+04
1.902008e+03	-4.050000e+03
1.902390e+03	-2.451400e+04
1.902771e+03	-2.451800e+04
1.903152e+03	-1.224000e+04
1.903534e+03	-2.041500e+04
1.903915e+03	-4.037000e+03
1.904297e+03	-8.123000e+03
1.904678e+03	7.500000e+01
1.905060e+03	8.257000e+03
1.905441e+03	-1.223200e+04
1.905823e+03	1.645300e+04
1.906204e+03	8.247000e+03
1.906586e+03	4.158000e+03
1.906967e+03	-2.450600e+04
1.907349e+03	2.873600e+04
1.907730e+03	4.600000e+01
1.908112e+03	2.872400e+04
1.908493e+03	-1.223500e+04
1.908875e+03	-2.042000e+04
1.909256e+03	8.249000e+03
1.909637e+03	-3.272000e+04
1.910019e+03	-2.041700e+04
1.910400e+03	-2.041500e+04
1.910782e+03	5.900000e+01
1.911163e+03	-2.041800e+04
1.911545e+03	2.874000e+04
1.911926e+03	8.250000e+03
1.912308e+03	4.900000e+01
1.912689e+03	-1.632000e+04
1.913071e+03	8.249000e+03
1.913452e+03	1.234000e+04
1.913834e+03	-1.222400e+04
1.914215e+03	6.000000e+01
1.914597e+03	1.232000e+04
1.914978e+03	4.137000e+03
1.915359e+03	8.230000e+03
1.915741e+03	1.643700e+04
1.916122e+03	4.800000e+01
1.916504e+03	-2.861700e+04
1.916885e+03	1.234400e+04
1.917267e+03	2.053800e+04
1.917648e+03	-2.451000e+04
1.918030e+03	2.463500e+04
1.918411e+03	-3.271100e+04
1.918793e+03	-4.027000e+03
1.919174e+03	2.463800e+04
1.919556e+03	-2.860700e+04
1.919937e+03	-1.631000e+04
1.920319e+03	-8.123000e+03
1.920700e+03	5.500000e+01
1.921082e+03	1.235600e+04
1.921463e+03	8.258000e+03
1.921844e+03	8.250000e+03
1.922226e+03	-2.861700e+04
1.922607e+03	-2.041000e+04
1.922989e+03	-1.630500e+04
1.923370e+03	1.236600e+04
1.923752e+03	8.256000e+03
1.924133e+03	2.053100e+04
1.924515e+03	4.156000e+03
1.924896e+03	-8.144000e+03
1.925278e+03	-2.452200e+04
1.925659e+03	-8.137000e+03
1.926041e+03	1.644500e+04
1.926422e+03	-2.042200e+04
1.926804e+03	2.869600e+04
1.927185e+03	6.300000e+01
1.927567e+03	-4.032000e+03
1.927948e+03	-8.142000e+03
1.928329e+03	-8.134000e+03
1.928711e+03	1.235100e+04
1.929092e+03	2.873200e+04
1.929474e+03	2.873200e+04
1.929855e+03	2.054600e+04
1.930237e+03	-1.222100e+04
1.930618e+03	-8.132000e+03
1.931000e+03	4.153000e+03
1.931381e+03	8.250000e+03
1.931763e+03	2.872300e+04
1.932144e+03	-4.042000e+03
1.932526e+03	-2.451700e+04
1.932907e+03	-1.633100e+04
1.933289e+03	-2.862600e+04
1.933670e+03	-1.223300e+04
1.934052e+03	-2.042000e+04
1.934433e+03	-1.633600e+04
1.934814e+03	-4.035000e+03
1.935196e+03	-8.122000e+03
1.935577e+03	2.054600e+04
1.935959e+03	-4.048000e+03
1.936340e+03	-4.043000e+03
1.936722e+03	-2.453400e+04
1.937103e+03	-2.452800e+04
1.937485e+03	8.255000e+03
1.937866e+03	4.158000e+03
1.938248e+03	4.149000e+03
1.938629e+03	-1.635000e+04
1.939011e+03	-3.272300e+04
1.939392e+03	8.246000e+03
1.939774e+03	-1.631500e+04
1.940155e+03	1.236000e+04
1.940537e+03	-2.451600e+04
1.940918e+03	2.872500e+04
1.941299e+03	-4.034000e+03
1.941681e+03	-2.452500e+04
1.942062e+03	-1.222800e+04
1.942444e+03	4.153000e+03
1.942825e+03	-2.452200e+04
1.943207e+03	-1.222200e+04
1.943588e+03	1.234900e+04
1.943970e+03	-4.031000e+03
1.944351e+03	-2.040900e+04
1.944733e+03	1.645000e+04
1.945114e+03	4.168000e+03
1.945496e+03	2.464900e+04
1.945877e+03	1.235500e+04
1.946259e+03	-2.450600e+04
1.946640e+03	2.874100e+04
1.947021e+03	2.052500e+04
1.947403e+03	1.644400e+04
1.947784e+03	1.644100e+04
1.948166e+03	5.000000e+01
1.948547e+03	4.157000e+03
1.948929e+03	-1.223200e+04
1.949310e+03	2.872900e+04
1.949692e+03	2.463500e+04
1.950073e+03	1.643300e+04
1.950455e+03	4.151000e+03
1.950836e+03	4.134000e+03
1.951218e+03	8.249000e+03
1.951599e+03	1.644800e+04
1.951981e+03	2.053500e+04
1.952362e+03	8.241000e+03
1.952744e+03	1.234300e+04
1.953125e+03	-8.144000e+03
1.953506e+03	1.644500e+04
1.953888e+03	-2.451200e+04
1.954269e+03	-2.452200e+04
1.954651e+03	-4.062000e+03
1.955032e+03	-1.223800e+04
1.955414e+03	-1.223600e+04
1.955795e+03	-3.271300e+04
1.956177e+03	-1.222300e+04
1.956558e+03	-2.450900e+04
1.956940e+03	2.053800e+04
1.957321e+03	-8.137000e+03
1.957703e+03	-2.041900e+04
1.958084e+03	-2.862200e+04
1.958466e+03	-2.861700e+04
1.958847e+03	-3.270500e+04
1.959229e+03	-2.452200e+04
1.959610e+03	-2.043800e+04
1.959991e+03	-3.270700e+04
1.960373e+03	-2.042100e+04
1.960754e+03	2.053300e+04
1.961136e+03	-2.453200e+04
1.961517e+03	1.644800e+04
1.961899e+03	-4.023000e+03
1.962280e+03	2.055400e+04
1.962662e+03	-1.222500e+04
1.963043e+03	5.500000e+01
1.963425e+03	-1.222300e+04
1.963806e+03	2.464000e+04
1.964188e+03	1.644300e+04
1.964569e+03	-8.137000e+03
1.964951e+03	-8.137000e+03
1.965332e+03	8.250000e+03
1.965714e+03	2.054800e+04
1.966095e+03	-8.120000e+03
1.966476e+03	-8.125000e+03
1.966858e+03	1.643200e+04
1.967239e+03	-2.862500e+04
1.967621e+03	2.052900e+04
1.968002e+03	2.053800e+04
1.968384e+03	4.153000e+03
1.968765e+03	2.872100e+04
1.969147e+03	2.053400e+04
1.969528e+03	-1.224700e+04
1.969910e+03	2.872900e+04
1.970291e+03	5.200000e+01
1.970673e+03	-2.041900e+04
1.971054e+03	4.174000e+03
1.971436e+03	7.900000e+01
1.971817e+03	-2.041400e+04
1.972198e+03	6.200000e+01
1.972580e+03	2.874200e+04
1.972961e+03	8.253000e+03
1.973343e+03	-1.632600e+04
1.973724e+03	-4.032000e+03
1.974106e+03	-1.631800e+04
1.974487e+03	-1.631700e+04
1.974869e+03	2.873500e+04
1.975250e+03	2.873300e+04
1.975632e+03	-1.222400e+04
1.976013e+03	-8.125000e+03
1.976395e+03	-1.222400e+04
1.976776e+03	-8.127000e+03
1.977158e+03	4.168000e+03
1.977539e+03	-1.222000e+04
1.977921e+03	2.461900e+04
1.978302e+03	-8.133000e+03
1.978683e+03	2.873300e+04
1.979065e+03	-8.128000e+03
1.979446e+03	1.235700e+04
1.979828e+03	8.253000e+03
1.980209e+03	2.462400e+04
1.980591e+03	-2.042300e+04
1.980972e+03	2.872100e+04
1.981354e+03	3.200000e+01
1.981735e+03	-3.272100e+04
1.982117e+03	-2.042500e+04
1.982498e+03	2.053000e+04
1.982880e+03	-4.038000e+03
1.983261e+03	-8.125000e+03
1.983643e+03	-2.451700e+04
1.984024e+03	-1.633400e+04
1.984406e+03	-1.222100e+04
1.984787e+03	-1.632600e+04
1.985168e+03	-1.633000e+04
1.985550e+03	-3.269900e+04
1.985931e+03	2.464300e+04
1.986313e+03	5.800000e+01
1.986694e+03	-4.048000e+03
1.987076e+03	-2.860700e+04
1.987457e+03	1.645500e+04
1.987839e+03	6.800000e+01
1.988220e+03	-2.042100e+04
1.988602e+03	1.234500e+04
1.988983e+03	2.870700e+04
1.989365e+03	1.233900e+04
1.989746e+03	-2.042900e+04
1.990128e+03	8.248000e+03
1.990509e+03	-2.861200e+04
1.990891e+03	-1.224700e+04
1.991272e+03	2.054100e+04
1.991653e+03	2.054800e+04
1.992035e+03	2.463000e+04
1.992416e+03	-2.451900e+04
1.992798e+03	2.054700e+04
1.993179e+03	-2.042400e+04
1.993561e+03	2.872600e+04
1.993942e+03	2.873700e+04
1.994324e+03	-4.042000e+03
1.994705e+03	1.644200e+04
1.995087e+03	-2.450700e+04
1.995468e+03	6.700000e+01
1.995850e+03	-3.270300e+04
1.996231e+03	2.055200e+04
1.996613e+03	-2.860300e+04
1.996994e+03	-2.452100e+04
1.997375e+03	2.871800e+04
1.997757e+03	-1.226100e+04
1.998138e+03	-8.133000e+03
1.998520e+03	-2.451300e+04
1.998901e+03	2.463300e+04
1.999283e+03	-2.862500e+04
1.999664e+03	-8.145000e+03
2.000046e+03	-4.037000e+03
2.000427e+03	2.872400e+04
2.000809e+03	5.800000e+01
2.001190e+03	-2.860200e+04
2.001572e+03	-2.860500e+04
2.001953e+03	-1.635300e+04
2.002335e+03	1.643600e+04
2.002716e+03	-8.142000e+03
2.003098e+03	2.874100e+04
2.003479e+03	-1.631300e+04
2.003860e+03	2.463600e+04
2.004242e+03	2.054800e+04
2.004623e+03	-2.040900e+04
2.005005e+03	-1.222600e+04
2.005386e+03	6.300000e+01
2.005768e+03	-1.632100e+04
2.006149e+03	2.873800e+04
2.006531e+03	1.235900e+04
2.006912e+03	4.163000e+03
2.007294e+03	-8.153000e+03
2.007675e+03	4.800000e+01
2.008057e+03	4.154000e+03
2.008438e+03	-2.860500e+04
2.008820e+03	8.261000e+03
2.009201e+03	4.157000e+03
2.009583e+03	2.462600e+04
2.009964e+03	4.116000e+03
2.010345e+03	4.150000e+03
2.010727e+03	2.054300e+04
2.011108e+03	-2.042100e+04
2.011490e+03	4.143000e+03
2.011871e+03	1.642600e+04
2.012253e+03	2.873600e+04
2.012634e+03	1.645400e+04
2.013016e+03	-4.028000e+03
2.013397e+03	-2.452400e+04
2.013779e+03	1.644400e+04
2.014160e+03	-3.269900e+04
2.014542e+03	6.400000e+01
2.014923e+03	1.644500e+04
2.015305e+03	-4.026000e+03
2.015686e+03	-2.450800e+04
2.016068e+03	5.800000e+01
2.016449e+03	-2.046300e+04
2.016830e+03	-1.222600e+04
2.017212e+03	-4.025000e+03
2.017593e+03	1.235600e+04
2.017975e+03	1.643900e+04
2.018356e+03	-2.860300e+04
2.018738e+03	1.645500e+04
2.019119e+03	-1.631700e+04
2.019501e+03	2.874300e+04
2.019882e+03	2.873900e+04
2.020264e+03	-3.270000e+04
2.020645e+03	-1.631100e+04
2.021027e+03	-1.631800e+04
2.021408e+03	1.234900e+04
2.021790e+03	2.054900e+04
2.022171e+03	4.158000e+03
2.022552e+03	-8.133000e+03
2.022934e+03	-1.222100e+04
2.023315e+03	2.463400e+04
2.023697e+03	2.461800e+04
2.024078e+03	-2.861400e+04
2.024460e+03	-2.451300e+04
2.024841e+03	-1.221900e+04
2.025223e+03	2.464300e+04
2.025604e+03	2.872800e+04
2.025986e+03	-1.633100e+04
2.026367e+03	-1.222400e+04
2.026749e+03	8.260000e+03
2.027130e+03	-4.038000e+03
2.027512e+03	-2.862200e+04
2.027893e+03	2.054500e+04
2.028275e+03	-2.862500e+04
2.028656e+03	-1.631700e+04
2.029037e+03	2.055500e+04
2.029419e+03	2.873800e+04
2.029800e+03	8.254000e+03
2.030182e+03	-1.221500e+04
2.030563e+03	-1.631600e+04
2.030945e+03	-3.272600e+04
2.031326e+03	-3.271700e+04
2.031708e+03	-2.042200e+04
2.032089e+03	2.463700e+04
2.032471e+03	-2.042900e+04
2.032852e+03	-3.270600e+04
2.033234e+03	-1.222200e+04
2.033615e+03	-2.861500e+04
2.033997e+03	8.246000e+03
2.034378e+03	-8.138000e+03
2.034760e+03	2.872500e+04
2.035141e+03	-3.270500e+04
2.035522e+03	-2.451500e+04
2.035904e+03	1.643700e+04
2.036285e+03	-4.046000e+03
2.036667e+03	-1.633900e+04
2.037048e+03	-2.451600e+04
2.037430e+03	2.053800e+04
2.037811e+03	2.461500e+04
2.038193e+03	-8.162000e+03
2.038574e+03	2.053300e+04
2.038956e+03	6.600000e+01
2.039337e+03	-2.451700e+04
2.039719e+03	2.463000e+04
2.040100e+03	-1.631700e+04
2.040482e+03	-1.633000e+04
2.040863e+03	8.255000e+03
2.041245e+03	1.645900e+04
2.041626e+03	-2.450600e+04
2.042007e+03	-2.862300e+04
2.042389e+03	-2.043300e+04
2.042770e+03	1.644100e+04
2.043152e+03	-1.223000e+04
2.043533e+03	-2.451900e+04
2.043915e+03	-2.860800e+04
2.044296e+03	-2.451600e+04
2.044678e+03	-2.862100e+04
2.045059e+03	2.874100e+04
2.045441e+03	-2.451000e+04
2.045822e+03	4.155000e+03
2.046204e+03	-2.041200e+04
2.046585e+03	-1.632100e+04
2.046967e+03	-1.632400e+04
2.047348e+03	2.054000e+04
2.047729e+03	2.052600e+04
2.048111e+03	7.000000e+01
2.048492e+03	-2.860100e+04
2.048874e+03	2.873500e+04
2.049255e+03	6.100000e+01
2.049637e+03	8.194000e+03
2.050018e+03	2.054500e+04
2.050400e+03	-3.270300e+04
2.050781e+03	4.600000e+01
2.051163e+03	2.055000e+04
2.051544e+03	8.260000e+03
2.051926e+03	2.462900e+04
2.052307e+03	8.254000e+03
2.052689e+03	1.642200e+04
2.053070e+03	-1.631600e+04
2.053452e+03	-4.024000e+03
2.053833e+03	8.251000e+03
2.054214e+03	-1.222700e+04
2.054596e+03	2.054600e+04
2.054977e+03	-2.454000e+04
2.055359e+03	-1.222600e+04
2.055740e+03	-8.139000e+03
2.056122e+03	-4.038000e+03
2.056503e+03	1.645600e+04
2.056885e+03	1.235400e+04
2.057266e+03	2.050600e+04
2.057648e+03	2.463900e+04
2.058029e+03	8.249000e+03
2.058411e+03	-1.632500e+04
2.058792e+03	2.873800e+04
2.059174e+03	8.237000e+03
2.059555e+03	8.263000e+03
2.059937e+03	1.646300e+04
2.060318e+03	1.645800e+04
2.060699e+03	4.157000e+03
2.061081e+03	1.645500e+04
2.061462e+03	-4.031000e+03
2.061844e+03	4.159000e+03
2.062225e+03	-1.631600e+04
2.062607e+03	-8.137000e+03
2.062988e+03	4.168000e+03
2.063370e+03	1.645900e+04
2.063751e+03	1.234900e+04
2.064133e+03	-8.133000e+03
2.064514e+03	-1.224300e+04
2.064896e+03	1.645800e+04
2.065277e+03	8.275000e+03
2.065659e+03	-2.859800e+04
2.066040e+03	2.873400e+04
2.066422e+03	1.237100e+04
2.066803e+03	-3.268500e+04
2.067184e+03	2.874900e+04
2.067566e+03	6.100000e+01
2.067947e+03	4.153000e+03
2.068329e+03	8.250000e+03
2.068710e+03	-2.452100e+04
2.069092e+03	2.872000e+04
2.069473e+03	4.137000e+03
2.069855e+03	-1.223500e+04
2.070236e+03	-4.035000e+03
2.070618e+03	1.233600e+04
2.070999e+03	-2.451500e+04
2.071381e+03	2.873800e+04
2.071762e+03	-2.042800e+04
2.072144e+03	-1.223000e+04
2.072525e+03	8.261000e+03
2.072906e+03	-3.269500e+04
2.073288e+03	-1.630800e+04
2.073669e+03	-3.269500e+04
2.074051e+03	1.234700e+04
2.074432e+03	-8.153000e+03
2.074814e+03	2.462300e+04
2.075195e+03	2.873100e+04
2.075577e+03	-1.222800e+04
2.075958e+03	-3.270400e+04
2.076340e+03	8.259000e+03
2.076721e+03	-8.134000e+03
2.077103e+03	1.643300e+04
2.077484e+03	-8.154000e+03
2.077866e+03	2.054900e+04
2.078247e+03	-3.269100e+04
2.078629e+03	2.874700e+04
2.079010e+03	2.054700e+04
2.079391e+03	2.463200e+04
2.079773e+03	-8.180000e+03
2.080154e+03	-1.223200e+04
2.080536e+03	8.253000e+03
2.080917e+03	-2.451500e+04
2.081299e+03	2.872700e+04
2.081680e+03	5.800000e+01
2.082062e+03	6.700000e+01
2.082443e+03	-3.270800e+04
2.082825e+03	-2.451800e+04
2.083206e+03	6.400000e+01
2.083588e+03	-1.223400e+04
2.083969e+03	4.159000e+03
2.084351e+03	-2.860800e+04
2.084732e+03	-2.861000e+04
2.085114e+03	2.054600e+04
2.085495e+03	4.136000e+03
2.085876e+03	2.874300e+04
2.086258e+03	2.874900e+04
2.086639e+03	2.464400e+04
2.087021e+03	-4.052000e+03
2.087402e+03	4.159000e+03
2.087784e+03	-1.223400e+04
2.088165e+03	-4.039000e+03
2.088547e+03	4.300000e+01
2.088928e+03	2.463800e+04
2.089310e+03	-1.222400e+04
2.089691e+03	1.641700e+04
2.090073e+03	2.873500e+04
2.090454e+03	-8.139000e+03
2.090836e+03	2.464600e+04
2.091217e+03	4.174000e+03
2.091599e+03	-8.122000e+03
2.091980e+03	-1.222800e+04
2.092361e+03	-2.451200e+04
2.092743e+03	4.400000e+01
2.093124e+03	2.873400e+04
2.093506e+03	2.462800e+04
2.093887e+03	-3.270500e+04
2.094269e+03	4.165000e+03
2.094650e+03	-8.139000e+03
2.095032e+03	-2.041700e+04
2.095413e+03	-2.452100e+04
2.095795e+03	8.263000e+03
2.096176e+03	-2.450000e+04
2.096558e+03	2.463600e+04
2.096939e+03	-1.631700e+04
2.097321e+03	-1.631300e+04
2.097702e+03	2.462400e+04
2.098083e+03	-1.630700e+04
2.098465e+03	2.874800e+04
2.098846e+03	-2.455800e+04
2.099228e+03	-2.860100e+04
2.099609e+03	4.163000e+03
2.099991e+03	-1.223000e+04
2.100372e+03	-2.042100e+04
2.100754e+03	-2.451600e+04
2.101135e+03	7.100000e+01
2.101517e+03	-8.143000e+03
2.101898e+03	8.264000e+03
2.102280e+03	-2.450100e+04
2.102661e+03	-8.137000e+03
2.103043e+03	-1.631700e+04
2.103424e+03	8.249000e+03
2.103806e+03	2.465400e+04
2.104187e+03	-2.858900e+04
2.104568e+03	-8.125000e+03
2.104950e+03	-1.631200e+04
2.105331e+03	-2.450400e+04
2.105713e+03	-4.025000e+03
2.106094e+03	-2.858700e+04
2.106476e+03	1.646100e+04
2.106857e+03	1.645500e+04
2.107239e+03	-8.111000e+03
2.107620e+03	6.800000e+01
2.108002e+03	-2.858800e+04
2.108383e+03	-8.113000e+03
2.108765e+03	-2.450200e+04
2.109146e+03	-8.103000e+03
2.109528e+03	-2.449900e+04
2.109909e+03	-3.268500e+04
2.110291e+03	1.647100e+04
2.110672e+03	-1.222100e+04
2.111053e+03	-2.857800e+04
2.111435e+03	-2.039400e+04
2.111816e+03	8.282000e+03
2.112198e+03	-3.996000e+03
2.112579e+03	-8.116000e+03
2.112961e+03	8.295000e+03
2.113342e+03	2.877700e+04
2.113724e+03	9.900000e+01
2.114105e+03	2.060500e+04
2.114487e+03	2.061200e+04
2.114868e+03	-2.035000e+04
2.115250e+03	-1.217000e+04
2.115631e+03	8.100000e+01
2.116013e+03	4.204000e+03
2.116394e+03	1.238300e+04
2.116776e+03	9.200000e+01
2.117157e+03	2.467400e+04
2.117538e+03	-8.127000e+03
2.117920e+03	-3.267600e+04
2.118301e+03	4.184000e+03
2.118683e+03	-1.221500e+04
2.119064e+03	-3.267900e+04
2.119446e+03	2.055200e+04
2.119827e+03	-2.449400e+04
2.120209e+03	4.181000e+03
2.120590e+03	-2.864100e+04
2.120972e+03	-1.630100e+04
2.121353e+03	-8.113000e+03
2.121735e+03	-8.117000e+03
2.122116e+03	-3.268700e+04
2.122498e+03	-2.042100e+04
2.122879e+03	7.100000e+01
2.123261e+03	-2.860800e+04
2.123642e+03	4.170000e+03
2.124023e+03	1.646700e+04
2.124405e+03	-4.025000e+03
2.124786e+03	-3.269900e+04
2.125168e+03	-8.116000e+03
2.125549e+03	-2.041700e+04
2.125931e+03	1.645400e+04
2.126312e+03	-1.632200e+04
2.126694e+03	-2.041800e+04
2.127075e+03	-4.025000e+03
2.127457e+03	-3.271500e+04
2.127838e+03	-1.631100e+04
2.128220e+03	7.400000e+01
2.128601e+03	-8.154000e+03
2.128983e+03	1.645200e+04
2.129364e+03	-3.270300e+04
2.129745e+03	2.462600e+04
2.130127e+03	2.463600e+04
2.130508e+03	-3.273600e+04
2.130890e+03	-1.222500e+04
2.131271e+03	-2.451800e+04
2.131653e+03	-2.043500e+04
2.132034e+03	1.234300e+04
2.132416e+03	5.600000e+01
2.132797e+03	1.645700e+04
2.133179e+03	-1.631300e+04
2.133560e+03	2.872300e+04
2.133942e+03	6.700000e+01
2.134323e+03	-2.860800e+04
2.134705e+03	-4.049000e+03
2.135086e+03	-8.132000e+03
2.135468e+03	2.054100e+04
2.135849e+03	2.463400e+04
2.136230e+03	-1.634000e+04
2.136612e+03	-2.862000e+04
2.136993e+03	-1.632100e+04
2.137375e+03	-1.222800e+04
2.137756e+03	-8.144000e+03
2.138138e+03	-2.862000e+04
2.138519e+03	2.464500e+04
2.138901e+03	2.054900e+04
2.139282e+03	2.462700e+04
2.139664e+03	8.252000e+03
2.140045e+03	-2.451300e+04
2.140427e+03	2.462800e+04
2.140808e+03	-1.225200e+04
2.141190e+03	-8.155000e+03
2.141571e+03	4.154000e+03
2.141953e+03	-8.135000e+03
2.142334e+03	-3.270800e+04
2.142715e+03	4.155000e+03
2.143097e+03	2.870900e+04
2.143478e+03	-2.450900e+04
2.143860e+03	7.000000e+01
2.144241e+03	-2.041500e+04
2.144623e+03	-8.124000e+03
2.145004e+03	-1.223200e+04
2.145386e+03	-1.631600e+04
2.145767e+03	-1.631000e+04
2.146149e+03	2.054400e+04
2.146530e+03	-3.270000e+04
2.146912e+03	1.645800e+04
2.147293e+03	-1.632100e+04
2.147675e+03	-3.270900e+04
2.148056e+03	1.644000e+04
2.148438e+03	-2.041400e+04
2.148819e+03	-2.860100e+04
2.149200e+03	-2.042500e+04
2.149582e+03	1.644200e+04
2.149963e+03	-4.041000e+03
2.150345e+03	6.200000e+01
2.150726e+03	1.236300e+04
2.151108e+03	2.054800e+04
2.151489e+03	-2.860700e+04
2.151871e+03	8.267000e+03
2.152252e+03	-2.451400e+04
2.152634e+03	4.159000e+03
2.153015e+03	8.264000e+03
2.153397e+03	-3.270500e+04
2.153778e+03	4.166000e+03
2.154160e+03	8.257000e+03
2.154541e+03	-3.271700e+04
2.154922e+03	-2.860100e+04
2.155304e+03	-2.041400e+04
2.155685e+03	-2.041700e+04
2.156067e+03	4.166000e+03
2.156448e+03	-3.270000e+04
2.156830e+03	8.260000e+03
2.157211e+03	2.872500e+04
2.157593e+03	1.644900e+04
2.157974e+03	-2.450400e+04
2.158356e+03	6.200000e+01
2.158737e+03	2.872900e+04
2.159119e+03	-2.042000e+04
2.159500e+03	2.871000e+04
2.159882e+03	1.643800e+04
2.160263e+03	4.148000e+03
2.160645e+03	8.268000e+03
2.161026e+03	-1.630600e+04
2.161407e+03	-1.632100e+04
2.161789e+03	-3.268800e+04
2.162170e+03	-2.039300e+04
2.162552e+03	2.056500e+04
2.162933e+03	2.464900e+04
2.163315e+03	-1.223300e+04
2.163696e+03	2.873400e+04
2.164078e+03	2.053500e+04
2.164459e+03	-4.063000e+03
2.164841e+03	-8.130000e+03
2.165222e+03	-3.270800e+04
2.165604e+03	-1.634100e+04
2.165985e+03	8.259000e+03
2.166367e+03	2.055000e+04
2.166748e+03	8.262000e+03
2.167130e+03	1.236100e+04
2.167511e+03	2.464600e+04
2.167892e+03	-3.270100e+04
2.168274e+03	-3.270000e+04
2.168655e+03	8.257000e+03
2.169037e+03	-2.042300e+04
2.169418e+03	2.054000e+04
2.169800e+03	1.234800e+04
2.170181e+03	-3.271300e+04
2.170563e+03	2.462200e+04
2.170944e+03	1.233900e+04
2.171326e+03	4.160000e+03
2.171707e+03	1.235100e+04
2.172089e+03	-2.042400e+04
2.172470e+03	4.152000e+03
2.172852e+03	-4.056000e+03
2.173233e+03	6.300000e+01
2.173615e+03	-8.123000e+03
2.173996e+03	4.155000e+03
2.174377e+03	-4.037000e+03
2.174759e+03	2.874100e+04
2.175140e+03	4.154000e+03
2.175522e+03	6.000000e+01
2.175903e+03	1.235900e+04
2.176285e+03	2.054300e+04
2.176666e+03	-3.272300e+04
2.177048e+03	-2.042000e+04
2.177429e+03	-1.223500e+04
2.177811e+03	-1.633800e+04
2.178192e+03	-2.452100e+04
2.178574e+03	2.054900e+04
2.178955e+03	4.169000e+03
2.179337e+03	-1.222200e+04
2.179718e+03	1.641000e+04
2.180099e+03	4.160000e+03
2.180481e+03	-2.860700e+04
2.180862e+03	2.053700e+04
2.181244e+03	-2.043200e+04
2.181625e+03	-4.058000e+03
2.182007e+03	-2.043100e+04
2.182388e+03	-8.129000e+03
2.182770e+03	-8.128000e+03
2.183151e+03	2.052700e+04
2.183533e+03	-1.633600e+04
2.183914e+03	8.242000e+03
2.184296e+03	4.600000e+01
2.184677e+03	1.644300e+04
2.185059e+03	-2.452500e+04
2.185440e+03	4.153000e+03
2.185822e+03	8.256000e+03
2.186203e+03	-1.632500e+04
2.186584e+03	-1.222900e+04
2.186966e+03	-8.132000e+03
2.187347e+03	2.054800e+04
2.187729e+03	-4.025000e+03
2.188110e+03	-4.033000e+03
2.188492e+03	1.233500e+04
2.188873e+03	-4.031000e+03
2.189255e+03	1.644800e+04
2.189636e+03	-1.632000e+04
2.190018e+03	-4.035000e+03
2.190399e+03	-8.137000e+03
2.190781e+03	1.235900e+04
2.191162e+03	-2.040800e+04
2.191544e+03	1.235100e+04
2.191925e+03	2.051600e+04
2.192307e+03	-2.044400e+04
2.192688e+03	2.462200e+04
2.193069e+03	-3.271600e+04
2.193451e+03	-2.042500e+04
2.193832e+03	-2.451700e+04
2.194214e+03	-4.047000e+03
2.194595e+03	2.053100e+04
2.194977e+03	2.462900e+04
2.195358e+03	2.463300e+04
2.195740e+03	2.054700e+04
2.196121e+03	-8.127000e+03
2.196503e+03	4.151000e+03
2.196884e+03	2.870500e+04
2.197266e+03	-3.271600e+04
2.197647e+03	4.164000e+03
2.198029e+03	2.874500e+04
2.198410e+03	1.236000e+04
2.198792e+03	-2.041300e+04
2.199173e+03	2.873000e+04
2.199554e+03	4.700000e+01
2.199936e+03	-3.271400e+04
2.200317e+03	1.233600e+04
2.200699e+03	3.500000e+01
2.201080e+03	-2.860700e+04
2.201462e+03	-8.122000e+03
2.201843e+03	-1.222300e+04
2.202225e+03	-1.633800e+04
2.202606e+03	-1.631300e+04
2.202988e+03	-1.631200e+04
2.203369e+03	8.253000e+03
2.203751e+03	-1.632600e+04
2.204132e+03	-2.860800e+04
2.204514e+03	2.463500e+04
2.204895e+03	2.872600e+04
2.205276e+03	1.645400e+04
2.205658e+03	1.645700e+04
2.206039e+03	-2.861400e+04
2.206421e+03	-1.222400e+04
2.206802e+03	-2.040900e+04
2.207184e+03	-2.452200e+04
2.207565e+03	8.254000e+03
2.207947e+03	-4.027000e+03
2.208328e+03	1.236200e+04
2.208710e+03	-3.268700e+04
2.209091e+03	-2.040300e+04
2.209473e+03	1.645900e+04
2.209854e+03	-2.039500e+04
2.210236e+03	-2.858600e+04
2.210617e+03	-2.859800e+04
2.210999e+03	2.053100e+04
2.211380e+03	8.261000e+03
2.211761e+03	6.200000e+01
2.212143e+03	4.154000e+03
2.212524e+03	-1.223500e+04
2.212906e+03	-1.633300e+04
2.213287e+03	-1.632800e+04
2.213669e+03	5.800000e+01
2.214050e+03	4.153000e+03
2.214432e+03	2.871800e+04
2.214813e+03	-2.861100e+04
2.215195e+03	-2.041300e+04
2.215576e+03	-3.270900e+04
2.215958e+03	1.234500e+04
2.216339e+03	-2.450600e+04
2.216721e+03	-1.631300e+04
2.217102e+03	2.053900e+04
2.217484e+03	1.643600e+04
2.217865e+03	1.235400e+04
2.218246e+03	2.873000e+04
2.218628e+03	2.053600e+04
2.219009e+03	-2.041900e+04
2.219391e+03	-2.453600e+04
2.219772e+03	-4.036000e+03
2.220154e+03	-4.031000e+03
2.220535e+03	-2.861400e+04
2.220917e+03	-2.042600e+04
2.221298e+03	-3.271600e+04
2.221680e+03	-2.861300e+04
2.222061e+03	2.054300e+04
2.222443e+03	-2.861800e+04
2.222824e+03	1.234900e+04
2.223206e+03	6.400000e+01
2.223587e+03	2.873000e+04
2.223969e+03	-2.042300e+04
2.224350e+03	-2.452400e+04
2.224731e+03	2.462600e+04
2.225113e+03	2.054000e+04
2.225494e+03	-1.632700e+04
2.225876e+03	1.644200e+04
2.226257e+03	2.873400e+04
2.226639e+03	1.234300e+04
2.227020e+03	-2.042600e+04
2.227402e+03	-2.451300e+04
2.227783e+03	-8.129000e+03
2.228165e+03	2.872800e+04
2.228546e+03	-2.042700e+04
2.228928e+03	-2.861700e+04
2.229309e+03	8.217000e+03
2.229691e+03	-1.633100e+04
2.230072e+03	1.643300e+04
2.230453e+03	1.643800e+04
2.230835e+03	-2.861000e+04
2.231216e+03	-3.272000e+04
2.231598e+03	-1.222300e+04
2.231979e+03	1.645600e+04
2.232361e+03	-2.041400e+04
2.232742e+03	-1.223200e+04
2.233124e+03	-2.451400e+04
2.233505e+03	-2.453100e+04
2.233887e+03	8.256000e+03
2.234268e+03	-1.631300e+04
2.234650e+03	2.874300e+04
2.235031e+03	1.235700e+04
2.235413e+03	-1.632300e+04
2.235794e+03	8.249000e+03
2.236176e+03	2.054700e+04
2.236557e+03	-1.631800e+04
2.236938e+03	-2.042200e+04
2.237320e+03	-3.272100e+04
2.237701e+03	1.642500e+04
2.238083e+03	-3.270700e+04
2.238464e+03	2.054800e+04
2.238846e+03	-1.632100e+04
2.239227e+03	2.872600e+04
2.239609e+03	-3.270100e+04
2.239990e+03	-1.221900e+04
2.240372e+03	-2.451500e+04
2.240753e+03	8.242000e+03
2.241135e+03	-2.042000e+04
2.241516e+03	2.873500e+04
2.241898e+03	1.234700e+04
2.242279e+03	-3.274800e+04
2.242661e+03	-2.860800e+04
2.243042e+03	1.235900e+04
2.243423e+03	-3.269600e+04
2.243805e+03	2.874500e+04
2.244186e+03	-8.121000e+03
2.244568e+03	2.054300e+04
2.244949e+03	4.131000e+03
2.245331e+03	1.234400e+04
2.245712e+03	2.054700e+04
2.246094e+03	6.800000e+01
2.246475e+03	2.054300e+04
2.246857e+03	2.054800e+04
2.247238e+03	-2.450900e+04
2.247620e+03	-2.860500e+04
2.248001e+03	8.266000e+03
2.248383e+03	1.236000e+04
2.248764e+03	2.872400e+04
2.249146e+03	5.900000e+01
2.249527e+03	1.235500e+04
2.249908e+03	-2.451600e+04
2.250290e+03	2.462200e+04
2.250671e+03	-4.034000e+03
2.251053e+03	-2.860400e+04
2.251434e+03	-4.032000e+03
2.251816e+03	2.053700e+04
2.252197e+03	-4.033000e+03
2.252579e+03	-2.451600e+04
2.252960e+03	2.053100e+04
2.253342e+03	2.873900e+04
2.253723e+03	-2.041000e+04
2.254105e+03	2.873700e+04
2.254486e+03	2.462900e+04
2.254868e+03	2.053300e+04
2.255249e+03	1.643000e+04
2.255630e+03	-3.271600e+04
2.256012e+03	2.463000e+04
2.256393e+03	2.054200e+04
2.256775e+03	-3.269600e+04
2.257156e+03	7.600000e+01
2.257538e+03	2.465000e+04
2.257919e+03	4.168000e+03
2.258301e+03	-1.631500e+04
2.258682e+03	-2.451300e+04
2.259064e+03	4.157000e+03
2.259445e+03	-2.861100e+04
2.259827e+03	2.054600e+04
2.260208e+03	-3.269900e+04
2.260590e+03	4.164000e+03
2.260971e+03	-1.632800e+04
2.261353e+03	1.644300e+04
2.261734e+03	1.235600e+04
2.262115e+03	2.874300e+04
2.262497e+03	4.157000e+03
2.262878e+03	5.600000e+01
2.263260e+03	1.645800e+04
2.263641e+03	-1.221200e+04
2.264023e+03	-4.027000e+03
2.264404e+03	-2.043100e+04
2.264786e+03	6.000000e+01
2.265167e+03	-8.153000e+03
2.265549e+03	-1.222600e+04
2.265930e+03	-1.221800e+04
2.266312e+03	-1.632000e+04
2.266693e+03	2.462400e+04
2.267075e+03	-4.051000e+03
2.267456e+03	-2.452000e+04
2.267838e+03	-1.632600e+04
2.268219e+03	2.872300e+04
2.268600e+03	8.259000e+03
2.268982e+03	-2.860100e+04
2.269363e+03	1.644900e+04
2.269745e+03	2.050700e+04
2.270126e+03	-2.861000e+04
2.270508e+03	1.645800e+04
2.270889e+03	-2.859700e+04
2.271271e+03	2.464200e+04
2.271652e+03	-2.863600e+04
2.272034e+03	1.642700e+04
2.272415e+03	2.873400e+04
2.272797e+03	1.645500e+04
2.273178e+03	8.254000e+03
2.273560e+03	6.500000e+01
2.273941e+03	-2.449900e+04
2.274323e+03	1.645800e+04
2.274704e+03	1.641000e+04
2.275085e+03	2.873800e+04
2.275467e+03	-2.041900e+04
2.275848e+03	1.643100e+04
2.276230e+03	2.873400e+04
2.276611e+03	2.053300e+04
2.276993e+03	-4.037000e+03
2.277374e+03	-1.632800e+04
2.277756e+03	-2.863600e+04
2.278137e+03	-2.861200e+04
2.278519e+03	-3.271900e+04
2.278900e+03	1.643700e+04
2.279282e+03	2.463500e+04
2.279663e+03	4.600000e+01
2.280045e+03	2.874100e+04
2.280426e+03	-3.269700e+04
2.280807e+03	-8.135000e+03
2.281189e+03	-2.861100e+04
2.281570e+03	-2.451300e+04
2.281952e+03	1.643900e+04
2.282333e+03	-2.451000e+04
2.282715e+03	-8.126000e+03
2.283096e+03	-2.861800e+04
2.283478e+03	2.054300e+04
2.283859e+03	1.235800e+04
2.284241e+03	-2.041200e+04
2.284622e+03	-3.270700e+04
2.285004e+03	-2.044700e+04
2.285385e+03	-4.044000e+03
2.285767e+03	8.256000e+03
2.286148e+03	-2.041500e+04
2.286530e+03	2.872900e+04
2.286911e+03	-4.054000e+03
2.287292e+03	-2.861400e+04
2.287674e+03	-2.451900e+04
2.288055e+03	-2.453000e+04
2.288437e+03	-8.154000e+03
2.288818e+03	-2.863700e+04
2.289200e+03	1.234800e+04
2.289581e+03	2.054500e+04
2.289963e+03	-1.632100e+04
2.290344e+03	5.800000e+01
2.290726e+03	5.900000e+01
2.291107e+03	4.149000e+03
2.291489e+03	-3.271200e+04
2.291870e+03	-8.132000e+03
2.292252e+03	2.871500e+04
2.292633e+03	-1.633600e+04
2.293015e+03	-2.861800e+04
2.293396e+03	2.461600e+04
2.293777e+03	2.464000e+04
2.294159e+03	2.054300e+04
2.294540e+03	2.871500e+04
2.294922e+03	8.259000e+03
2.295303e+03	1.645000e+04
2.295685e+03	-1.636500e+04
2.296066e+03	-3.269900e+04
2.296448e+03	-2.040900e+04
2.296829e+03	-4.037000e+03
2.297211e+03	6.000000e+01
2.297592e+03	-1.222800e+04
2.297974e+03	1.234200e+04
2.298355e+03	2.873900e+04
2.298737e+03	-2.450800e+04
2.299118e+03	-4.033000e+03
2.299500e+03	-1.631900e+04
2.299881e+03	6.000000e+01
2.300262e+03	1.232100e+04
2.300644e+03	-1.632300e+04
2.301025e+03	1.234800e+04
2.301407e+03	2.461800e+04
2.301788e+03	-2.861700e+04
2.302170e+03	2.053600e+04
2.302551e+03	1.643000e+04
2.302933e+03	1.642900e+04
2.303314e+03	8.252000e+03
2.303696e+03	4.165000e+03
2.304077e+03	1.645300e+04
2.304459e+03	-2.042100e+04
2.304840e+03	2.053400e+04
2.305222e+03	-4.038000e+03
2.305603e+03	4.136000e+03
2.305984e+03	2.872300e+04
2.306366e+03	1.235200e+04
2.306747e+03	6.200000e+01
2.307129e+03	-8.145000e+03
2.307510e+03	-1.224400e+04
2.307892e+03	8.239000e+03
2.308273e+03	-8.135000e+03
2.308655e+03	2.054500e+04
2.309036e+03	-1.222600e+04
2.309418e+03	8.236000e+03
2.309799e+03	-1.223400e+04
2.310181e+03	-2.862200e+04
2.310562e+03	-3.270700e+04
2.310944e+03	1.235700e+04
2.311325e+03	8.257000e+03
2.311707e+03	-3.272900e+04
2.312088e+03	-8.142000e+03
2.312469e+03	8.233000e+03
2.312851e+03	4.153000e+03
2.313232e+03	2.054200e+04
2.313614e+03	-1.223700e+04
2.313995e+03	-2.042400e+04
2.314377e+03	1.644800e+04
2.314758e+03	-1.632700e+04
2.315140e+03	8.233000e+03
2.315521e+03	-3.270400e+04
2.315903e+03	-8.125000e+03
2.316284e+03	-2.451200e+04
2.316666e+03	1.644000e+04
2.317047e+03	-1.633300e+04
2.317429e+03	4.146000e+03
2.317810e+03	4.147000e+03
2.318192e+03	5.200000e+01
2.318573e+03	1.642400e+04
2.318954e+03	1.643300e+04
2.319336e+03	1.235500e+04
2.319717e+03	2.464500e+04
2.320099e+03	4.155000e+03
2.320480e+03	-2.042600e+04
2.320862e+03	2.464400e+04
2.321243e+03	2.054300e+04
2.321625e+03	1.231800e+04
2.322006e+03	1.234800e+04
2.322388e+03	-2.452200e+04
2.322769e+03	2.052000e+04
2.323151e+03	1.643900e+04
2.323532e+03	8.244000e+03
2.323914e+03	2.053100e+04
2.324295e+03	-4.062000e+03
2.324677e+03	-2.452500e+04
2.325058e+03	-8.132000e+03
2.325439e+03	-8.143000e+03
2.325821e+03	-2.863500e+04
2.326202e+03	-1.632700e+04
2.326584e+03	4.166000e+03
2.326965e+03	2.055400e+04
2.327347e+03	4.163000e+03
2.327728e+03	-1.222300e+04
2.328110e+03	-1.630700e+04
2.328491e+03	-2.040400e+04
2.328873e+03	-1.631700e+04
2.329254e+03	1.235900e+04
2.329636e+03	-2.040800e+04
2.330017e+03	-3.270400e+04
2.330399e+03	-1.223400e+04
2.330780e+03	1.234300e+04
2.331162e+03	4.153000e+03
2.331543e+03	-1.633000e+04
2.331924e+03	-1.223700e+04
2.332306e+03	-2.451200e+04
2.332687e+03	1.644500e+04
2.333069e+03	8.237000e+03
2.333450e+03	6.900000e+01
2.333832e+03	-2.040700e+04
2.334213e+03	-2.860800e+04
2.334595e+03	2.051100e+04
2.334976e+03	8.250000e+03
2.335358e+03	2.053100e+04
2.335739e+03	-2.451100e+04
2.336121e+03	2.464900e+04
2.336502e+03	-3.269900e+04
2.336884e+03	2.872800e+04
2.337265e+03	8.239000e+03
2.337646e+03	-2.861600e+04
2.338028e+03	-8.131000e+03
2.338409e+03	-8.134000e+03
2.338791e+03	2.052900e+04
2.339172e+03	-3.270300e+04
2.339554e+03	-2.450600e+04
2.339935e+03	1.235800e+04
2.340317e+03	-1.222500e+04
2.340698e+03	2.052200e+04
2.341080e+03	-2.042000e+04
2.341461e+03	-1.222300e+04
2.341843e+03	2.463600e+04
2.342224e+03	2.873000e+04
2.342606e+03	1.644200e+04
2.342987e+03	2.052900e+04
2.343369e+03	-2.043400e+04
2.343750e+03	2.873100e+04
2.344131e+03	1.644100e+04
2.344513e+03	2.463000e+04
2.344894e+03	-1.222100e+04
2.345276e+03	2.464200e+04
2.345657e+03	-3.270900e+04
2.346039e+03	-2.449900e+04
2.346420e+03	-3.268700e+04
2.346802e+03	-1.631000e+04
2.347183e+03	1.644400e+04
2.347565e+03	-2.041400e+04
2.347946e+03	8.259000e+03
2.348328e+03	-3.270000e+04
2.348709e+03	8.255000e+03
2.349091e+03	2.053100e+04
2.349472e+03	-2.860800e+04
2.349854e+03	2.463000e+04
2.350235e+03	2.053200e+04
2.350616e+03	2.463900e+04
2.350998e+03	1.643800e+04
2.351379e+03	8.250000e+03
2.351761e+03	8.250000e+03
2.352142e+03	-2.043500e+04
2.352524e+03	2.462800e+04
2.352905e+03	-8.130000e+03
2.353287e+03	-2.859500e+04
2.353668e+03	1.646400e+04
2.354050e+03	-1.631300e+04
2.354431e+03	1.642100e+04
2.354813e+03	-2.860800e+04
2.355194e+03	2.053000e+04
2.355576e+03	-8.132000e+03
2.355957e+03	2.464100e+04
2.356339e+03	4.142000e+03
2.356720e+03	8.253000e+03
2.357101e+03	-1.222300e+04
2.357483e+03	-1.223000e+04
2.357864e+03	-4.045000e+03
2.358246e+03	1.644200e+04
2.358627e+03	8.256000e+03
2.359009e+03	1.644100e+04
2.359390e+03	-2.862000e+04
2.359772e+03	-2.451000e+04
2.360153e+03	2.464100e+04
2.360535e+03	-1.223200e+04
2.360916e+03	-1.224000e+04
2.361298e+03	-1.632400e+04
2.361679e+03	2.054900e+04
2.362061e+03	-3.270000e+04
2.362442e+03	-4.045000e+03
2.362823e+03	2.873100e+04
2.363205e+03	-2.450600e+04
2.363586e+03	2.874000e+04
2.363968e+03	4.147000e+03
2.364349e+03	-1.632500e+04
2.364731e+03	-1.632300e+04
2.365112e+03	-1.634700e+04
2.365494e+03	-2.042700e+04
2.365875e+03	4.151000e+03
2.366257e+03	-3.272200e+04
2.366638e+03	1.234700e+04
2.367020e+03	4.162000e+03
2.367401e+03	-1.631400e+04
2.367783e+03	-1.222000e+04
2.368164e+03	2.054000e+04
2.368546e+03	2.464000e+04
2.368927e+03	-2.041800e+04
2.369308e+03	1.232400e+04
2.369690e+03	-2.861600e+04
2.370071e+03	2.053700e+04
2.370453e+03	2.053400e+04
2.370834e+03	-2.043700e+04
2.371216e+03	-4.037000e+03
2.371597e+03	-3.269800e+04
2.371979e+03	8.258000e+03
2.372360e+03	2.872700e+04
2.372742e+03	2.874300e+04
2.373123e+03	-2.450600e+04
2.373505e+03	-2.451900e+04
2.373886e+03	2.873100e+04
2.374268e+03	2.873200e+04
2.374649e+03	-2.041400e+04
2.375031e+03	2.874600e+04
2.375412e+03	7.600000e+01
2.375793e+03	-1.221800e+04
2.376175e+03	2.054200e+04
2.376556e+03	6.400000e+01
2.376938e+03	6.400000e+01
2.377319e+03	2.872400e+04
2.377701e+03	1.231800e+04
2.378082e+03	8.239000e+03
2.378464e+03	1.233300e+04
2.378845e+03	1.233900e+04
2.379227e+03	-2.451500e+04
2.379608e+03	1.644900e+04
2.379990e+03	-1.632600e+04
2.380371e+03	8.212000e+03
2.380753e+03	-2.043700e+04
2.381134e+03	8.225000e+03
2.381516e+03	1.234100e+04
2.381897e+03	-1.632700e+04
2.382278e+03	-1.632800e+04
2.382660e+03	-1.222800e+04
2.383041e+03	-2.862500e+04
2.383423e+03	-3.271500e+04
2.383804e+03	-2.041500e+04
2.384186e+03	1.235600e+04
2.384567e+03	2.464500e+04
2.384949e+03	-8.126000e+03
2.385330e+03	-8.130000e+03
2.385712e+03	2.463500e+04
2.386093e+03	3.200000e+01
2.386475e+03	4.152000e+03
2.386856e+03	5.800000e+01
2.387238e+03	-2.451500e+04
2.387619e+03	7.400000e+01
2.388000e+03	4.169000e+03
2.388382e+03	-8.135000e+03
2.388763e+03	-1.222900e+04
2.389145e+03	2.872900e+04
2.389526e+03	-1.634500e+04
2.389908e+03	-2.041700e+04
2.390289e+03	8.255000e+03
2.390671e+03	2.053400e+04
2.391052e+03	6.100000e+01
2.391434e+03	-3.269800e+04
2.391815e+03	-2.859900e+04
2.392197e+03	-1.221700e+04
2.392578e+03	-3.269400e+04
2.392960e+03	2.055500e+04
2.393341e+03	1.645000e+04
2.393723e+03	1.235700e+04
2.394104e+03	1.646000e+04
2.394485e+03	-1.221300e+04
2.394867e+03	8.260000e+03
2.395248e+03	1.233900e+04
2.395630e+03	1.231300e+04
2.396011e+03	-1.224000e+04
2.396393e+03	4.152000e+03
2.396774e+03	-2.042500e+04
2.397156e+03	1.642500e+04
2.397537e+03	-1.632300e+04
2.397919e+03	-2.450700e+04
2.398300e+03	-2.860300e+04
2.398682e+03	2.874100e+04
2.399063e+03	2.054500e+04
2.399445e+03	2.053100e+04
2.399826e+03	-2.043200e+04
2.400208e+03	6.700000e+01
2.400589e+03	-8.119000e+03
2.400970e+03	2.465200e+04
2.401352e+03	1.236200e+04
2.401733e+03	2.873800e+04
2.402115e+03	-1.634600e+04
2.402496e+03	6.500000e+01
2.402878e+03	6.000000e+01
2.403259e+03	-3.271300e+04
2.403641e+03	-3.269400e+04
2.404022e+03	2.465200e+04
2.404404e+03	-8.126000e+03
2.404785e+03	-4.050000e+03
2.405167e+03	2.053800e+04
2.405548e+03	-2.452000e+04
2.405930e+03	8.254000e+03
2.406311e+03	2.054800e+04
2.406693e+03	4.164000e+03
2.407074e+03	2.053800e+04
2.407455e+03	4.145000e+03
2.407837e+03	1.644400e+04
2.408218e+03	-2.861700e+04
2.408600e+03	4.144000e+03
2.408981e+03	2.463300e+04
2.409363e+03	-1.222600e+04
2.409744e+03	-1.223300e+04
2.410126e+03	-1.223400e+04
2.410507e+03	2.464200e+04
2.410889e+03	2.054300e+04
2.411270e+03	-2.861600e+04
2.411652e+03	6.000000e+01
2.412033e+03	-3.273200e+04
2.412415e+03	2.464400e+04
2.412796e+03	-4.025000e+03
2.413177e+03	5.800000e+01
2.413559e+03	-8.140000e+03
2.413940e+03	-4.030000e+03
2.414322e+03	1.645400e+04
2.414703e+03	1.236000e+04
2.415085e+03	-4.036000e+03
2.415466e+03	-3.271000e+04
2.415848e+03	1.235300e+04
2.416229e+03	4.300000e+01
2.416611e+03	6.600000e+01
2.416992e+03	2.054700e+04
2.417374e+03	2.052800e+04
2.417755e+03	-2.861700e+04
2.418137e+03	-2.861700e+04
2.418518e+03	-1.632100e+04
2.418900e+03	8.257000e+03
2.419281e+03	8.239000e+03
2.419662e+03	4.160000e+03
2.420044e+03	2.463700e+04
2.420425e+03	-4.033000e+03
2.420807e+03	-1.631200e+04
2.421188e+03	4.162000e+03
2.421570e+03	8.237000e+03
2.421951e+03	-2.861100e+04
2.422333e+03	2.053500e+04
2.422714e+03	4.162000e+03
2.423096e+03	4.157000e+03
2.423477e+03	2.872100e+04
2.423859e+03	-2.860300e+04
2.424240e+03	-1.222300e+04
2.424622e+03	-4.042000e+03
2.425003e+03	-4.033000e+03
2.425385e+03	2.053400e+04
2.425766e+03	-1.226800e+04
2.426147e+03	-2.863400e+04
2.426529e+03	-1.222800e+04
2.426910e+03	6.500000e+01
2.427292e+03	8.256000e+03
2.427673e+03	-2.041000e+04
2.428055e+03	-3.269800e+04
2.428436e+03	-8.129000e+03
2.428818e+03	1.645000e+04
2.429199e+03	-4.032000e+03
2.429581e+03	-2.043100e+04
2.429962e+03	2.054800e+04
2.430344e+03	7.600000e+01
2.430725e+03	-2.040700e+04
2.431107e+03	-2.043000e+04
2.431488e+03	1.645500e+04
2.431870e+03	2.465200e+04
2.432251e+03	-8.132000e+03
2.432632e+03	4.157000e+03
2.433014e+03	2.054700e+04
2.433395e+03	-4.045000e+03
2.433777e+03	-1.631300e+04
2.434158e+03	-2.860100e+04
2.434540e+03	2.052900e+04
2.434921e+03	-2.860900e+04
2.435303e+03	-2.041700e+04
2.435684e+03	2.052900e+04
2.436066e+03	-8.137000e+03
2.436447e+03	1.643300e+04
2.436829e+03	-4.056000e+03
2.437210e+03	-2.452500e+04
2.437592e+03	-4.034000e+03
2.437973e+03	6.400000e+01
2.438354e+03	1.233600e+04
2.438736e+03	4.150000e+03
2.439117e+03	1.235400e+04
2.439499e+03	2.464500e+04
2.439880e+03	-1.222600e+04
2.440262e+03	-8.128000e+03
2.440643e+03	8.264000e+03
2.441025e+03	-8.138000e+03
2.441406e+03	1.236300e+04
2.441788e+03	-2.039700e+04
2.442169e+03	2.875200e+04
2.442551e+03	2.873600e+04
2.442932e+03	2.053100e+04
2.443314e+03	-1.632900e+04
2.443695e+03	2.055500e+04
2.444077e+03	2.055400e+04
2.444458e+03	2.871500e+04
2.444839e+03	1.645300e+04
2.445221e+03	-3.270000e+04
2.445602e+03	2.872900e+04
2.445984e+03	1.645500e+04
2.446365e+03	1.235700e+04
2.446747e+03	-2.451900e+04
2.447128e+03	2.463900e+04
2.447510e+03	-8.122000e+03
2.447891e+03	4.168000e+03
2.448273e+03	-2.450900e+04
2.448654e+03	-3.269600e+04
2.449036e+03	2.055600e+04
2.449417e+03	1.236000e+04
2.449799e+03	-3.270600e+04
2.450180e+03	-2.864100e+04
2.450562e+03	-8.133000e+03
2.450943e+03	2.873700e+04
2.451324e+03	2.461900e+04
2.451706e+03	8.254000e+03
2.452087e+03	-2.861200e+04
2.452469e+03	-2.862400e+04
2.452850e+03	2.874100e+04
2.453232e+03	-4.033000e+03
2.453613e+03	1.234400e+04
2.453995e+03	-2.041300e+04
2.454376e+03	2.053900e+04
2.454758e+03	2.053800e+04
2.455139e+03	4.158000e+03
2.455521e+03	-8.142000e+03
2.455902e+03	4.164000e+03
2.456284e+03	-2.450700e+04
2.456665e+03	-1.222800e+04
2.457047e+03	-1.222800e+04
2.457428e+03	-2.041400e+04
2.457809e+03	1.235600e+04
2.458191e+03	8.259000e+03
2.458572e+03	2.464700e+04
2.458954e+03	1.235900e+04
2.459335e+03	8.254000e+03
2.459717e+03	-1.635900e+04
2.460098e+03	1.234800e+04
2.460480e+03	-2.450400e+04
2.460861e+03	-2.450300e+04
2.461243e+03	4.154000e+03
2.461624e+03	-2.451300e+04
2.462006e+03	2.874500e+04
2.462387e+03	8.264000e+03
2.462769e+03	-4.025000e+03
2.463150e+03	6.500000e+01
2.463531e+03	5.900000e+01
2.463913e+03	-4.029000e+03
2.464294e+03	-3.270500e+04
2.464676e+03	-1.631700e+04
2.465057e+03	4.165000e+03
2.465439e+03	-2.861600e+04
2.465820e+03	-8.144000e+03
2.466202e+03	-2.454000e+04
2.466583e+03	-3.270500e+04
2.466965e+03	8.259000e+03
2.467346e+03	-8.148000e+03
2.467728e+03	2.054200e+04
2.468109e+03	-8.127000e+03
2.468491e+03	-2.861400e+04
2.468872e+03	-4.035000e+03
2.469254e+03	2.463200e+04
2.469635e+03	2.053800e+04
2.470016e+03	1.234600e+04
2.470398e+03	1.644500e+04
2.470779e+03	6.800000e+01
2.471161e+03	5.500000e+01
2.471542e+03	-1.223400e+04
2.471924e+03	1.235000e+04
2.472305e+03	-4.033000e+03
2.472687e+03	-2.859900e+04
2.473068e+03	2.054700e+04
2.473450e+03	1.234300e+04
2.473831e+03	2.464800e+04
2.474213e+03	6.800000e+01
2.474594e+03	2.464200e+04
2.474976e+03	-1.222000e+04
2.475357e+03	1.235200e+04
2.475739e+03	-2.450900e+04
2.476120e+03	8.244000e+03
2.476501e+03	1.645200e+04
2.476883e+03	-1.221500e+04
2.477264e+03	8.246000e+03
2.477646e+03	-1.221700e+04
2.478027e+03	4.171000e+03
2.478409e+03	4.156000e+03
2.478790e+03	-2.041100e+04
2.479172e+03	2.873400e+04
2.479553e+03	-8.130000e+03
2.479935e+03	-3.269400e+04
2.480316e+03	8.249000e+03
2.480698e+03	-1.221800e+04
2.481079e+03	8.270000e+03
2.481461e+03	-8.121000e+03
2.481842e+03	2.464000e+04
2.482224e+03	-1.222800e+04
2.482605e+03	2.055200e+04
2.482986e+03	1.645900e+04
2.483368e+03	1.645300e+04
2.483749e+03	-2.040400e+04
2.484131e+03	-2.450000e+04
2.484512e+03	1.645000e+04
2.484894e+03	2.463800e+04
2.485275e+03	-4.050000e+03
2.485657e+03	2.873600e+04
2.486038e+03	2.873800e+04
2.486420e+03	4.143000e+03
2.486801e+03	-1.222000e+04
2.487183e+03	-1.223600e+04
2.487564e+03	8.259000e+03
2.487946e+03	-1.630900e+04
2.488327e+03	1.234900e+04
2.488708e+03	-2.042200e+04
2.489090e+03	1.644700e+04
2.489471e+03	1.236500e+04
2.489853e+03	1.646700e+04
2.490234e+03	2.465400e+04
2.490616e+03	4.169000e+03
2.490997e+03	-2.040700e+04
2.491379e+03	-4.052000e+03
2.491760e+03	4.172000e+03
2.492142e+03	-3.269500e+04
2.492523e+03	-1.223600e+04
2.492905e+03	8.267000e+03
2.493286e+03	6.700000e+01
2.493668e+03	2.874100e+04
2.494049e+03	1.645900e+04
2.494431e+03	1.235200e+04
2.494812e+03	2.055200e+04
2.495193e+03	2.463700e+04
2.495575e+03	-3.269500e+04
2.495956e+03	-2.859100e+04
2.496338e+03	-3.270000e+04
2.496719e+03	-2.450100e+04
2.497101e+03	1.646400e+04
2.497482e+03	-2.042400e+04
2.497864e+03	2.464900e+04
2.498245e+03	2.874100e+04
2.498627e+03	2.054900e+04
2.499008e+03	1.236800e+04
2.499390e+03	1.235600e+04
2.499771e+03	2.055300e+04
2.500153e+03	4.175000e+03
2.500534e+03	2.873500e+04
2.500916e+03	1.645400e+04
2.501297e+03	6.100000e+01
2.501678e+03	4.167000e+03
2.502060e+03	2.875000e+04
2.502441e+03	4.156000e+03
2.502823e+03	-3.269600e+04
2.503204e+03	-1.631100e+04
2.503586e+03	-3.272500e+04
2.503967e+03	-2.040700e+04
2.504349e+03	1.644600e+04
2.504730e+03	-3.270200e+04
2.505112e+03	-2.450600e+04
2.505493e+03	-2.041900e+04
2.505875e+03	-2.449600e+04
2.506256e+03	1.646000e+04
2.506638e+03	-1.630900e+04
2.507019e+03	-4.014000e+03
2.507401e+03	-1.222000e+04
2.507782e+03	2.055400e+04
2.508163e+03	2.465600e+04
2.508545e+03	2.463900e+04
2.508926e+03	1.236100e+04
2.509308e+03	-2.860300e+04
2.509689e+03	1.644800e+04
2.510071e+03	-8.118000e+03
2.510452e+03	-1.634200e+04
2.510834e+03	1.236100e+04
2.511215e+03	1.645400e+04
2.511597e+03	4.160000e+03
2.511978e+03	-4.022000e+03
2.512360e+03	-4.039000e+03
2.512741e+03	-1.630100e+04
2.513123e+03	-4.012000e+03
2.513504e+03	1.233800e+04
2.513886e+03	-2.859300e+04
2.514267e+03	1.236500e+04
2.514648e+03	1.644600e+04
2.515030e+03	-4.021000e+03
2.515411e+03	-1.222800e+04
2.515793e+03	-2.859100e+04
2.516174e+03	1.646300e+04
2.516556e+03	1.645500e+04
2.516937e+03	-8.109000e+03
2.517319e+03	-2.860300e+04
2.517700e+03	-1.221000e+04
2.518082e+03	-2.039700e+04
2.518463e+03	-2.041700e+04
2.518845e+03	8.277000e+03
2.519226e+03	2.055900e+04
2.519608e+03	1.645800e+04
2.519989e+03	1.237500e+04
2.520370e+03	-8.126000e+03
2.520752e+03	-4.012000e+03
2.521133e+03	-2.858500e+04
2.521515e+03	-8.143000e+03
2.521896e+03	1.647200e+04
2.522278e+03	8.200000e+01
2.522659e+03	1.236600e+04
2.523041e+03	8.281000e+03
2.523422e+03	4.160000e+03
2.523804e+03	1.647000e+04
2.524185e+03	1.237200e+04
2.524567e+03	-4.017000e+03
2.524948e+03	-3.267300e+04
2.525330e+03	-4.011000e+03
2.525711e+03	2.465800e+04
2.526093e+03	2.057100e+04
2.526474e+03	5.600000e+01
2.526855e+03	4.191000e+03
2.527237e+03	2.876400e+04
2.527618e+03	-2.040100e+04
2.528000e+03	-2.448100e+04
2.528381e+03	2.874800e+04
2.528763e+03	-3.267400e+04
2.529144e+03	1.238500e+04
2.529526e+03	-1.631800e+04
2.529907e+03	-2.038000e+04
2.530289e+03	9.400000e+01
2.530670e+03	-2.038900e+04
2.531052e+03	2.058300e+04
2.531433e+03	-3.268800e+04
2.531815e+03	-2.037900e+04
2.532196e+03	8.294000e+03
2.532578e+03	1.237600e+04
2.532959e+03	-2.446700e+04
2.533340e+03	2.057900e+04
2.533722e+03	-8.088000e+03
2.534103e+03	1.130000e+02
2.534485e+03	-8.131000e+03
2.534866e+03	1.240500e+04
2.535248e+03	4.212000e+03
2.535629e+03	2.468300e+04
2.536011e+03	-2.854500e+04
2.536392e+03	1.650000e+04
2.536774e+03	-2.034700e+04
2.537155e+03	4.245000e+03
2.537537e+03	-2.442400e+04
2.537918e+03	-3.949000e+03
2.538300e+03	8.322000e+03
2.538681e+03	-8.073000e+03
2.539063e+03	2.060600e+04
2.539444e+03	-1.219200e+04
2.539825e+03	-3.265100e+04
2.540207e+03	2.878600e+04
2.540588e+03	2.057300e+04
2.540970e+03	4.210000e+03
2.541351e+03	-1.218800e+04
2.541733e+03	-3.266500e+04
2.542114e+03	4.205000e+03
2.542496e+03	-2.860100e+04
2.542877e+03	-3.266300e+04
2.543259e+03	1.020000e+02
2.543640e+03	-2.449100e+04
2.544022e+03	-2.447300e+04
2.544403e+03	-3.267900e+04
2.544785e+03	2.467000e+04
2.545166e+03	-2.857400e+04
2.545547e+03	-2.043200e+04
2.545929e+03	1.238400e+04
2.546310e+03	-3.268100e+04
2.546692e+03	-8.104000e+03
2.547073e+03	-1.628700e+04
2.547455e+03	2.465200e+04
2.547836e+03	1.647400e+04
2.548218e+03	-2.448700e+04
2.548599e+03	-2.450000e+04
2.548981e+03	9.400000e+01
2.549362e+03	8.100000e+01
2.549744e+03	-4.011000e+03
2.550125e+03	9.100000e+01
2.550507e+03	1.234700e+04
2.550888e+03	2.466700e+04
2.551270e+03	4.182000e+03
2.551651e+03	2.875100e+04
2.552032e+03	8.284000e+03
2.552414e+03	-1.221500e+04
2.552795e+03	1.647100e+04
2.553177e+03	4.187000e+03
2.553558e+03	6.000000e+01
2.553940e+03	-1.220300e+04
2.554321e+03	1.646400e+04
2.554703e+03	7.500000e+01
2.555084e+03	-2.039400e+04
2.555466e+03	1.644900e+04
2.555847e+03	-2.449400e+04
2.556229e+03	-2.039700e+04
2.556610e+03	-1.634100e+04
2.556992e+03	2.465600e+04
2.557373e+03	-2.451600e+04
2.557755e+03	-1.220600e+04
2.558136e+03	4.182000e+03
2.558517e+03	2.054700e+04
2.558899e+03	-4.014000e+03
2.559280e+03	-2.040600e+04
2.559662e+03	2.465300e+04
2.560043e+03	-2.858500e+04
2.560425e+03	7.100000e+01
2.560806e+03	2.875200e+04
2.561188e+03	-1.630000e+04
2.561569e+03	2.462400e+04
2.561951e+03	-1.220800e+04
2.562332e+03	-2.859700e+04
2.562714e+03	-1.631600e+04
2.563095e+03	1.646500e+04
2.563477e+03	-2.451500e+04
2.563858e+03	-2.449800e+04
2.564240e+03	-1.630700e+04
2.564621e+03	-2.451500e+04
2.565002e+03	-1.630100e+04
2.565384e+03	2.874900e+04
2.565765e+03	8.255000e+03
2.566147e+03	1.236400e+04
2.566528e+03	1.644600e+04
2.566910e+03	2.875000e+04
2.567291e+03	1.645900e+04
2.567673e+03	-4.047000e+03
2.568054e+03	2.055300e+04
2.568436e+03	-4.055000e+03
2.568817e+03	-2.449700e+04
2.569199e+03	-2.859000e+04
2.569580e+03	1.235100e+04
2.569962e+03	2.054900e+04
2.570343e+03	-2.041000e+04
2.570724e+03	-2.859800e+04
2.571106e+03	-1.221100e+04
2.571487e+03	2.054100e+04
2.571869e+03	-2.040800e+04
2.572250e+03	8.259000e+03
2.572632e+03	-2.860300e+04
2.573013e+03	7.900000e+01
2.573395e+03	2.463600e+04
2.573776e+03	1.236300e+04
2.574158e+03	-2.449700e+04
2.574539e+03	8.253000e+03
2.574921e+03	-1.221300e+04
2.575302e+03	2.874500e+04
2.575684e+03	-2.452700e+04
2.576065e+03	-3.270000e+04
2.576447e+03	-4.037000e+03
2.576828e+03	-8.111000e+03
2.577209e+03	4.178000e+03
2.577591e+03	8.248000e+03
2.577972e+03	2.465100e+04
2.578354e+03	-1.221800e+04
2.578735e+03	1.644900e+04
2.579117e+03	-8.116000e+03
2.579498e+03	2.464100e+04
2.579880e+03	-8.117000e+03
2.580261e+03	2.874800e+04
2.580643e+03	4.143000e+03
2.581024e+03	-2.859600e+04
2.581406e+03	1.645900e+04
2.581787e+03	4.165000e+03
2.582169e+03	-2.450700e+04
2.582550e+03	2.462700e+04
2.582932e+03	-3.269100e+04
2.583313e+03	-8.114000e+03
2.583694e+03	-2.041500e+04
2.584076e+03	2.463700e+04
2.584457e+03	-2.450200e+04
2.584839e+03	1.647100e+04
2.585220e+03	4.189000e+03
2.585602e+03	2.466700e+04
2.585983e+03	-2.858900e+04
2.586365e+03	2.874600e+04
2.586746e+03	-2.859100e+04
2.587128e+03	-2.449700e+04
2.587509e+03	5.700000e+01
2.587891e+03	1.235600e+04
2.588272e+03	1.644400e+04
2.588654e+03	2.054700e+04
2.589035e+03	2.465200e+04
2.589417e+03	-2.450900e+04
2.589798e+03	2.054500e+04
2.590179e+03	-1.222000e+04
2.590561e+03	1.643800e+04
2.590942e+03	-1.222300e+04
2.591324e+03	1.643500e+04
2.591705e+03	2.873600e+04
2.592087e+03	-8.125000e+03
2.592468e+03	-1.632200e+04
2.592850e+03	-2.450000e+04
2.593231e+03	-1.221700e+04
2.593613e+03	-2.042200e+04
2.593994e+03	1.236000e+04
2.594376e+03	1.644200e+04
2.594757e+03	4.166000e+03
2.595139e+03	-2.860000e+04
2.595520e+03	-4.048000e+03
2.595901e+03	2.874600e+04
2.596283e+03	1.645600e+04
2.596664e+03	-4.048000e+03
2.597046e+03	-1.631500e+04
2.597427e+03	2.464200e+04
2.597809e+03	-1.631100e+04
2.598190e+03	1.235900e+04
2.598572e+03	-1.632700e+04
2.598953e+03	1.646100e+04
2.599335e+03	1.235900e+04
2.599716e+03	-1.222800e+04
2.600098e+03	-2.450000e+04
2.600479e+03	-2.450900e+04
2.600861e+03	2.053700e+04
2.601242e+03	-4.031000e+03
2.601624e+03	-2.042900e+04
2.602005e+03	7.000000e+01
2.602386e+03	8.254000e+03
2.602768e+03	-4.041000e+03
2.603149e+03	4.162000e+03
2.603531e+03	2.052600e+04
2.603912e+03	-1.221900e+04
2.604294e+03	-2.450600e+04
2.604675e+03	-1.222100e+04
2.605057e+03	-2.450700e+04
2.605438e+03	1.643900e+04
2.605820e+03	1.236100e+04
2.606201e+03	2.055400e+04
2.606583e+03	8.257000e+03
2.606964e+03	-2.450200e+04
2.607346e+03	-1.631600e+04
2.607727e+03	2.464000e+04
2.608109e+03	-4.021000e+03
2.608490e+03	-1.221900e+04
2.608871e+03	2.873900e+04
2.609253e+03	1.235900e+04
2.609634e+03	-1.632000e+04
2.610016e+03	-2.860400e+04
2.610397e+03	4.152000e+03
2.610779e+03	2.464000e+04
2.611160e+03	7.100000e+01
2.611542e+03	-1.221900e+04
2.611923e+03	-1.631000e+04
2.612305e+03	2.054900e+04
2.612686e+03	-1.634600e+04
2.613068e+03	2.873500e+04
2.613449e+03	-2.863400e+04
2.613831e+03	2.055300e+04
2.614212e+03	-8.118000e+03
2.614594e+03	2.053100e+04
2.614975e+03	2.464100e+04
2.615356e+03	1.233500e+04
2.615738e+03	-2.450400e+04
2.616119e+03	-4.019000e+03
2.616501e+03	-4.041000e+03
2.616882e+03	-2.040600e+04
2.617264e+03	4.175000e+03
2.617645e+03	5.000000e+01
2.618027e+03	-2.450100e+04
2.618408e+03	7.900000e+01
2.618790e+03	-8.130000e+03
2.619171e+03	8.255000e+03
2.619553e+03	8.255000e+03
2.619934e+03	-8.130000e+03
2.620316e+03	-3.269900e+04
2.620697e+03	-2.451600e+04
2.621078e+03	-8.139000e+03
2.621460e+03	2.053100e+04
2.621841e+03	1.233900e+04
2.622223e+03	2.463700e+04
2.622604e+03	2.052300e+04
2.622986e+03	-2.451800e+04
2.623367e+03	-3.270800e+04
2.623749e+03	-3.270800e+04
2.624130e+03	-1.222000e+04
2.624512e+03	-2.041700e+04
2.624893e+03	1.643300e+04
2.625275e+03	1.643200e+04
2.625656e+03	1.645300e+04
2.626038e+03	-1.631100e+04
2.626419e+03	2.054300e+04
2.626801e+03	-2.041900e+04
2.627182e+03	6.900000e+01
2.627563e+03	2.053200e+04
2.627945e+03	-2.451200e+04
2.628326e+03	8.260000e+03
2.628708e+03	-1.633000e+04
2.629089e+03	1.643800e+04
2.629471e+03	2.872900e+04
2.629852e+03	-2.861300e+04
2.630234e+03	8.215000e+03
2.630615e+03	4.162000e+03
2.630997e+03	-3.269800e+04
2.631378e+03	4.153000e+03
2.631760e+03	2.874000e+04
2.632141e+03	2.054900e+04
2.632523e+03	8.247000e+03
2.632904e+03	1.646500e+04
2.633286e+03	-2.039700e+04
2.633667e+03	-4.024000e+03
2.634048e+03	-2.452800e+04
2.634430e+03	-3.271000e+04
2.634811e+03	4.142000e+03
2.635193e+03	4.160000e+03
2.635574e+03	-1.633300e+04
2.635956e+03	8.249000e+03
2.636337e+03	-8.127000e+03
2.636719e+03	-4.030000e+03
2.637100e+03	-4.028000e+03
2.637482e+03	2.054100e+04
2.637863e+03	2.463800e+04
2.638245e+03	-1.222400e+04
2.638626e+03	-1.223200e+04
2.639008e+03	-2.451400e+04
2.639389e+03	-2.041900e+04
2.639771e+03	1.235800e+04
2.640152e+03	-2.040700e+04
2.640533e+03	-4.036000e+03
2.640915e+03	-1.222500e+04
2.641296e+03	8.262000e+03
2.641678e+03	-1.223200e+04
2.642059e+03	-4.045000e+03
2.642441e+03	-1.223600e+04
2.642822e+03	2.873500e+04
2.643204e+03	1.645700e+04
2.643585e+03	4.166000e+03
2.643967e+03	1.643600e+04
2.644348e+03	2.462300e+04
2.644730e+03	-2.043000e+04
2.645111e+03	-2.860900e+04
2.645493e+03	2.464700e+04
2.645874e+03	-8.123000e+03
2.646255e+03	-1.632900e+04
2.646637e+03	-1.222900e+04
2.647018e+03	1.235600e+04
2.647400e+03	-8.129000e+03
2.647781e+03	-8.138000e+03
2.648163e+03	2.051700e+04
2.648544e+03	2.054700e+04
2.648926e+03	4.167000e+03
2.649307e+03	-1.632800e+04
2.649689e+03	-2.042400e+04
2.650070e+03	1.235200e+04
2.650452e+03	-4.038000e+03
2.650833e+03	1.645000e+04
2.651215e+03	-2.042600e+04
2.651596e+03	1.644500e+04
2.651978e+03	1.645600e+04
2.652359e+03	-1.632000e+04
2.652740e+03	-8.131000e+03
2.653122e+03	-1.222600e+04
2.653503e+03	-1.634400e+04
2.653885e+03	1.235500e+04
2.654266e+03	2.463600e+04
2.654648e+03	-2.042200e+04
2.655029e+03	2.874100e+04
2.655411e+03	2.053000e+04
2.655792e+03	-1.632000e+04
2.656174e+03	4.162000e+03
2.656555e+03	2.052600e+04
2.656937e+03	1.645200e+04
2.657318e+03	2.053500e+04
2.657700e+03	-3.270000e+04
2.658081e+03	-3.269200e+04
2.658463e+03	2.463700e+04
2.658844e+03	-4.033000e+03
2.659225e+03	8.259000e+03
2.659607e+03	-1.223300e+04
2.659988e+03	7.700000e+01
2.660370e+03	-8.120000e+03
2.660751e+03	-8.137000e+03
2.661133e+03	1.646000e+04
2.661514e+03	-4.025000e+03
2.661896e+03	1.235300e+04
2.662277e+03	4.170000e+03
2.662659e+03	-2.860600e+04
2.663040e+03	-1.634800e+04
2.663422e+03	-2.043600e+04
2.663803e+03	2.054400e+04
2.664185e+03	-8.122000e+03
2.664566e+03	1.644100e+04
2.664948e+03	-2.042300e+04
2.665329e+03	-1.222500e+04
2.665710e+03	1.642900e+04
2.666092e+03	-1.223700e+04
2.666473e+03	-1.632200e+04
2.666855e+03	1.645900e+04
2.667236e+03	-1.631100e+04
2.667618e+03	8.232000e+03
2.667999e+03	-8.123000e+03
2.668381e+03	2.055000e+04
2.668762e+03	1.234600e+04
2.669144e+03	4.165000e+03
2.669525e+03	8.254000e+03
2.669907e+03	-1.221800e+04
2.670288e+03	1.236300e+04
2.670670e+03	-8.130000e+03
2.671051e+03	2.872300e+04
2.671432e+03	6.100000e+01
2.671814e+03	-2.860200e+04
2.672195e+03	8.267000e+03
2.672577e+03	-2.860800e+04
2.672958e+03	-4.031000e+03
2.673340e+03	1.646000e+04
2.673721e+03	-2.450200e+04
2.674103e+03	4.168000e+03
2.674484e+03	-2.451000e+04
2.674866e+03	2.460300e+04
2.675247e+03	2.054300e+04
2.675629e+03	-2.451500e+04
2.676010e+03	2.873100e+04
2.676392e+03	1.644600e+04
2.676773e+03	1.234600e+04
2.677155e+03	5.900000e+01
2.677536e+03	8.223000e+03
2.677917e+03	-1.222600e+04
2.678299e+03	8.262000e+03
2.678680e+03	-1.222300e+04
2.679062e+03	-2.861300e+04
2.679443e+03	1.235300e+04
2.679825e+03	-2.041200e+04
2.680206e+03	-2.450300e+04
2.680588e+03	2.465700e+04
2.680969e+03	-1.630100e+04
2.681351e+03	2.055700e+04
2.681732e+03	-2.041600e+04
2.682114e+03	-2.040800e+04
2.682495e+03	-3.270600e+04
2.682877e+03	2.054800e+04
2.683258e+03	2.055700e+04
2.683640e+03	2.464800e+04
2.684021e+03	2.873500e+04
2.684402e+03	1.644900e+04
2.684784e+03	-4.040000e+03
2.685165e+03	-8.130000e+03
2.685547e+03	-2.451300e+04
2.685928e+03	-1.633500e+04
2.686310e+03	2.051500e+04
2.686691e+03	-1.223100e+04
2.687073e+03	4.160000e+03
2.687454e+03	-8.137000e+03
2.687836e+03	-3.270700e+04
2.688217e+03	2.464000e+04
2.688599e+03	4.141000e+03
2.688980e+03	2.462900e+04
2.689362e+03	5.300000e+01
2.689743e+03	8.244000e+03
2.690125e+03	-3.270600e+04
2.690506e+03	-4.048000e+03
2.690887e+03	2.053800e+04
2.691269e+03	2.873600e+04
2.691650e+03	8.253000e+03
2.692032e+03	-1.222400e+04
2.692413e+03	-2.861600e+04
2.692795e+03	8.246000e+03
2.693176e+03	-3.270100e+04
2.693558e+03	-1.222600e+04
2.693939e+03	8.248000e+03
2.694321e+03	-3.271500e+04
2.694702e+03	1.234700e+04
2.695084e+03	-2.861000e+04
2.695465e+03	4.135000e+03
2.695847e+03	-2.451200e+04
2.696228e+03	-2.041300e+04
2.696610e+03	1.235100e+04
2.696991e+03	2.464400e+04
2.697372e+03	1.235200e+04
2.697754e+03	-1.631700e+04
2.698135e+03	7.600000e+01
2.698517e+03	2.055100e+04
2.698898e+03	4.143000e+03
2.699280e+03	-8.131000e+03
2.699661e+03	-3.272200e+04
2.700043e+03	8.246000e+03
2.700424e+03	2.053900e+04
2.700806e+03	-1.633900e+04
2.701187e+03	8.252000e+03
2.701569e+03	2.053300e+04
2.701950e+03	2.870300e+04
2.702332e+03	8.247000e+03
2.702713e+03	8.256000e+03
2.703094e+03	1.235500e+04
2.703476e+03	2.872800e+04
2.703857e+03	-3.271700e+04
2.704239e+03	-1.632500e+04
2.704620e+03	-2.044400e+04
2.705002e+03	-2.861900e+04
2.705383e+03	5.600000e+01
2.705765e+03	2.051200e+04
2.706146e+03	1.640600e+04
2.706528e+03	2.462900e+04
2.706909e+03	2.054300e+04
2.707291e+03	4.149000e+03
2.707672e+03	1.235300e+04
2.708054e+03	-3.269500e+04
2.708435e+03	-1.222100e+04
2.708817e+03	-2.041900e+04
2.709198e+03	2.873400e+04
2.709579e+03	2.872800e+04
2.709961e+03	-1.631500e+04
2.710342e+03	1.235400e+04
2.710724e+03	-2.451600e+04
2.711105e+03	-1.221600e+04
2.711487e+03	8.261000e+03
2.711868e+03	-2.043100e+04
2.712250e+03	4.153000e+03
2.712631e+03	-2.451900e+04
2.713013e+03	-2.041200e+04
2.713394e+03	-4.033000e+03
2.713776e+03	-3.270400e+04
2.714157e+03	-4.024000e+03
2.714539e+03	4.159000e+03
2.714920e+03	6.600000e+01
2.715302e+03	2.874400e+04
2.715683e+03	2.462900e+04
2.716064e+03	8.260000e+03
2.716446e+03	-4.024000e+03
2.716827e+03	-1.223200e+04
2.717209e+03	-1.223400e+04
2.717590e+03	4.148000e+03
2.717972e+03	2.873000e+04
2.718353e+03	-2.860400e+04
2.718735e+03	-1.222800e+04
2.719116e+03	2.463000e+04
2.719498e+03	-2.452000e+04
2.719879e+03	4.157000e+03
2.720261e+03	2.874100e+04
2.720642e+03	2.464100e+04
2.721024e+03	6.600000e+01
2.721405e+03	-8.121000e+03
2.721787e+03	-4.030000e+03
2.722168e+03	4.141000e+03
2.722549e+03	-8.173000e+03
2.722931e+03	2.053200e+04
2.723312e+03	-3.270100e+04
2.723694e+03	2.464400e+04
2.724075e+03	8.259000e+03
2.724457e+03	-3.270400e+04
2.724838e+03	1.234700e+04
2.725220e+03	4.150000e+03
2.725601e+03	5.700000e+01
2.725983e+03	-1.223000e+04
2.726364e+03	-3.272200e+04
2.726746e+03	-1.224000e+04
2.727127e+03	8.249000e+03
2.727509e+03	-2.451700e+04
2.727890e+03	-2.040500e+04
2.728271e+03	-2.859200e+04
2.728653e+03	2.465200e+04
2.729034e+03	-2.041600e+04
2.729416e+03	1.234900e+04
2.729797e+03	-2.041700e+04
2.730179e+03	1.645100e+04
2.730560e+03	-1.222200e+04
2.730942e+03	2.053200e+04
2.731323e+03	2.870600e+04
2.731705e+03	2.871400e+04
2.732086e+03	4.700000e+01
2.732468e+03	-2.452100e+04
2.732849e+03	2.873100e+04
2.733231e+03	2.873300e+04
2.733612e+03	-1.632500e+04
2.733994e+03	-4.038000e+03
2.734375e+03	-1.632300e+04
2.734756e+03	-2.450900e+04
2.735138e+03	1.645500e+04
2.735519e+03	-1.631100e+04
2.735901e+03	-2.450600e+04
2.736282e+03	8.240000e+03
2.736664e+03	8.256000e+03
2.737045e+03	-2.041000e+04
2.737427e+03	1.644200e+04
2.737808e+03	1.235100e+04
2.738190e+03	-2.041000e+04
2.738571e+03	-8.127000e+03
2.738953e+03	-2.860100e+04
2.739334e+03	2.874600e+04
2.739716e+03	8.259000e+03
2.740097e+03	-3.271700e+04
2.740479e+03	2.871500e+04
2.740860e+03	1.234800e+04
2.741241e+03	2.464300e+04
2.741623e+03	-8.127000e+03
2.742004e+03	-2.042100e+04
2.742386e+03	1.644100e+04
2.742767e+03	1.234700e+04
2.743149e+03	-2.861100e+04
2.743530e+03	1.234000e+04
2.743912e+03	-3.271700e+04
2.744293e+03	-3.271600e+04
2.744675e+03	2.051800e+04
2.745056e+03	-8.140000e+03
2.745438e+03	-2.861100e+04
2.745819e+03	-2.451200e+04
2.746201e+03	1.234500e+04
2.746582e+03	-2.454500e+04
2.746964e+03	1.643400e+04
2.747345e+03	-8.143000e+03
2.747726e+03	-2.450900e+04
2.748108e+03	-4.028000e+03
2.748489e+03	4.147000e+03
2.748871e+03	5.800000e+01
2.749252e+03	4.147000e+03
2.749634e+03	-1.632300e+04
2.750015e+03	-2.860000e+04
2.750397e+03	-1.632100e+04
2.750778e+03	2.873100e+04
2.751160e+03	2.055100e+04
2.751541e+03	2.054100e+04
2.751923e+03	4.156000e+03
2.752304e+03	2.055200e+04
2.752686e+03	-1.631600e+04
2.753067e+03	8.252000e+03
2.753448e+03	8.242000e+03
2.753830e+03	4.124000e+03
2.754211e+03	-4.043000e+03
2.754593e+03	8.262000e+03
2.754974e+03	-2.450000e+04
2.755356e+03	-1.221700e+04
2.755737e+03	-8.152000e+03
2.756119e+03	6.400000e+01
2.756500e+03	2.873000e+04
2.756882e+03	2.464100e+04
2.757263e+03	-8.120000e+03
2.757645e+03	6.700000e+01
2.758026e+03	8.242000e+03
2.758408e+03	-1.224200e+04
2.758789e+03	-8.126000e+03
2.759171e+03	2.055400e+04
2.759552e+03	-2.041500e+04
2.759933e+03	2.053900e+04
2.760315e+03	2.874500e+04
2.760696e+03	2.055000e+04
2.761078e+03	-1.633000e+04
2.761459e+03	4.158000e+03
2.761841e+03	2.053600e+04
2.762222e+03	-2.862600e+04
2.762604e+03	2.873000e+04
2.762985e+03	4.153000e+03
2.763367e+03	4.136000e+03
2.763748e+03	1.644100e+04
2.764130e+03	2.463400e+04
2.764511e+03	1.641800e+04
2.764893e+03	2.054800e+04
2.765274e+03	-2.040800e+04
2.765656e+03	-2.860700e+04
2.766037e+03	-1.634000e+04
2.766418e+03	-2.043500e+04
2.766800e+03	-8.143000e+03
2.767181e+03	2.873300e+04
2.767563e+03	2.463200e+04
2.767944e+03	-3.272100e+04
2.768326e+03	8.251000e+03
2.768707e+03	-2.450500e+04
2.769089e+03	1.646100e+04
2.769470e+03	-2.859600e+04
2.769852e+03	-4.027000e+03
2.770233e+03	-3.271800e+04
2.770615e+03	2.873400e+04
2.770996e+03	-2.860100e+04
2.771378e+03	2.464000e+04
2.771759e+03	2.874200e+04
2.772141e+03	-8.118000e+03
2.772522e+03	2.463600e+04
2.772903e+03	-1.631500e+04
2.773285e+03	8.269000e+03
2.773666e+03	4.162000e+03
2.774048e+03	-1.631700e+04
2.774429e+03	4.170000e+03
2.774811e+03	1.234700e+04
2.775192e+03	-3.270600e+04
2.775574e+03	2.054900e+04
2.775955e+03	4.164000e+03
2.776337e+03	1.236100e+04
2.776718e+03	2.874300e+04
2.777100e+03	2.053800e+04
2.777481e+03	8.199000e+03
2.777863e+03	-3.274300e+04
2.778244e+03	2.461100e+04
2.778625e+03	2.600000e+01
2.779007e+03	-2.861700e+04
2.779388e+03	8.245000e+03
2.779770e+03	-4.063000e+03
2.780151e+03	-4.041000e+03
2.780533e+03	-2.863500e+04
2.780914e+03	8.252000e+03
2.781296e+03	4.164000e+03
2.781677e+03	-8.139000e+03
2.782059e+03	8.249000e+03
2.782440e+03	-3.270300e+04
2.782822e+03	-2.452300e+04
2.783203e+03	-2.861900e+04
2.783585e+03	8.243000e+03
2.783966e+03	2.052200e+04
2.784348e+03	-3.271900e+04
2.784729e+03	-4.045000e+03
2.785110e+03	-1.631300e+04
2.785492e+03	4.170000e+03
2.785873e+03	6.200000e+01
2.786255e+03	-1.221900e+04
2.786636e+03	1.236700e+04
2.787018e+03	4.174000e+03
2.787399e+03	-8.126000e+03
2.787781e+03	-1.632400e+04
2.788162e+03	-2.040700e+04
2.788544e+03	7.200000e+01
2.788925e+03	-4.037000e+03
2.789307e+03	2.463500e+04
2.789688e+03	-4.040000e+03
2.790070e+03	-2.862300e+04
2.790451e+03	1.231600e+04
2.790833e+03	2.463200e+04
2.791214e+03	6.800000e+01
2.791595e+03	-2.041500e+04
2.791977e+03	-2.451800e+04
2.792358e+03	2.054200e+04
2.792740e+03	-2.042700e+04
2.793121e+03	8.250000e+03
2.793503e+03	8.258000e+03
2.793884e+03	-1.222300e+04
2.794266e+03	1.235000e+04
2.794647e+03	-2.452200e+04
2.795029e+03	-1.223200e+04
2.795410e+03	2.464000e+04
2.795792e+03	2.463600e+04
2.796173e+03	2.871100e+04
2.796555e+03	-3.273500e+04
2.796936e+03	2.460600e+04
2.797318e+03	-3.271700e+04
2.797699e+03	-2.042100e+04
2.798080e+03	-2.042400e+04
2.798462e+03	-3.274600e+04
2.798843e+03	1.644200e+04
2.799225e+03	-2.861000e+04
2.799606e+03	-2.861700e+04
2.799988e+03	1.235600e+04
2.800369e+03	1.236100e+04
2.800751e+03	-2.450800e+04
2.801132e+03	1.233500e+04
2.801514e+03	-2.043100e+04
2.801895e+03	2.463600e+04
2.802277e+03	-4.034000e+03
2.802658e+03	-2.453200e+04
2.803040e+03	1.644000e+04
2.803421e+03	-3.270500e+04
2.803802e+03	8.244000e+03
2.804184e+03	2.053400e+04
2.804565e+03	2.054000e+04
2.804947e+03	8.241000e+03
2.805328e+03	-2.452300e+04
2.805710e+03	-4.033000e+03
2.806091e+03	2.464300e+04
2.806473e+03	2.873300e+04
2.806854e+03	-1.633800e+04
2.807236e+03	-2.451000e+04
2.807617e+03	-1.631400e+04
2.807999e+03	2.873900e+04
2.808380e+03	-8.134000e+03
2.808762e+03	6.000000e+01
2.809143e+03	-2.451100e+04
2.809525e+03	-4.028000e+03
2.809906e+03	-2.450600e+04
2.810287e+03	-2.860200e+04
2.810669e+03	2.054600e+04
2.811050e+03	2.054300e+04
2.811432e+03	4.157000e+03
2.811813e+03	1.643900e+04
2.812195e+03	-4.030000e+03
2.812576e+03	2.054600e+04
2.812958e+03	1.233500e+04
2.813339e+03	-2.860300e+04
2.813721e+03	8.265000e+03
2.814102e+03	-4.032000e+03
2.814484e+03	-2.042200e+04
2.814865e+03	-1.222100e+04
2.815247e+03	4.164000e+03
2.815628e+03	-8.130000e+03
2.816010e+03	2.463800e+04
2.816391e+03	-1.221500e+04
2.816772e+03	-4.018000e+03
2.817154e+03	1.646100e+04
2.817535e+03	4.165000e+03
2.817917e+03	-2.452000e+04
2.818298e+03	-8.141000e+03
2.818680e+03	8.244000e+03
2.819061e+03	-2.042000e+04
2.819443e+03	-4.031000e+03
2.819824e+03	-2.450900e+04
2.820206e+03	1.235300e+04
2.820587e+03	-2.041800e+04
2.820969e+03	-4.034000e+03
2.821350e+03	-1.631900e+04
2.821732e+03	2.464100e+04
2.822113e+03	4.154000e+03
2.822495e+03	2.053100e+04
2.822876e+03	2.054200e+04
2.823257e+03	-1.632300e+04
2.823639e+03	2.873000e+04
2.824020e+03	-2.450400e+04
2.824402e+03	1.646100e+04
2.824783e+03	-2.859800e+04
2.825165e+03	-2.042100e+04
2.825546e+03	4.159000e+03
2.825928e+03	2.054800e+04
2.826309e+03	2.873200e+04
2.826691e+03	-1.222900e+04
2.827072e+03	-8.123000e+03
2.827454e+03	2.464600e+04
2.827835e+03	8.256000e+03
2.828217e+03	-1.222500e+04
2.828598e+03	-4.027000e+03
2.828979e+03	-3.269900e+04
2.829361e+03	-4.035000e+03
2.829742e+03	2.053800e+04
2.830124e+03	2.053200e+04
2.830505e+03	-2.041400e+04
2.830887e+03	2.874600e+04
2.831268e+03	7.200000e+01
2.831650e+03	2.873000e+04
2.832031e+03	-2.046300e+04
2.832413e+03	-2.452700e+04
2.832794e+03	2.463900e+04
2.833176e+03	-2.042000e+04
2.833557e+03	-2.862900e+04
2.833939e+03	1.645100e+04
2.834320e+03	6.600000e+01
2.834702e+03	-1.224200e+04
2.835083e+03	2.054700e+04
2.835464e+03	-1.631800e+04
2.835846e+03	2.873000e+04
2.836227e+03	-3.270800e+04
2.836609e+03	-2.453400e+04
2.836990e+03	2.053700e+04
2.837372e+03	1.235100e+04
2.837753e+03	-2.043100e+04
2.838135e+03	-2.451300e+04
2.838516e+03	-3.270500e+04
2.838898e+03	-1.636300e+04
2.839279e+03	2.464000e+04
2.839661e+03	6.900000e+01
2.840042e+03	8.261000e+03
2.840424e+03	1.235700e+04
2.840805e+03	-2.862200e+04
2.841187e+03	2.054200e+04
2.841568e+03	-2.860300e+04
2.841949e+03	8.259000e+03
2.842331e+03	-2.041000e+04
2.842712e+03	2.055100e+04
2.843094e+03	4.165000e+03
2.843475e+03	-3.269200e+04
2.843857e+03	4.174000e+03
2.844238e+03	-2.860200e+04
2.844620e+03	2.872400e+04
2.845001e+03	-1.225300e+04
2.845383e+03	-2.861900e+04
2.845764e+03	2.054000e+04
2.846146e+03	8.248000e+03
2.846527e+03	8.250000e+03
2.846909e+03	-3.270900e+04
2.847290e+03	-2.451800e+04
2.847672e+03	-2.042000e+04
2.848053e+03	5.300000e+01
2.848434e+03	8.245000e+03
2.848816e+03	-2.451500e+04
2.849197e+03	1.234800e+04
2.849579e+03	-1.632500e+04
2.849960e+03	-1.632500e+04
2.850342e+03	-2.452000e+04
2.850723e+03	-1.631900e+04
2.851105e+03	-1.222000e+04
2.851486e+03	-1.222800e+04
2.851868e+03	-1.223600e+04
2.852249e+03	-8.127000e+03
2.852631e+03	1.235700e+04
2.853012e+03	-1.632200e+04
2.853394e+03	1.642800e+04
2.853775e+03	-2.862800e+04
2.854156e+03	2.462900e+04
2.854538e+03	1.644100e+04
2.854919e+03	2.054100e+04
2.855301e+03	4.159000e+03
2.855682e+03	2.463300e+04
2.856064e+03	5.700000e+01
2.856445e+03	1.644500e+04
2.856827e+03	1.234700e+04
2.857208e+03	-2.451400e+04
2.857590e+03	1.645000e+04
2.857971e+03	6.200000e+01
2.858353e+03	-1.635200e+04
2.858734e+03	3.700000e+01
2.859116e+03	8.216000e+03
2.859497e+03	5.200000e+01
2.859879e+03	-1.632600e+04
2.860260e+03	6.500000e+01
2.860641e+03	6.900000e+01
2.861023e+03	-3.269600e+04
2.861404e+03	2.465100e+04
2.861786e+03	-1.631200e+04
2.862167e+03	-2.041200e+04
2.862549e+03	4.158000e+03
2.862930e+03	2.459500e+04
2.863312e+03	2.054800e+04
2.863693e+03	1.645500e+04
2.864075e+03	-1.633600e+04
2.864456e+03	1.235700e+04
2.864838e+03	7.600000e+01
2.865219e+03	-2.041700e+04
2.865601e+03	-2.042700e+04
2.865982e+03	2.464700e+04
2.866364e+03	4.160000e+03
2.866745e+03	-4.052000e+03
2.867126e+03	2.872900e+04
2.867508e+03	-1.222200e+04
2.867889e+03	-2.041200e+04
2.868271e+03	4.158000e+03
2.868652e+03	2.871300e+04
2.869034e+03	5.400000e+01
2.869415e+03	-2.863900e+04
2.869797e+03	-4.040000e+03
2.870178e+03	-8.135000e+03
2.870560e+03	-2.865400e+04
2.870941e+03	-8.141000e+03
2.871323e+03	1.644000e+04
2.871704e+03	-4.032000e+03
2.872086e+03	1.645400e+04
2.872467e+03	6.800000e+01
2.872849e+03	2.872700e+04
2.873230e+03	8.242000e+03
2.873611e+03	-8.130000e+03
2.873993e+03	2.463900e+04
2.874374e+03	2.462600e+04
2.874756e+03	-8.153000e+03
2.875137e+03	-4.048000e+03
2.875519e+03	-3.273500e+04
2.875900e+03	-2.045200e+04
2.876282e+03	2.870600e+04
2.876663e+03	-8.144000e+03
2.877045e+03	-1.632200e+04
2.877426e+03	-1.221700e+04
2.877808e+03	-2.450100e+04
2.878189e+03	-2.450400e+04
2.878571e+03	2.463900e+04
2.878952e+03	-2.452600e+04
2.879333e+03	-2.452400e+04
2.879715e+03	-4.036000e+03
2.880096e+03	2.873700e+04
2.880478e+03	-1.222800e+04
2.880859e+03	-1.224500e+04
2.881241e+03	-3.271500e+04
2.881622e+03	2.872500e+04
2.882004e+03	2.464500e+04
2.882385e+03	-2.040200e+04
2.882767e+03	2.874900e+04
2.883148e+03	-8.129000e+03
2.883530e+03	-8.135000e+03
2.883911e+03	4.157000e+03
2.884293e+03	2.052100e+04
2.884674e+03	6.600000e+01
2.885056e+03	-1.222600e+04
2.885437e+03	1.641800e+04
2.885818e+03	-2.451600e+04
2.886200e+03	-8.145000e+03
2.886581e+03	-8.134000e+03
2.886963e+03	-4.034000e+03
2.887344e+03	-2.452200e+04
2.887726e+03	2.054500e+04
2.888107e+03	2.873600e+04
2.888489e+03	5.000000e+01
2.888870e+03	-2.451200e+04
2.889252e+03	2.464300e+04
2.889633e+03	-2.451400e+04
2.890015e+03	-8.151000e+03
2.890396e+03	4.159000e+03
2.890778e+03	-2.450500e+04
2.891159e+03	2.464400e+04
2.891541e+03	-2.451600e+04
2.891922e+03	4.152000e+03
2.892303e+03	-8.155000e+03
2.892685e+03	-2.041700e+04
2.893066e+03	-1.222400e+04
2.893448e+03	4.149000e+03
2.893829e+03	8.250000e+03
2.894211e+03	1.234400e+04
2.894592e+03	-2.043500e+04
2.894974e+03	-1.223800e+04
2.895355e+03	2.872400e+04
2.895737e+03	4.146000e+03
2.896118e+03	-3.273000e+04
2.896500e+03	-4.042000e+03
2.896881e+03	5.700000e+01
2.897263e+03	2.870400e+04
2.897644e+03	-2.861800e+04
2.898026e+03	-3.272500e+04
2.898407e+03	2.463300e+04
2.898788e+03	2.464200e+04
2.899170e+03	-8.140000e+03
2.899551e+03	2.464100e+04
2.899933e+03	4.170000e+03
2.900314e+03	-2.450600e+04
2.900696e+03	4.149000e+03
2.901077e+03	-1.633200e+04
2.901459e+03	1.645100e+04
2.901840e+03	4.163000e+03
2.902222e+03	1.642700e+04
2.902603e+03	1.644500e+04
2.902985e+03	-8.135000e+03
2.903366e+03	-8.137000e+03
2.903748e+03	2.055400e+04
2.904129e+03	2.874600e+04
2.904511e+03	1.235700e+04
2.904892e+03	-2.860200e+04
2.905273e+03	-2.451000e+04
2.905655e+03	4.158000e+03
2.906036e+03	-2.453500e+04
2.906418e+03	-1.631700e+04
2.906799e+03	2.875000e+04
2.907181e+03	-2.040500e+04
2.907562e+03	-2.861500e+04
2.907944e+03	-2.861000e+04
2.908325e+03	8.238000e+03
2.908707e+03	6.600000e+01
2.909088e+03	-1.221500e+04
2.909470e+03	-1.631500e+04
2.909851e+03	8.242000e+03
2.910233e+03	3.600000e+01
2.910614e+03	-2.043500e+04
2.910995e+03	2.053800e+04
2.911377e+03	-1.225000e+04
2.911758e+03	1.235200e+04
2.912140e+03	-1.631800e+04
2.912521e+03	-1.222600e+04
2.912903e+03	-3.269400e+04
2.913284e+03	1.645900e+04
2.913666e+03	-2.860600e+04
2.914047e+03	8.251000e+03
2.914429e+03	-1.631900e+04
2.914810e+03	2.873400e+04
2.915192e+03	-4.042000e+03
2.915573e+03	6.100000e+01
2.915955e+03	8.230000e+03
2.916336e+03	2.873800e+04
2.916718e+03	2.874700e+04
2.917099e+03	-2.450700e+04
2.917480e+03	1.234900e+04
2.917862e+03	-2.041000e+04
2.918243e+03	-1.221900e+04
2.918625e+03	1.236200e+04
2.919006e+03	4.170000e+03
2.919388e+03	5.300000e+01
2.919769e+03	-2.451300e+04
2.920151e+03	-1.222400e+04
2.920532e+03	-8.137000e+03
2.920914e+03	1.236000e+04
2.921295e+03	-1.631600e+04
2.921677e+03	8.245000e+03
2.922058e+03	-4.035000e+03
2.922440e+03	1.643800e+04
2.922821e+03	-1.632500e+04
2.923203e+03	8.251000e+03
2.923584e+03	5.600000e+01
2.923965e+03	-2.042200e+04
2.924347e+03	2.462600e+04
2.924728e+03	-1.631700e+04
2.925110e+03	1.645000e+04
2.925491e+03	-1.224400e+04
2.925873e+03	-2.041300e+04
2.926254e+03	-1.631800e+04
2.926636e+03	-8.137000e+03
2.927017e+03	-1.633200e+04
2.927399e+03	-4.054000e+03
2.927780e+03	-2.041700e+04
2.928162e+03	-4.041000e+03
2.928543e+03	4.152000e+03
2.928925e+03	-8.131000e+03
2.929306e+03	-4.033000e+03
2.929688e+03	-2.450200e+04
2.930069e+03	-2.450400e+04
2.930450e+03	-1.635400e+04
2.930832e+03	-2.041600e+04
2.931213e+03	2.053300e+04
2.931595e+03	-1.222100e+04
2.931976e+03	-4.020000e+03
2.932358e+03	8.263000e+03
2.932739e+03	-3.271900e+04
2.933121e+03	4.151000e+03
2.933502e+03	-1.633300e+04
2.933884e+03	-2.042400e+04
2.934265e+03	1.234300e+04
2.934647e+03	2.873900e+04
2.935028e+03	-1.632600e+04
2.935410e+03	1.234900e+04
2.935791e+03	2.055000e+04
2.936172e+03	2.000000e+01
2.936554e+03	2.055800e+04
2.936935e+03	2.465800e+04
2.937317e+03	2.874000e+04
2.937698e+03	2.054500e+04
2.938080e+03	-2.041300e+04
2.938461e+03	-1.632800e+04
2.938843e+03	-1.221200e+04
2.939224e+03	2.464800e+04
2.939606e+03	7.000000e+01
2.939987e+03	4.170000e+03
2.940369e+03	-1.222500e+04
2.940750e+03	-2.040800e+04
2.941132e+03	1.235600e+04
2.941513e+03	2.055300e+04
2.941895e+03	-2.040300e+04
2.942276e+03	-3.271600e+04
2.942657e+03	-2.449800e+04
2.943039e+03	-2.859500e+04
2.943420e+03	2.054500e+04
2.943802e+03	-8.109000e+03
2.944183e+03	1.236400e+04
2.944565e+03	2.464900e+04
2.944946e+03	8.277000e+03
2.945328e+03	-1.631600e+04
2.945709e+03	8.271000e+03
2.946091e+03	-1.220600e+04
2.946472e+03	-4.052000e+03
2.946854e+03	-1.630200e+04
2.947235e+03	-1.630700e+04
2.947617e+03	2.465100e+04
2.947998e+03	-2.039500e+04
2.948380e+03	2.874100e+04
2.948761e+03	4.175000e+03
2.949142e+03	-2.449700e+04
2.949524e+03	-2.041300e+04
2.949905e+03	-1.220400e+04
2.950287e+03	-1.631700e+04
2.950668e+03	4.181000e+03
2.951050e+03	-3.267900e+04
2.951431e+03	4.166000e+03
2.951813e+03	2.875800e+04
2.952194e+03	-2.449800e+04
2.952576e+03	2.056400e+04
2.952957e+03	-8.099000e+03
2.953339e+03	1.236100e+04
2.953720e+03	1.647500e+04
2.954102e+03	-2.038800e+04
2.954483e+03	2.055200e+04
2.954865e+03	9.800000e+01
2.955246e+03	-1.220000e+04
2.955627e+03	2.876400e+04
2.956009e+03	-2.857100e+04
2.956390e+03	-1.221900e+04
2.956772e+03	2.877400e+04
2.957153e+03	-2.447500e+04
2.957535e+03	8.284000e+03
2.957916e+03	2.878300e+04
2.958298e+03	-2.447800e+04
2.958679e+03	1.120000e+02
2.959061e+03	-8.073000e+03
2.959442e+03	-2.449400e+04
2.959824e+03	2.061400e+04
2.960205e+03	2.062400e+04
2.960587e+03	4.241000e+03
2.960968e+03	1.242500e+04
2.961349e+03	-2.447000e+04
2.961731e+03	2.469500e+04
2.962112e+03	2.878800e+04
2.962494e+03	-1.220400e+04
2.962875e+03	4.208000e+03
2.963257e+03	2.467600e+04
2.963638e+03	2.877100e+04
2.964020e+03	-3.991000e+03
2.964401e+03	4.169000e+03
2.964783e+03	-1.628400e+04
2.965164e+03	8.289000e+03
2.965546e+03	4.178000e+03
2.965927e+03	2.467500e+04
2.966309e+03	8.276000e+03
2.966690e+03	1.237900e+04
2.967072e+03	2.057300e+04
2.967453e+03	4.168000e+03
2.967834e+03	8.289000e+03
2.968216e+03	-2.858200e+04
2.968597e+03	1.646500e+04
2.968979e+03	8.286000e+03
2.969360e+03	-1.630800e+04
2.969742e+03	4.184000e+03
2.970123e+03	2.876100e+04
2.970505e+03	2.053500e+04
2.970886e+03	8.282000e+03
2.971268e+03	2.465900e+04
2.971649e+03	7.600000e+01
2.972031e+03	8.277000e+03
2.972412e+03	2.462700e+04
2.972794e+03	2.875700e+04
2.973175e+03	-4.016000e+03
2.973557e+03	-2.859900e+04
2.973938e+03	8.280000e+03
2.974319e+03	-4.023000e+03
2.974701e+03	-3.268700e+04
2.975082e+03	-2.449000e+04
2.975464e+03	1.644500e+04
2.975845e+03	-2.040000e+04
2.976227e+03	-1.631000e+04
2.976608e+03	-2.859900e+04
2.976990e+03	2.466100e+04
2.977371e+03	2.464700e+04
2.977753e+03	2.465000e+04
2.978134e+03	-8.117000e+03
2.978516e+03	2.054700e+04
2.978897e+03	-2.039800e+04
2.979279e+03	-1.631500e+04
2.979660e+03	2.056100e+04
2.980042e+03	2.466300e+04
2.980423e+03	-8.122000e+03
2.980804e+03	2.874700e+04
2.981186e+03	8.269000e+03
2.981567e+03	2.872800e+04
2.981949e+03	2.465700e+04
2.982330e+03	7.400000e+01
2.982712e+03	8.256000e+03
2.983093e+03	8.267000e+03
2.983475e+03	-8.135000e+03
2.983856e+03	-8.115000e+03
2.984238e+03	4.170000e+03
2.984619e+03	-1.222700e+04
2.985001e+03	-4.020000e+03
2.985382e+03	-2.451300e+04
2.985764e+03	-1.631600e+04
2.986145e+03	1.235800e+04
2.986526e+03	-8.134000e+03
2.986908e+03	-2.449800e+04
2.987289e+03	2.464900e+04
2.987671e+03	1.235700e+04
2.988052e+03	-3.269300e+04
2.988434e+03	2.873300e+04
2.988815e+03	-8.131000e+03
2.989197e+03	-4.053000e+03
2.989578e+03	-3.269300e+04
2.989960e+03	1.646500e+04
2.990341e+03	-2.451100e+04
2.990723e+03	-4.027000e+03
2.991104e+03	2.874600e+04
2.991486e+03	-3.270400e+04
2.991867e+03	-4.018000e+03
2.992249e+03	8.266000e+03
2.992630e+03	2.873600e+04
2.993011e+03	-1.630800e+04
2.993393e+03	1.644800e+04
2.993774e+03	2.873600e+04
2.994156e+03	-1.222400e+04
2.994537e+03	-2.041800e+04
2.994919e+03	1.646100e+04
2.995300e+03	2.054700e+04
2.995682e+03	8.261000e+03
2.996063e+03	1.646100e+04
2.996445e+03	-2.861000e+04
2.996826e+03	2.054800e+04
2.997208e+03	1.235700e+04
2.997589e+03	2.051000e+04
2.997971e+03	2.463800e+04
2.998352e+03	8.236000e+03
2.998734e+03	2.874700e+04
2.999115e+03	4.169000e+03
2.999496e+03	2.872700e+04
2.999878e+03	4.174000e+03
3.000259e+03	2.464600e+04
3.000641e+03	2.464400e+04
3.001022e+03	8.272000e+03
3.001404e+03	1.235700e+04
3.001785e+03	8.256000e+03
3.002167e+03	-2.040900e+04
3.002548e+03	-8.149000e+03
3.002930e+03	2.464400e+04
3.003311e+03	8.249000e+03
3.003693e+03	2.055200e+04
3.004074e+03	-2.859400e+04
3.004456e+03	2.873400e+04
3.004837e+03	1.645300e+04
3.005219e+03	-2.041000e+04
3.005600e+03	2.052500e+04
3.005981e+03	1.645700e+04
3.006363e+03	4.161000e+03
3.006744e+03	6.300000e+01
3.007126e+03	1.645400e+04
3.007507e+03	-2.861800e+04
3.007889e+03	8.270000e+03
3.008270e+03	-1.221000e+04
3.008652e+03	2.054200e+04
3.009033e+03	2.463700e+04
3.009415e+03	4.150000e+03
3.009796e+03	2.054500e+04
3.010178e+03	2.463900e+04
3.010559e+03	-1.632300e+04
3.010941e+03	-1.221300e+04
3.011322e+03	1.644800e+04
3.011703e+03	4.168000e+03
3.012085e+03	-2.449500e+04
3.012466e+03	1.645800e+04
3.012848e+03	-2.042100e+04
3.013229e+03	-2.860300e+04
3.013611e+03	1.234800e+04
3.013992e+03	1.644900e+04
3.014374e+03	-8.138000e+03
3.014755e+03	-1.222300e+04
3.015137e+03	2.055600e+04
3.015518e+03	-4.020000e+03
3.015900e+03	1.645900e+04
3.016281e+03	2.054100e+04
3.016663e+03	8.262000e+03
3.017044e+03	-2.859400e+04
3.017426e+03	-8.127000e+03
3.017807e+03	1.645300e+04
3.018188e+03	-1.630600e+04
3.018570e+03	7.100000e+01
3.018951e+03	-1.632300e+04
3.019333e+03	2.873400e+04
3.019714e+03	-3.272200e+04
3.020096e+03	8.261000e+03
3.020477e+03	2.054300e+04
3.020859e+03	1.234000e+04
3.021240e+03	4.160000e+03
3.021622e+03	-1.223700e+04
3.022003e+03	2.054500e+04
3.022385e+03	-8.127000e+03
3.022766e+03	-2.043200e+04
3.023148e+03	-4.055000e+03
3.023529e+03	-8.145000e+03
3.023911e+03	1.235500e+04
3.024292e+03	-2.041500e+04
3.024673e+03	-2.453300e+04
3.025055e+03	5.400000e+01
3.025436e+03	1.000000e+00
3.025818e+03	-8.127000e+03
3.026199e+03	-2.040800e+04
3.026581e+03	2.874100e+04
3.026962e+03	-2.041700e+04
3.027344e+03	-2.862000e+04
3.027725e+03	4.144000e+03
3.028107e+03	-2.041900e+04
3.028488e+03	-2.860600e+04
3.028870e+03	-2.041400e+04
3.029251e+03	8.235000e+03
3.029633e+03	2.873700e+04
3.030014e+03	7.300000e+01
3.030396e+03	-4.027000e+03
3.030777e+03	1.235300e+04
3.031158e+03	2.054800e+04
3.031540e+03	-2.449900e+04
3.031921e+03	4.175000e+03
3.032303e+03	2.873800e+04
3.032684e+03	-8.137000e+03
3.033066e+03	-3.270800e+04
3.033447e+03	-2.042800e+04
3.033829e+03	4.168000e+03
3.034210e+03	-2.041600e+04
3.034592e+03	-1.223000e+04
3.034973e+03	-3.269600e+04
3.035355e+03	-1.632800e+04
3.035736e+03	-1.221800e+04
3.036118e+03	-3.269300e+04
3.036499e+03	-3.270900e+04
3.036880e+03	-2.041300e+04
3.037262e+03	2.464500e+04
3.037643e+03	1.233000e+04
3.038025e+03	1.644400e+04
3.038406e+03	-2.452900e+04
3.038788e+03	-1.631700e+04
3.039169e+03	-2.041200e+04
3.039551e+03	-3.272100e+04
3.039932e+03	2.464500e+04
3.040314e+03	-2.041200e+04
3.040695e+03	-2.861600e+04
3.041077e+03	1.234700e+04
3.041458e+03	-8.151000e+03
3.041840e+03	8.262000e+03
3.042221e+03	2.874100e+04
3.042603e+03	-8.139000e+03
3.042984e+03	-2.451100e+04
3.043365e+03	2.872900e+04
3.043747e+03	-1.223100e+04
3.044128e+03	-8.130000e+03
3.044510e+03	-1.224700e+04
3.044891e+03	-1.222000e+04
3.045273e+03	4.161000e+03
3.045654e+03	4.163000e+03
3.046036e+03	1.236400e+04
3.046417e+03	2.054800e+04
3.046799e+03	-1.223400e+04
3.047180e+03	4.166000e+03
3.047562e+03	-8.132000e+03
3.047943e+03	-8.144000e+03
3.048325e+03	-4.035000e+03
3.048706e+03	-2.451100e+04
3.049088e+03	-1.222500e+04
3.049469e+03	-2.452000e+04
3.049850e+03	1.235600e+04
3.050232e+03	8.255000e+03
3.050613e+03	1.643300e+04
3.050995e+03	-2.451200e+04
3.051376e+03	-3.273300e+04
3.051758e+03	-2.450600e+04
3.052139e+03	-2.040500e+04
3.052521e+03	-4.033000e+03
3.052902e+03	-8.130000e+03
3.053284e+03	7.500000e+01
3.053665e+03	1.236400e+04
3.054047e+03	2.464200e+04
3.054428e+03	2.463700e+04
3.054810e+03	-2.450200e+04
3.055191e+03	8.259000e+03
3.055573e+03	-1.220700e+04
3.055954e+03	1.647400e+04
3.056335e+03	-2.449000e+04
3.056717e+03	-2.860600e+04
3.057098e+03	-8.125000e+03
3.057480e+03	-1.222600e+04
3.057861e+03	1.644800e+04
3.058243e+03	7.500000e+01
3.058624e+03	2.464000e+04
3.059006e+03	-4.033000e+03
3.059387e+03	2.874000e+04
3.059769e+03	-2.041900e+04
3.060150e+03	-3.270600e+04
3.060532e+03	8.247000e+03
3.060913e+03	-4.032000e+03
3.061295e+03	1.645200e+04
3.061676e+03	-2.042300e+04
3.062057e+03	-2.451900e+04
3.062439e+03	-2.863400e+04
3.062820e+03	2.464000e+04
3.063202e+03	-3.270100e+04
3.063583e+03	-2.042400e+04
3.063965e+03	2.464200e+04
3.064346e+03	-2.041900e+04
3.064728e+03	-2.043100e+04
3.065109e+03	-2.450900e+04
3.065491e+03	2.053800e+04
3.065872e+03	-4.055000e+03
3.066254e+03	2.871300e+04
3.066635e+03	-4.034000e+03
3.067017e+03	1.645800e+04
3.067398e+03	1.235900e+04
3.067780e+03	-2.860900e+04
3.068161e+03	-1.222400e+04
3.068542e+03	4.128000e+03
3.068924e+03	1.235300e+04
3.069305e+03	-1.221900e+04
3.069687e+03	-2.042500e+04
3.070068e+03	-1.223300e+04
3.070450e+03	-8.139000e+03
3.070831e+03	-1.222800e+04
3.071213e+03	6.200000e+01
3.071594e+03	1.642200e+04
3.071976e+03	-3.270200e+04
3.072357e+03	2.873900e+04
3.072739e+03	8.246000e+03
3.073120e+03	-4.047000e+03
3.073502e+03	-8.165000e+03
3.073883e+03	-1.632300e+04
3.074265e+03	-4.039000e+03
3.074646e+03	-2.042900e+04
3.075027e+03	1.645300e+04
3.075409e+03	1.645000e+04
3.075790e+03	-3.271600e+04
3.076172e+03	-1.223100e+04
3.076553e+03	-2.862600e+04
3.076935e+03	-8.132000e+03
3.077316e+03	-1.632200e+04
3.077698e+03	8.252000e+03
3.078079e+03	-8.134000e+03
3.078461e+03	-2.044300e+04
3.078842e+03	-2.041400e+04
3.079224e+03	-2.040900e+04
3.079605e+03	-3.269900e+04
3.079987e+03	-2.041400e+04
3.080368e+03	-1.633200e+04
3.080750e+03	6.600000e+01
3.081131e+03	7.200000e+01
3.081512e+03	-1.222400e+04
3.081894e+03	1.644900e+04
3.082275e+03	-1.632300e+04
3.082657e+03	-2.452500e+04
3.083038e+03	2.055200e+04
3.083420e+03	-8.120000e+03
3.083801e+03	4.160000e+03
3.084183e+03	-1.224200e+04
3.084564e+03	-8.141000e+03
3.084946e+03	8.255000e+03
3.085327e+03	-4.043000e+03
3.085709e+03	2.053500e+04
3.086090e+03	-3.270900e+04
3.086472e+03	-2.862000e+04
3.086853e+03	2.054900e+04
3.087235e+03	6.600000e+01
3.087616e+03	2.872700e+04
3.087997e+03	7.400000e+01
3.088379e+03	4.169000e+03
3.088760e+03	1.234200e+04
3.089142e+03	-2.452900e+04
3.089523e+03	-2.862300e+04
3.089905e+03	1.235100e+04
3.090286e+03	-2.451500e+04
3.090668e+03	2.462200e+04
3.091049e+03	1.644900e+04
3.091431e+03	6.200000e+01
3.091812e+03	-3.272900e+04
3.092194e+03	-2.043800e+04
3.092575e+03	2.053800e+04
3.092957e+03	2.054600e+04
3.093338e+03	1.644000e+04
3.093719e+03	1.234300e+04
3.094101e+03	2.054400e+04
3.094482e+03	-1.224500e+04
3.094864e+03	-4.034000e+03
3.095245e+03	-1.632200e+04
3.095627e+03	1.644600e+04
3.096008e+03	-2.449900e+04
3.096390e+03	1.646300e+04
3.096771e+03	2.874300e+04
3.097153e+03	5.800000e+01
3.097534e+03	-8.142000e+03
3.097916e+03	-2.042800e+04
3.098297e+03	-1.633400e+04
3.098679e+03	-2.864700e+04
3.099060e+03	2.053100e+04
3.099442e+03	-2.451400e+04
3.099823e+03	1.235300e+04
3.100204e+03	-1.224000e+04
3.100586e+03	6.500000e+01
3.100967e+03	-2.040900e+04
3.101349e+03	-2.861300e+04
3.101730e+03	2.873300e+04
3.102112e+03	-2.041500e+04
3.102493e+03	4.140000e+03
3.102875e+03	-2.450200e+04
3.103256e+03	-4.017000e+03
3.103638e+03	-1.630900e+04
3.104019e+03	-3.269900e+04
3.104401e+03	-2.041900e+04
3.104782e+03	-1.631600e+04
3.105164e+03	1.645200e+04
3.105545e+03	-2.041800e+04
3.105927e+03	-4.024000e+03
3.106308e+03	-3.269300e+04
3.106689e+03	-2.040800e+04
3.107071e+03	-1.631200e+04
3.107452e+03	4.155000e+03
3.107834e+03	1.644400e+04
3.108215e+03	8.263000e+03
3.108597e+03	-8.129000e+03
3.108978e+03	-3.271000e+04
3.109360e+03	-2.451900e+04
3.109741e+03	-4.046000e+03
3.110123e+03	-1.223400e+04
3.110504e+03	-1.632600e+04
3.110886e+03	-3.270000e+04
3.111267e+03	-8.125000e+03
3.111649e+03	-3.270400e+04
3.112030e+03	2.054700e+04
3.112412e+03	5.800000e+01
3.112793e+03	-3.271000e+04
3.113174e+03	-3.270000e+04
3.113556e+03	-1.221900e+04
3.113937e+03	-2.859700e+04
3.114319e+03	1.236300e+04
3.114700e+03	-3.270800e+04
3.115082e+03	-2.044300e+04
3.115463e+03	2.800000e+01
3.115845e+03	1.644000e+04
3.116226e+03	2.463800e+04
3.116608e+03	2.871900e+04
3.116989e+03	1.645000e+04
3.117371e+03	1.235900e+04
3.117752e+03	2.054700e+04
3.118134e+03	-2.041700e+04
3.118515e+03	-2.450900e+04
3.118896e+03	2.464400e+04
3.119278e+03	-8.134000e+03
3.119659e+03	-1.223100e+04
3.120041e+03	1.644000e+04
3.120422e+03	-2.451900e+04
3.120804e+03	2.465100e+04
3.121185e+03	-1.221300e+04
3.121567e+03	1.235000e+04
3.121948e+03	2.054500e+04
3.122330e+03	-1.222400e+04
3.122711e+03	-1.222800e+04
3.123093e+03	-3.269500e+04
3.123474e+03	7.200000e+01
3.123856e+03	2.464000e+04
3.124237e+03	-1.631900e+04
3.124619e+03	-2.451300e+04
3.125000e+03	-4.040000e+03
3.125381e+03	1.644100e+04
3.125763e+03	-8.134000e+03
3.126144e+03	-4.040000e+03
3.126526e+03	2.872000e+04
3.126907e+03	8.248000e+03
3.127289e+03	-8.132000e+03
3.127670e+03	-4.031000e+03
3.128052e+03	2.054000e+04
3.128433e+03	4.151000e+03
3.128815e+03	1.235200e+04
3.129196e+03	-3.273200e+04
3.129578e+03	7.300000e+01
3.129959e+03	-1.220900e+04
3.130341e+03	-8.121000e+03
3.130722e+03	1.645000e+04
3.131104e+03	-8.119000e+03
3.131485e+03	-4.035000e+03
3.131866e+03	-8.129000e+03
3.132248e+03	-3.270100e+04
3.132629e+03	1.235200e+04
3.133011e+03	-8.118000e+03
3.133392e+03	4.168000e+03
3.133774e+03	4.143000e+03
3.134155e+03	-1.632300e+04
3.134537e+03	4.136000e+03
3.134918e+03	2.463800e+04
3.135300e+03	1.235700e+04
3.135681e+03	-1.631500e+04
3.136063e+03	4.169000e+03
3.136444e+03	4.162000e+03
3.136826e+03	-8.136000e+03
3.137207e+03	2.873200e+04
3.137589e+03	-2.041700e+04
3.137970e+03	2.874700e+04
3.138351e+03	1.236200e+04
3.138733e+03	-2.861400e+04
3.139114e+03	2.874000e+04
3.139496e+03	1.645100e+04
3.139877e+03	1.643800e+04
3.140259e+03	2.463600e+04
3.140640e+03	2.054200e+04
3.141022e+03	2.054800e+04
3.141403e+03	2.054200e+04
3.141785e+03	-4.046000e+03
3.142166e+03	-1.631800e+04
3.142548e+03	-4.033000e+03
3.142929e+03	2.053700e+04
3.143311e+03	1.233600e+04
3.143692e+03	-1.633000e+04
3.144073e+03	7.100000e+01
3.144455e+03	-3.269600e+04
3.144836e+03	-8.129000e+03
3.145218e+03	1.642600e+04
3.145599e+03	1.644300e+04
3.145981e+03	2.873300e+04
3.146362e+03	-2.452600e+04
3.146744e+03	1.235500e+04
3.147125e+03	2.464300e+04
3.147507e+03	-8.144000e+03
3.147888e+03	8.264000e+03
3.148270e+03	-8.122000e+03
3.148651e+03	1.233000e+04
3.149033e+03	8.261000e+03
3.149414e+03	8.256000e+03
3.149796e+03	2.054400e+04
3.150177e+03	2.874900e+04
3.150558e+03	-2.860300e+04
3.150940e+03	7.000000e+01
3.151321e+03	1.237200e+04
3.151703e+03	1.646900e+04
3.152084e+03	-3.269300e+04
3.152466e+03	-1.223400e+04
3.152847e+03	1.645000e+04
3.153229e+03	-4.033000e+03
3.153610e+03	-1.634000e+04
3.153992e+03	5.100000e+01
3.154373e+03	-2.861100e+04
3.154755e+03	-3.270400e+04
3.155136e+03	-3.270900e+04
3.155518e+03	-2.861800e+04
3.155899e+03	-8.128000e+03
3.156281e+03	6.300000e+01
3.156662e+03	-4.046000e+03
3.157043e+03	2.871500e+04
3.157425e+03	2.873500e+04
3.157806e+03	-2.450600e+04
3.158188e+03	7.000000e+01
3.158569e+03	-4.032000e+03
3.158951e+03	-2.041700e+04
3.159332e+03	5.300000e+01
3.159714e+03	1.233300e+04
3.160095e+03	2.463200e+04
3.160477e+03	-1.222900e+04
3.160858e+03	-8.131000e+03
3.161240e+03	-2.862700e+04
3.161621e+03	-1.632000e+04
3.162003e+03	-3.270000e+04
3.162384e+03	-2.453800e+04
3.162766e+03	-3.269800e+04
3.163147e+03	1.645600e+04
3.163528e+03	-2.862300e+04
3.163910e+03	-4.024000e+03
3.164291e+03	1.236300e+04
3.164673e+03	-2.042200e+04
3.165054e+03	2.463400e+04
3.165436e+03	1.235100e+04
3.165817e+03	2.871200e+04
3.166199e+03	2.462400e+04
3.166580e+03	4.200000e+01
3.166962e+03	-4.044000e+03
3.167343e+03	4.159000e+03
3.167725e+03	4.167000e+03
3.168106e+03	8.263000e+03
3.168488e+03	4.153000e+03
3.168869e+03	2.054500e+04
3.169250e+03	-4.033000e+03
3.169632e+03	2.871400e+04
3.170013e+03	-1.222200e+04
3.170395e+03	2.054100e+04
3.170776e+03	-2.860400e+04
3.171158e+03	4.172000e+03
3.171539e+03	4.165000e+03
3.171921e+03	-2.452900e+04
3.172302e+03	4.160000e+03
3.172684e+03	8.254000e+03
3.173065e+03	1.644400e+04
3.173447e+03	2.053400e+04
3.173828e+03	2.054500e+04
3.174210e+03	6.800000e+01
3.174591e+03	2.872300e+04
3.174973e+03	-4.046000e+03
3.175354e+03	-2.042200e+04
3.175735e+03	-8.126000e+03
3.176117e+03	-1.631300e+04
3.176498e+03	-2.041800e+04
3.176880e+03	2.873200e+04
3.177261e+03	1.645500e+04
3.177643e+03	-2.450800e+04
3.178024e+03	1.234900e+04
3.178406e+03	-4.047000e+03
3.178787e+03	-4.031000e+03
3.179169e+03	-4.025000e+03
3.179550e+03	-2.451200e+04
3.179932e+03	2.871500e+04
3.180313e+03	1.233600e+04
3.180695e+03	1.233900e+04
3.181076e+03	4.161000e+03
3.181458e+03	-2.861200e+04
3.181839e+03	-1.635400e+04
3.182220e+03	2.052800e+04
3.182602e+03	1.234100e+04
3.182983e+03	-1.631400e+04
3.183365e+03	-2.860100e+04
3.183746e+03	2.463600e+04
3.184128e+03	4.147000e+03
3.184509e+03	5.900000e+01
3.184891e+03	2.054600e+04
3.185272e+03	-2.451300e+04
3.185654e+03	-2.862600e+04
3.186035e+03	2.054500e+04
3.186417e+03	-4.035000e+03
3.186798e+03	2.872300e+04
3.187180e+03	-3.270000e+04
3.187561e+03	8.249000e+03
3.187943e+03	-8.131000e+03
3.188324e+03	-2.450200e+04
3.188705e+03	2.874400e+04
3.189087e+03	-4.038000e+03
3.189468e+03	-8.148000e+03
3.189850e+03	-2.452300e+04
3.190231e+03	-1.222300e+04
3.190613e+03	1.235600e+04
3.190994e+03	2.464100e+04
3.191376e+03	4.161000e+03
3.191757e+03	-4.030000e+03
3.192139e+03	-2.451700e+04
3.192520e+03	-2.451400e+04
3.192902e+03	-1.221800e+04
3.193283e+03	2.873700e+04
3.193665e+03	8.238000e+03
3.194046e+03	6.800000e+01
3.194427e+03	2.054800e+04
3.194809e+03	8.251000e+03
3.195190e+03	-2.451200e+04
3.195572e+03	-3.270400e+04
3.195953e+03	-4.043000e+03
3.196335e+03	2.463200e+04
3.196716e+03	6.000000e+01
3.197098e+03	4.159000e+03
3.197479e+03	8.251000e+03
3.197861e+03	-2.453600e+04
3.198242e+03	-3.271100e+04
3.198624e+03	2.873900e+04
3.199005e+03	2.464700e+04
3.199387e+03	2.055300e+04
3.199768e+03	-2.450500e+04
3.200150e+03	-1.222500e+04
3.200531e+03	-2.043400e+04
3.200912e+03	-3.271700e+04
3.201294e+03	-2.861900e+04
3.201675e+03	2.873600e+04
3.202057e+03	2.874000e+04
3.202438e+03	-2.450700e+04
3.202820e+03	8.265000e+03
3.203201e+03	1.645300e+04
3.203583e+03	1.643000e+04
3.203964e+03	8.247000e+03
3.204346e+03	2.052600e+04
3.204727e+03	-2.452000e+04
3.205109e+03	2.054600e+04
3.205490e+03	-2.042200e+04
3.205872e+03	2.462900e+04
3.206253e+03	4.158000e+03
3.206635e+03	2.054100e+04
3.207016e+03	-3.270500e+04
3.207397e+03	-8.126000e+03
3.207779e+03	2.873900e+04
3.208160e+03	8.256000e+03
3.208542e+03	-3.270900e+04
3.208923e+03	-4.036000e+03
3.209305e+03	4.147000e+03
3.209686e+03	-1.223900e+04
3.210068e+03	2.053600e+04
3.210449e+03	1.232800e+04
3.210831e+03	1.644700e+04
3.211212e+03	-8.131000e+03
3.211594e+03	1.233700e+04
3.211975e+03	4.162000e+03
3.212357e+03	-2.860800e+04
3.212738e+03	-3.271300e+04
3.213120e+03	-3.270900e+04
3.213501e+03	-1.632800e+04
3.213882e+03	-1.222400e+04
3.214264e+03	8.254000e+03
3.214645e+03	-2.455300e+04
3.215027e+03	8.257000e+03
3.215408e+03	-8.124000e+03
3.215790e+03	-1.222100e+04
3.216171e+03	2.054000e+04
3.216553e+03	1.641000e+04
3.216934e+03	-2.861300e+04
3.217316e+03	2.053400e+04
3.217697e+03	-8.151000e+03
3.218079e+03	-4.037000e+03
3.218460e+03	-1.222800e+04
3.218842e+03	-1.222500e+04
3.219223e+03	-1.633100e+04
3.219604e+03	-2.451400e+04
3.219986e+03	2.055200e+04
3.220367e+03	-2.451100e+04
3.220749e+03	-4.048000e+03
3.221130e+03	1.235200e+04
3.221512e+03	2.052700e+04
3.221893e+03	-8.132000e+03
3.222275e+03	-1.222500e+04
3.222656e+03	-1.635800e+04
3.223038e+03	6.300000e+01
3.223419e+03	4.153000e+03
3.223801e+03	8.248000e+03
3.224182e+03	-2.041300e+04
3.224564e+03	4.153000e+03
3.224945e+03	-2.451900e+04
3.225327e+03	2.873800e+04
3.225708e+03	8.246000e+03
3.226089e+03	-8.139000e+03
3.226471e+03	4.160000e+03
3.226852e+03	-2.860800e+04
3.227234e+03	-4.031000e+03
3.227615e+03	-4.028000e+03
3.227997e+03	1.235800e+04
3.228378e+03	6.500000e+01
3.228760e+03	4.155000e+03
3.229141e+03	6.200000e+01
3.229523e+03	-2.043500e+04
3.229904e+03	4.900000e+01
3.230286e+03	-3.272000e+04
3.230667e+03	-1.222500e+04
3.231049e+03	-3.269500e+04
3.231430e+03	4.167000e+03
3.231812e+03	-1.223300e+04
3.232193e+03	-2.860800e+04
3.232574e+03	6.100000e+01
3.232956e+03	2.050000e+04
3.233337e+03	2.053600e+04
3.233719e+03	-2.451500e+04
3.234100e+03	1.234600e+04
3.234482e+03	2.461400e+04
3.234863e+03	-8.133000e+03
3.235245e+03	-2.451300e+04
3.235626e+03	6.200000e+01
3.236008e+03	2.874300e+04
3.236389e+03	-8.120000e+03
3.236771e+03	6.400000e+01
3.237152e+03	-2.454200e+04
3.237534e+03	-8.137000e+03
3.237915e+03	-1.631800e+04
3.238297e+03	-2.860400e+04
3.238678e+03	8.253000e+03
3.239059e+03	-2.452400e+04
3.239441e+03	-8.126000e+03
3.239822e+03	2.464600e+04
3.240204e+03	-2.450900e+04
3.240585e+03	-3.271100e+04
3.240967e+03	1.234500e+04
3.241348e+03	-1.223100e+04
3.241730e+03	-2.862300e+04
3.242111e+03	-3.271800e+04
3.242493e+03	-3.272000e+04
3.242874e+03	2.463300e+04
3.243256e+03	4.157000e+03
3.243637e+03	-2.451500e+04
3.244019e+03	-2.861000e+04
3.244400e+03	-2.042200e+04
3.244781e+03	-1.632700e+04
3.245163e+03	-1.632800e+04
3.245544e+03	-8.149000e+03
3.245926e+03	2.868700e+04
3.246307e+03	-1.633900e+04
3.246689e+03	-2.451700e+04
3.247070e+03	-1.632000e+04
3.247452e+03	-1.222300e+04
3.247833e+03	2.464300e+04
3.248215e+03	2.873600e+04
3.248596e+03	2.873000e+04
3.248978e+03	-1.633200e+04
3.249359e+03	-2.453200e+04
3.249741e+03	2.054400e+04
3.250122e+03	-1.631700e+04
3.250504e+03	2.054000e+04
3.250885e+03	5.500000e+01
3.251266e+03	1.234100e+04
3.251648e+03	4.500000e+01
3.252029e+03	-1.633200e+04
3.252411e+03	1.234500e+04
3.252792e+03	-4.035000e+03
3.253174e+03	2.872600e+04
3.253555e+03	-2.452400e+04
3.253937e+03	-4.029000e+03
3.254318e+03	1.645000e+04
3.254700e+03	2.052300e+04
3.255081e+03	-1.223600e+04
3.255463e+03	-3.270400e+04
3.255844e+03	-1.632100e+04
3.256226e+03	-3.271700e+04
3.256607e+03	-8.140000e+03
3.256989e+03	-1.632100e+04
3.257370e+03	2.873100e+04
3.257751e+03	-3.272200e+04
3.258133e+03	2.462900e+04
3.258514e+03	4.138000e+03
3.258896e+03	1.641700e+04
3.259277e+03	4.127000e+03
3.259659e+03	-8.137000e+03
3.260040e+03	-2.861200e+04
3.260422e+03	2.053000e+04
3.260803e+03	8.252000e+03
3.261185e+03	-8.124000e+03
3.261566e+03	2.464800e+04
3.261948e+03	6.800000e+01
3.262329e+03	2.053600e+04
3.262711e+03	1.235900e+04
3.263092e+03	-1.221600e+04
3.263474e+03	1.235200e+04
3.263855e+03	1.235600e+04
3.264236e+03	-4.028000e+03
3.264618e+03	-3.271600e+04
3.264999e+03	5.200000e+01
3.265381e+03	1.642700e+04
3.265762e+03	-3.271200e+04
3.266144e+03	4.155000e+03
3.266525e+03	-8.153000e+03
3.266907e+03	1.235700e+04
3.267288e+03	2.464800e+04
3.267670e+03	4.160000e+03
3.268051e+03	6.600000e+01
3.268433e+03	-2.860000e+04
3.268814e+03	-4.027000e+03
3.269196e+03	-1.632900e+04
3.269577e+03	-2.861700e+04
3.269958e+03	6.100000e+01
3.270340e+03	8.247000e+03
3.270721e+03	-2.452700e+04
3.271103e+03	-2.861800e+04
3.271484e+03	-2.452400e+04
3.271866e+03	-4.052000e+03
3.272247e+03	2.054300e+04
3.272629e+03	-3.269800e+04
3.273010e+03	-1.222500e+04
3.273392e+03	-4.048000e+03
3.273773e+03	-3.269900e+04
3.274155e+03	1.235600e+04
3.274536e+03	-3.272100e+04
3.274918e+03	-8.138000e+03
3.275299e+03	-1.632700e+04
3.275681e+03	2.463800e+04
3.276062e+03	1.644000e+04
3.276443e+03	-8.134000e+03
3.276825e+03	-3.270400e+04
3.277206e+03	2.053500e+04
3.277588e+03	2.055500e+04
3.277969e+03	-2.449800e+04
3.278351e+03	1.235100e+04
3.278732e+03	4.162000e+03
3.279114e+03	-8.117000e+03
3.279495e+03	2.464300e+04
3.279877e+03	-1.634100e+04
3.280258e+03	2.054400e+04
3.280640e+03	2.464400e+04
3.281021e+03	-3.270000e+04
3.281403e+03	1.233200e+04
3.281784e+03	4.163000e+03
3.282166e+03	-8.123000e+03
3.282547e+03	-2.451700e+04
3.282928e+03	2.465100e+04
3.283310e+03	1.646300e+04
3.283691e+03	-4.025000e+03
3.284073e+03	8.246000e+03
3.284454e+03	-2.862600e+04
3.284836e+03	-4.059000e+03
3.285217e+03	-1.633300e+04
3.285599e+03	2.051900e+04
3.285980e+03	8.247000e+03
3.286362e+03	-4.030000e+03
3.286743e+03	8.254000e+03
3.287125e+03	6.300000e+01
3.287506e+03	8.273000e+03
3.287888e+03	8.400000e+01
3.288269e+03	7.600000e+01
3.288651e+03	-2.452100e+04
3.289032e+03	1.235400e+04
3.289413e+03	-2.861100e+04
3.289795e+03	1.234200e+04
3.290176e+03	-3.272600e+04
3.290558e+03	-8.122000e+03
3.290939e+03	4.173000e+03
3.291321e+03	-1.631500e+04
3.291702e+03	-2.453400e+04
3.292084e+03	6.300000e+01
3.292465e+03	-4.061000e+03
3.292847e+03	1.235300e+04
3.293228e+03	8.256000e+03
3.293610e+03	1.643300e+04
3.293991e+03	-4.030000e+03
3.294373e+03	-1.223700e+04
3.294754e+03	-1.632100e+04
3.295136e+03	-2.040700e+04
3.295517e+03	8.260000e+03
3.295898e+03	-1.223500e+04
3.296280e+03	5.800000e+01
3.296661e+03	-4.031000e+03
3.297043e+03	4.166000e+03
3.297424e+03	4.153000e+03
3.297806e+03	-4.041000e+03
3.298187e+03	-2.860600e+04
3.298569e+03	1.235000e+04
3.298950e+03	5.200000e+01
3.299332e+03	-2.862100e+04
3.299713e+03	-2.040800e+04
3.300095e+03	2.055500e+04
3.300476e+03	8.255000e+03
3.300858e+03	-3.271500e+04
3.301239e+03	-2.861100e+04
3.301620e+03	-1.223700e+04
3.302002e+03	1.234800e+04
3.302383e+03	1.644900e+04
3.302765e+03	2.874800e+04
3.303146e+03	2.874800e+04
3.303528e+03	1.644400e+04
3.303909e+03	-2.861000e+04
3.304291e+03	2.054900e+04
3.304672e+03	-2.042600e+04
3.305054e+03	-2.451700e+04
3.305435e+03	1.234600e+04
3.305817e+03	2.872000e+04
3.306198e+03	-3.271300e+04
3.306580e+03	5.500000e+01
3.306961e+03	-2.451400e+04
3.307343e+03	-2.042200e+04
3.307724e+03	-2.451800e+04
3.308105e+03	2.873200e+04
3.308487e+03	-1.634800e+04
3.308868e+03	-4.028000e+03
3.309250e+03	-1.631300e+04
3.309631e+03	4.155000e+03
3.310013e+03	1.233200e+04
3.310394e+03	-3.276400e+04
3.310776e+03	-1.632300e+04
3.311157e+03	-1.222500e+04
3.311539e+03	1.640700e+04
3.311920e+03	-2.860800e+04
3.312302e+03	-2.041300e+04
3.312683e+03	-4.040000e+03
3.313065e+03	2.050900e+04
3.313446e+03	-1.632800e+04
3.313828e+03	1.645200e+04
3.314209e+03	2.873500e+04
3.314590e+03	-3.271900e+04
3.314972e+03	1.645300e+04
3.315353e+03	-3.270400e+04
3.315735e+03	2.872100e+04
3.316116e+03	2.464700e+04
3.316498e+03	2.055100e+04
3.316879e+03	-8.129000e+03
3.317261e+03	-3.271000e+04
3.317642e+03	2.463900e+04
3.318024e+03	8.260000e+03
3.318405e+03	-1.222200e+04
3.318787e+03	-2.860900e+04
3.319168e+03	5.700000e+01
3.319550e+03	1.642300e+04
3.319931e+03	-8.134000e+03
3.320313e+03	5.700000e+01
3.320694e+03	7.000000e+01
3.321075e+03	-3.269300e+04
3.321457e+03	8.262000e+03
3.321838e+03	4.153000e+03
3.322220e+03	2.463100e+04
3.322601e+03	-2.452800e+04
3.322983e+03	8.254000e+03
3.323364e+03	1.234800e+04
3.323746e+03	2.052200e+04
3.324127e+03	-2.452600e+04
3.324509e+03	2.463800e+04
3.324890e+03	2.464100e+04
3.325272e+03	-1.223200e+04
3.325653e+03	7.000000e+01
3.326035e+03	-2.859700e+04
3.326416e+03	-8.124000e+03
3.326797e+03	5.600000e+01
3.327179e+03	-2.451200e+04
3.327560e+03	4.158000e+03
3.327942e+03	-2.861300e+04
3.328323e+03	-1.222700e+04
3.328705e+03	-8.127000e+03
3.329086e+03	-2.860700e+04
3.329468e+03	1.643900e+04
3.329849e+03	2.053600e+04
3.330231e+03	2.053200e+04
3.330612e+03	2.054800e+04
3.330994e+03	-4.024000e+03
3.331375e+03	-1.222700e+04
3.331757e+03	2.463800e+04
3.332138e+03	4.167000e+03
3.332520e+03	-2.041900e+04
3.332901e+03	-1.635300e+04
3.333282e+03	2.462600e+04
3.333664e+03	-1.224100e+04
3.334045e+03	-8.133000e+03
3.334427e+03	-2.042700e+04
3.334808e+03	-8.128000e+03
3.335190e+03	2.465600e+04
3.335571e+03	-1.629900e+04
3.335953e+03	-2.858700e+04
3.336334e+03	1.236600e+04
3.336716e+03	-3.269500e+04
3.337097e+03	-4.031000e+03
3.337479e+03	6.200000e+01
3.337860e+03	-1.630800e+04
3.338242e+03	2.874600e+04
3.338623e+03	2.053500e+04
3.339005e+03	-1.631000e+04
3.339386e+03	-4.022000e+03
3.339767e+03	7.200000e+01
3.340149e+03	8.264000e+03
3.340530e+03	2.054700e+04
3.340912e+03	-8.127000e+03
3.341293e+03	-1.222100e+04
3.341675e+03	8.255000e+03
3.342056e+03	-8.140000e+03
3.342438e+03	-2.041500e+04
3.342819e+03	2.874700e+04
3.343201e+03	-2.450600e+04
3.343582e+03	-4.041000e+03
3.343964e+03	-8.117000e+03
3.344345e+03	-2.450100e+04
3.344727e+03	-1.222500e+04
3.345108e+03	-3.270600e+04
3.345490e+03	4.154000e+03
3.345871e+03	-4.042000e+03
3.346252e+03	2.873700e+04
3.346634e+03	-8.134000e+03
3.347015e+03	1.642800e+04
3.347397e+03	-2.451000e+04
3.347778e+03	-8.121000e+03
3.348160e+03	6.500000e+01
3.348541e+03	2.462300e+04
3.348923e+03	-3.272700e+04
3.349304e+03	-3.270500e+04
3.349686e+03	-2.450200e+04
3.350067e+03	1.235800e+04
3.350449e+03	2.462500e+04
3.350830e+03	7.200000e+01
3.351212e+03	-1.222400e+04
3.351593e+03	1.644800e+04
3.351974e+03	-1.630800e+04
3.352356e+03	8.263000e+03
3.352737e+03	2.054100e+04
3.353119e+03	-3.270000e+04
3.353500e+03	8.240000e+03
3.353882e+03	4.155000e+03
3.354263e+03	-2.861700e+04
3.354645e+03	-2.042000e+04
3.355026e+03	-2.040900e+04
3.355408e+03	2.054300e+04
3.355789e+03	4.153000e+03
3.356171e+03	1.645300e+04
3.356552e+03	2.464300e+04
3.356934e+03	-1.222100e+04
3.357315e+03	-2.451500e+04
3.357697e+03	3.700000e+01
3.358078e+03	-1.634100e+04
3.358459e+03	1.644900e+04
3.358841e+03	2.055100e+04
3.359222e+03	2.463300e+04
3.359604e+03	-3.270300e+04
3.359985e+03	-1.221500e+04
3.360367e+03	-4.037000e+03
3.360748e+03	-2.861000e+04
3.361130e+03	-2.859900e+04
3.361511e+03	2.464900e+04
3.361893e+03	-2.860100e+04
3.362274e+03	2.872700e+04
3.362656e+03	4.163000e+03
3.363037e+03	-8.122000e+03
3.363419e+03	2.873300e+04
3.363800e+03	-3.270500e+04
3.364182e+03	2.871900e+04
3.364563e+03	4.168000e+03
3.364944e+03	-3.269000e+04
3.365326e+03	4.167000e+03
3.365707e+03	-2.040900e+04
3.366089e+03	7.100000e+01
3.366470e+03	-8.139000e+03
3.366852e+03	7.100000e+01
3.367233e+03	8.255000e+03
3.367615e+03	1.644400e+04
3.367996e+03	6.700000e+01
3.368378e+03	2.462700e+04
3.368759e+03	1.645900e+04
3.369141e+03	2.055200e+04
3.369522e+03	4.200000e+01
3.369904e+03	7.000000e+01
3.370285e+03	-1.222200e+04
3.370667e+03	2.055700e+04
3.371048e+03	-2.450100e+04
3.371429e+03	-8.156000e+03
3.371811e+03	4.171000e+03
3.372192e+03	-2.451200e+04
3.372574e+03	2.055200e+04
3.372955e+03	-1.220900e+04
3.373337e+03	-2.860700e+04
3.373718e+03	-2.859100e+04
3.374100e+03	2.465700e+04
3.374481e+03	-2.861900e+04
3.374863e+03	-2.040300e+04
3.375244e+03	2.464000e+04
3.375626e+03	-1.630600e+04
3.376007e+03	-8.108000e+03
3.376389e+03	-2.450900e+04
3.376770e+03	-1.630400e+04
3.377151e+03	-2.449800e+04
3.377533e+03	-2.860400e+04
3.377914e+03	-4.013000e+03
3.378296e+03	-8.133000e+03
3.378677e+03	-3.268200e+04
3.379059e+03	-1.629600e+04
3.379440e+03	-1.223100e+04
3.379822e+03	1.237800e+04
3.380203e+03	4.177000e+03
3.380585e+03	4.185000e+03
3.380966e+03	-2.857500e+04
3.381348e+03	-3.270300e+04
3.381729e+03	-2.857100e+04
3.382111e+03	-3.266700e+04
3.382492e+03	-2.038100e+04
3.382874e+03	2.060300e+04
3.383255e+03	-2.854300e+04
3.383636e+03	2.470300e+04
3.384018e+03	-2.036600e+04
3.384399e+03	-1.630200e+04
3.384781e+03	-2.037600e+04
3.385162e+03	-4.007000e+03
3.385544e+03	-2.448600e+04
3.385925e+03	-2.038500e+04
3.386307e+03	8.261000e+03
3.386688e+03	8.500000e+01
3.387070e+03	-2.859300e+04
3.387451e+03	-2.859700e+04
3.387833e+03	-2.858800e+04
3.388214e+03	2.463500e+04
3.388596e+03	-3.268900e+04
3.388977e+03	-2.040300e+04
3.389359e+03	8.258000e+03
3.389740e+03	-1.220300e+04
3.390121e+03	-2.039700e+04
3.390503e+03	7.200000e+01
3.390884e+03	8.264000e+03
3.391266e+03	-1.632600e+04
3.391647e+03	6.600000e+01
3.392029e+03	-2.042000e+04
3.392410e+03	-8.132000e+03
3.392792e+03	-4.027000e+03
3.393173e+03	1.234400e+04
3.393555e+03	-1.222900e+04
3.393936e+03	-2.860800e+04
3.394318e+03	-2.041600e+04
3.394699e+03	6.500000e+01
3.395081e+03	-8.134000e+03
3.395462e+03	-2.041600e+04
3.395844e+03	1.644100e+04
3.396225e+03	1.644300e+04
3.396606e+03	-2.860900e+04
3.396988e+03	2.460000e+04
3.397369e+03	4.164000e+03
3.397751e+03	2.873700e+04
3.398132e+03	1.234100e+04
3.398514e+03	1.236300e+04
3.398895e+03	-1.630900e+04
3.399277e+03	6.500000e+01
3.399658e+03	-1.633400e+04
3.400040e+03	-1.632500e+04
3.400421e+03	-2.860300e+04
3.400803e+03	-2.860600e+04
3.401184e+03	-3.272300e+04
3.401566e+03	8.254000e+03
3.401947e+03	1.644300e+04
3.402328e+03	8.246000e+03
3.402710e+03	-2.453200e+04
3.403091e+03	-4.035000e+03
3.403473e+03	-1.221500e+04
3.403854e+03	2.874200e+04
3.404236e+03	2.872500e+04
3.404617e+03	6.000000e+01
3.404999e+03	1.643800e+04
3.405380e+03	2.464000e+04
3.405762e+03	7.100000e+01
3.406143e+03	-1.631700e+04
3.406525e+03	-8.130000e+03
3.406906e+03	-3.272200e+04
3.407288e+03	-1.222500e+04
3.407669e+03	-2.450600e+04
3.408051e+03	-1.222600e+04
3.408432e+03	2.051800e+04
3.408813e+03	-8.132000e+03
3.409195e+03	-1.223200e+04
3.409576e+03	-2.863800e+04
3.409958e+03	5.100000e+01
3.410339e+03	2.873300e+04
3.410721e+03	-1.632300e+04
3.411102e+03	2.872900e+04
3.411484e+03	-2.451400e+04
3.411865e+03	-2.451400e+04
3.412247e+03	-1.632200e+04
3.412628e+03	-3.270200e+04
3.413010e+03	2.464000e+04
3.413391e+03	-8.131000e+03
3.413773e+03	-1.222300e+04
3.414154e+03	-4.034000e+03
3.414536e+03	-2.452200e+04
3.414917e+03	-2.042200e+04
3.415298e+03	-2.041700e+04
3.415680e+03	2.464200e+04
3.416061e+03	2.053500e+04
3.416443e+03	2.463200e+04
3.416824e+03	8.261000e+03
3.417206e+03	-8.129000e+03
3.417587e+03	-1.633800e+04
3.417969e+03	-8.122000e+03
3.418350e+03	-2.450500e+04
3.418732e+03	6.200000e+01
3.419113e+03	1.234400e+04
3.419495e+03	4.153000e+03
3.419876e+03	2.053000e+04
3.420258e+03	1.233700e+04
3.420639e+03	2.462900e+04
3.421021e+03	-2.451100e+04
3.421402e+03	4.163000e+03
3.421783e+03	1.644200e+04
3.422165e+03	-2.862100e+04
3.422546e+03	2.873300e+04
3.422928e+03	-4.031000e+03
3.423309e+03	-4.032000e+03
3.423691e+03	2.054200e+04
3.424072e+03	-3.271000e+04
3.424454e+03	-2.043700e+04
3.424835e+03	-4.030000e+03
3.425217e+03	4.168000e+03
3.425598e+03	1.235700e+04
3.425980e+03	-1.631900e+04
3.426361e+03	2.463700e+04
3.426743e+03	2.053700e+04
3.427124e+03	8.256000e+03
3.427505e+03	8.254000e+03
3.427887e+03	4.151000e+03
3.428268e+03	8.252000e+03
3.428650e+03	-1.221800e+04
3.429031e+03	2.874200e+04
3.429413e+03	8.245000e+03
3.429794e+03	-2.041200e+04
3.430176e+03	-3.271100e+04
3.430557e+03	-3.269100e+04
3.430939e+03	-4.005000e+03
3.431320e+03	1.647800e+04
3.431702e+03	-1.629700e+04
3.432083e+03	1.236000e+04
3.432465e+03	-1.631100e+04
3.432846e+03	-2.861200e+04
3.433228e+03	-2.451200e+04
3.433609e+03	-1.221600e+04
3.433990e+03	2.463600e+04
3.434372e+03	2.462400e+04
3.434753e+03	-4.042000e+03
3.435135e+03	-2.453000e+04
3.435516e+03	-8.129000e+03
3.435898e+03	-3.271100e+04
3.436279e+03	-1.223600e+04
3.436661e+03	-1.631900e+04
3.437042e+03	4.159000e+03
3.437424e+03	-1.632700e+04
3.437805e+03	1.235700e+04
3.438187e+03	-4.023000e+03
3.438568e+03	2.054900e+04
3.438950e+03	-3.271500e+04
3.439331e+03	-2.862300e+04
3.439713e+03	-1.222600e+04
3.440094e+03	1.235800e+04
3.440475e+03	-3.270100e+04
3.440857e+03	1.644400e+04
3.441238e+03	7.100000e+01
3.441620e+03	-1.631000e+04
3.442001e+03	-2.860600e+04
3.442383e+03	1.231600e+04
3.442764e+03	1.234800e+04
3.443146e+03	-2.042000e+04
3.443527e+03	4.100000e+01
3.443909e+03	-4.027000e+03
3.444290e+03	2.055400e+04
3.444672e+03	-2.860300e+04
3.445053e+03	2.873300e+04
3.445435e+03	1.233300e+04
3.445816e+03	1.644900e+04
3.446198e+03	-2.040800e+04
3.446579e+03	8.261000e+03
3.446960e+03	-8.127000e+03
3.447342e+03	1.645000e+04
3.447723e+03	2.462400e+04
3.448105e+03	-8.135000e+03
3.448486e+03	-1.632500e+04
3.448868e+03	8.241000e+03
3.449249e+03	-1.632000e+04
3.449631e+03	-2.861200e+04
3.450012e+03	1.234600e+04
3.450394e+03	4.162000e+03
3.450775e+03	1.235100e+04
3.451157e+03	-2.451900e+04
3.451538e+03	8.253000e+03
3.451920e+03	2.873800e+04
3.452301e+03	2.054200e+04
3.452682e+03	-2.043000e+04
3.453064e+03	-1.222300e+04
3.453445e+03	2.463800e+04
3.453827e+03	2.053300e+04
3.454208e+03	1.235600e+04
3.454590e+03	2.054300e+04
3.454971e+03	-1.224100e+04
3.455353e+03	6.700000e+01
3.455734e+03	-4.032000e+03
3.456116e+03	-2.451800e+04
3.456497e+03	2.464000e+04
3.456879e+03	2.053800e+04
3.457260e+03	2.461700e+04
3.457642e+03	-2.861300e+04
3.458023e+03	1.235500e+04
3.458405e+03	1.235200e+04
3.458786e+03	1.643700e+04
3.459167e+03	6.300000e+01
3.459549e+03	-3.270800e+04
3.459930e+03	-1.225600e+04
3.460312e+03	-2.861300e+04
3.460693e+03	2.463700e+04
3.461075e+03	5.400000e+01
3.461456e+03	-4.054000e+03
3.461838e+03	-2.860500e+04
3.462219e+03	7.200000e+01
3.462601e+03	-2.451200e+04
3.462982e+03	4.800000e+01
3.463364e+03	4.160000e+03
3.463745e+03	1.234800e+04
3.464127e+03	-2.862200e+04
3.464508e+03	8.254000e+03
3.464890e+03	-1.222000e+04
3.465271e+03	6.800000e+01
3.465652e+03	-1.223100e+04
3.466034e+03	-2.861700e+04
3.466415e+03	4.153000e+03
3.466797e+03	-1.634800e+04
3.467178e+03	1.235200e+04
3.467560e+03	-2.860600e+04
3.467941e+03	6.300000e+01
3.468323e+03	-2.861600e+04
3.468704e+03	2.463100e+04
3.469086e+03	1.235300e+04
3.469467e+03	-2.042100e+04
3.469849e+03	-8.156000e+03
3.470230e+03	1.234800e+04
3.470612e+03	-1.223000e+04
3.470993e+03	-2.450400e+04
3.471375e+03	8.270000e+03
3.471756e+03	-1.631100e+04
3.472137e+03	8.250000e+03
3.472519e+03	3.500000e+01
3.472900e+03	-1.223600e+04
3.473282e+03	1.234900e+04
3.473663e+03	4.142000e+03
3.474045e+03	8.248000e+03
3.474426e+03	-8.131000e+03
3.474808e+03	4.700000e+01
3.475189e+03	4.158000e+03
3.475571e+03	-2.041800e+04
3.475952e+03	2.870900e+04
3.476334e+03	-2.861400e+04
3.476715e+03	1.234000e+04
3.477097e+03	-3.272900e+04
3.477478e+03	-2.043000e+04
3.477860e+03	1.234200e+04
3.478241e+03	-2.859800e+04
3.478622e+03	8.274000e+03
3.479004e+03	2.465800e+04
3.479385e+03	-1.630800e+04
3.479767e+03	-8.131000e+03
3.480148e+03	-2.041200e+04
3.480530e+03	1.235900e+04
3.480911e+03	5.900000e+01
3.481293e+03	-1.636300e+04
3.481674e+03	8.223000e+03
3.482056e+03	2.053500e+04
3.482437e+03	-2.860900e+04
3.482819e+03	2.873100e+04
3.483200e+03	-2.451600e+04
3.483582e+03	-3.270600e+04
3.483963e+03	1.642900e+04
3.484344e+03	-2.042200e+04
3.484726e+03	-1.222100e+04
3.485107e+03	-8.124000e+03
3.485489e+03	-2.860600e+04
3.485870e+03	8.259000e+03
3.486252e+03	-4.027000e+03
3.486633e+03	2.873600e+04
3.487015e+03	-1.224700e+04
3.487396e+03	2.463300e+04
3.487778e+03	2.462900e+04
3.488159e+03	3.800000e+01
3.488541e+03	1.644000e+04
3.488922e+03	2.873000e+04
3.489304e+03	-1.632700e+04
3.489685e+03	-4.044000e+03
3.490067e+03	-2.453400e+04
3.490448e+03	1.234300e+04
3.490829e+03	1.234700e+04
3.491211e+03	1.644400e+04
3.491592e+03	4.148000e+03
3.491974e+03	2.052200e+04
3.492355e+03	2.053700e+04
3.492737e+03	5.500000e+01
3.493118e+03	-8.163000e+03
3.493500e+03	4.116000e+03
3.493881e+03	-2.862700e+04
3.494263e+03	-8.138000e+03
3.494644e+03	-1.633600e+04
3.495026e+03	-3.271000e+04
3.495407e+03	-1.632400e+04
3.495789e+03	4.130000e+03
3.496170e+03	8.256000e+03
3.496552e+03	8.261000e+03
3.496933e+03	-3.270900e+04
3.497314e+03	1.234600e+04
3.497696e+03	-4.037000e+03
3.498077e+03	-2.452400e+04
3.498459e+03	-4.028000e+03
3.498840e+03	2.874400e+04
3.499222e+03	-2.860700e+04
3.499603e+03	2.461900e+04
3.499985e+03	-2.046000e+04
3.500366e+03	2.461900e+04
3.500748e+03	-2.451900e+04
3.501129e+03	1.644100e+04
3.501511e+03	-1.223400e+04
3.501892e+03	-3.271800e+04
3.502274e+03	-2.863800e+04
3.502655e+03	-1.223500e+04
3.503037e+03	4.157000e+03
3.503418e+03	-8.139000e+03
3.503799e+03	5.200000e+01
3.504181e+03	4.161000e+03
3.504562e+03	-2.451300e+04
3.504944e+03	-4.053000e+03
3.505325e+03	8.233000e+03
3.505707e+03	1.230700e+04
3.506088e+03	-3.270900e+04
3.506470e+03	-1.222200e+04
3.506851e+03	2.464100e+04
3.507233e+03	-3.270100e+04
3.507614e+03	-2.450600e+04
3.507996e+03	-2.860300e+04
3.508377e+03	-2.860800e+04
3.508759e+03	-2.861400e+04
3.509140e+03	-4.045000e+03
3.509521e+03	-8.134000e+03
3.509903e+03	-1.633100e+04
3.510284e+03	-8.151000e+03
3.510666e+03	-8.134000e+03
3.511047e+03	4.152000e+03
3.511429e+03	2.870600e+04
3.511810e+03	1.644200e+04
3.512192e+03	-1.632500e+04
3.512573e+03	-2.452600e+04
3.512955e+03	4.128000e+03
3.513336e+03	5.300000e+01
3.513718e+03	1.234700e+04
3.514099e+03	2.462700e+04
3.514481e+03	-4.040000e+03
3.514862e+03	-4.030000e+03
3.515244e+03	6.600000e+01
3.515625e+03	-2.861200e+04
3.516006e+03	2.872700e+04
3.516388e+03	-2.453600e+04
3.516769e+03	2.462400e+04
3.517151e+03	-2.453900e+04
3.517532e+03	-1.223000e+04
3.517914e+03	1.645200e+04
3.518295e+03	-4.036000e+03
3.518677e+03	2.054500e+04
3.519058e+03	-1.221100e+04
3.519440e+03	-2.449600e+04
3.519821e+03	-3.269100e+04
3.520203e+03	-1.631800e+04
3.520584e+03	1.643100e+04
3.520966e+03	-4.030000e+03
3.521347e+03	-2.451300e+04
3.521729e+03	4.400000e+01
3.522110e+03	-4.038000e+03
3.522491e+03	1.642900e+04
3.522873e+03	6.500000e+01
3.523254e+03	7.400000e+01
3.523636e+03	8.262000e+03
3.524017e+03	-4.036000e+03
3.524399e+03	-3.271700e+04
3.524780e+03	-1.634400e+04
3.525162e+03	2.872900e+04
3.525543e+03	8.231000e+03
3.525925e+03	-1.631500e+04
3.526306e+03	1.236900e+04
3.526688e+03	8.275000e+03
3.527069e+03	7.700000e+01
3.527451e+03	-1.632000e+04
3.527832e+03	-2.043800e+04
3.528214e+03	5.100000e+01
3.528595e+03	4.147000e+03
3.528976e+03	-2.862100e+04
3.529358e+03	1.234200e+04
3.529739e+03	8.246000e+03
3.530121e+03	2.872100e+04
3.530502e+03	1.643300e+04
3.530884e+03	4.900000e+01
3.531265e+03	-2.862400e+04
3.531647e+03	2.054500e+04
3.532028e+03	-2.860300e+04
3.532410e+03	-2.041800e+04
3.532791e+03	-1.634600e+04
3.533173e+03	2.463600e+04
3.533554e+03	-2.042000e+04
3.533936e+03	-4.034000e+03
3.534317e+03	-1.631900e+04
3.534698e+03	-2.451500e+04
3.535080e+03	1.235000e+04
3.535461e+03	-3.270300e+04
3.535843e+03	-2.042200e+04
3.536224e+03	-2.044700e+04
3.536606e+03	1.642500e+04
3.536987e+03	1.000000e+00
3.537369e+03	-8.143000e+03
3.537750e+03	-2.861900e+04
3.538132e+03	1.232800e+04
3.538513e+03	2.051600e+04
3.538895e+03	-8.143000e+03
3.539276e+03	8.237000e+03
3.539658e+03	2.053000e+04
3.540039e+03	2.463400e+04
3.540421e+03	2.873600e+04
3.540802e+03	4.158000e+03
3.541183e+03	1.233300e+04
3.541565e+03	-2.862800e+04
3.541946e+03	1.643300e+04
3.542328e+03	5.300000e+01
3.542709e+03	-2.860700e+04
3.543091e+03	6.800000e+01
3.543472e+03	-4.037000e+03
3.543854e+03	5.000000e+01
3.544235e+03	-1.634800e+04
3.544617e+03	-1.225400e+04
3.544998e+03	2.463000e+04
3.545380e+03	-2.042700e+04
3.545761e+03	2.872600e+04
3.546143e+03	8.243000e+03
3.546524e+03	-8.190000e+03
3.546906e+03	-4.042000e+03
3.547287e+03	8.250000e+03
3.547668e+03	-2.861400e+04
3.548050e+03	8.255000e+03
3.548431e+03	-8.126000e+03
3.548813e+03	4.160000e+03
3.549194e+03	2.462700e+04
3.549576e+03	-1.224000e+04
3.549957e+03	-3.271200e+04
3.550339e+03	1.644300e+04
3.550720e+03	-3.270400e+04
3.551102e+03	-8.139000e+03
3.551483e+03	1.644300e+04
3.551865e+03	-8.122000e+03
3.552246e+03	-2.450900e+04
3.552628e+03	8.231000e+03
3.553009e+03	1.644500e+04
3.553391e+03	-1.633200e+04
3.553772e+03	5.500000e+01
3.554153e+03	-1.631700e+04
3.554535e+03	1.235000e+04
3.554916e+03	-2.042300e+04
3.555298e+03	-2.041800e+04
3.555679e+03	-4.037000e+03
3.556061e+03	1.235300e+04
3.556442e+03	-8.128000e+03
3.556824e+03	1.234200e+04
3.557205e+03	-2.452700e+04
3.557587e+03	-1.225000e+04
3.557968e+03	4.148000e+03
3.558350e+03	2.053400e+04
3.558731e+03	-1.227600e+04
3.559113e+03	2.463200e+04
3.559494e+03	2.463100e+04
3.559875e+03	2.054100e+04
3.560257e+03	-1.631300e+04
3.560638e+03	1.236000e+04
3.561020e+03	-4.030000e+03
3.561401e+03	2.873300e+04
3.561783e+03	1.643700e+04
3.562164e+03	-2.451900e+04
3.562546e+03	-1.222600e+04
3.562927e+03	2.872500e+04
3.563309e+03	2.051500e+04
3.563690e+03	-3.271600e+04
3.564072e+03	-2.454000e+04
3.564453e+03	2.051200e+04
3.564835e+03	-8.161000e+03
3.565216e+03	-1.223100e+04
3.565598e+03	8.263000e+03
3.565979e+03	-2.450200e+04
3.566360e+03	1.645800e+04
3.566742e+03	-2.859900e+04
3.567123e+03	-3.269400e+04
3.567505e+03	8.265000e+03
3.567886e+03	-2.451200e+04
3.568268e+03	-4.044000e+03
3.568649e+03	2.463700e+04
3.569031e+03	4.160000e+03
3.569412e+03	-2.450900e+04
3.569794e+03	-2.450400e+04
3.570175e+03	8.263000e+03
3.570557e+03	2.054200e+04
3.570938e+03	-2.452400e+04
3.571320e+03	2.053600e+04
3.571701e+03	-2.862000e+04
3.572083e+03	4.200000e+01
3.572464e+03	-1.635100e+04
3.572845e+03	8.237000e+03
3.573227e+03	-2.453000e+04
3.573608e+03	-1.631800e+04
3.573990e+03	-3.269000e+04
3.574371e+03	-2.858800e+04
3.574753e+03	-8.108000e+03
3.575134e+03	1.646100e+04
3.575516e+03	-4.043000e+03
3.575897e+03	-8.128000e+03
3.576279e+03	4.163000e+03
3.576660e+03	-2.860400e+04
3.577042e+03	1.235800e+04
3.577423e+03	8.256000e+03
3.577805e+03	-1.223700e+04
3.578186e+03	2.053600e+04
3.578568e+03	-3.269800e+04
3.578949e+03	-3.269500e+04
3.579330e+03	-4.038000e+03
3.579712e+03	-2.041500e+04
3.580093e+03	8.268000e+03
3.580475e+03	-4.025000e+03
3.580856e+03	1.233300e+04
3.581238e+03	-1.223400e+04
3.581619e+03	8.245000e+03
3.582001e+03	4.137000e+03
3.582382e+03	-3.270800e+04
3.582764e+03	7.200000e+01
3.583145e+03	-2.859800e+04
3.583527e+03	4.164000e+03
3.583908e+03	5.500000e+01
3.584290e+03	-1.222600e+04
3.584671e+03	-1.632700e+04
3.585052e+03	1.643500e+04
3.585434e+03	2.054800e+04
3.585815e+03	8.261000e+03
3.586197e+03	-1.632600e+04
3.586578e+03	2.053300e+04
3.586960e+03	-1.631800e+04
3.587341e+03	2.464100e+04
3.587723e+03	4.153000e+03
3.588104e+03	2.462100e+04
3.588486e+03	-2.452600e+04
3.588867e+03	1.234800e+04
3.589249e+03	2.054500e+04
3.589630e+03	-1.632100e+04
3.590012e+03	-2.452200e+04
3.590393e+03	-1.635100e+04
3.590775e+03	-3.272300e+04
3.591156e+03	-2.044100e+04
3.591537e+03	2.461900e+04
3.591919e+03	-2.453500e+04
3.592300e+03	4.700000e+01
3.592682e+03	4.152000e+03
3.593063e+03	-2.863000e+04
3.593445e+03	4.151000e+03
3.593826e+03	8.255000e+03
3.594208e+03	-2.452600e+04
3.594589e+03	1.233900e+04
3.594971e+03	2.463400e+04
3.595352e+03	-8.149000e+03
3.595734e+03	-4.032000e+03
3.596115e+03	-2.860500e+04
3.596497e+03	-8.131000e+03
3.596878e+03	-3.270600e+04
3.597260e+03	-2.451900e+04
3.597641e+03	-2.861800e+04
3.598022e+03	8.252000e+03
3.598404e+03	2.462000e+04
3.598785e+03	1.644400e+04
3.599167e+03	2.873700e+04
3.599548e+03	1.234200e+04
3.599930e+03	2.053700e+04
3.600311e+03	2.053100e+04
3.600693e+03	-3.271800e+04
3.601074e+03	-1.222300e+04
3.601456e+03	1.235300e+04
3.601837e+03	2.054100e+04
3.602219e+03	-1.222000e+04
3.602600e+03	-2.040800e+04
3.602982e+03	-1.631300e+04
3.603363e+03	2.463800e+04
3.603745e+03	-8.135000e+03
3.604126e+03	2.054700e+04
3.604507e+03	-2.041700e+04
3.604889e+03	6.600000e+01
3.605270e+03	2.465000e+04
3.605652e+03	-1.221300e+04
3.606033e+03	1.236000e+04
3.606415e+03	-4.026000e+03
3.606796e+03	2.055000e+04
3.607178e+03	2.054000e+04
3.607559e+03	2.460300e+04
3.607941e+03	-4.047000e+03
3.608322e+03	1.643200e+04
3.608704e+03	-3.270100e+04
3.609085e+03	1.645500e+04
3.609467e+03	2.464400e+04
3.609848e+03	-2.042000e+04
3.610229e+03	-2.043300e+04
3.610611e+03	-4.045000e+03
3.610992e+03	5.000000e+01
3.611374e+03	1.234400e+04
3.611755e+03	1.645300e+04
3.612137e+03	-1.631600e+04
3.612518e+03	-2.451500e+04
3.612900e+03	-3.270300e+04
3.613281e+03	-2.861600e+04
3.613663e+03	4.151000e+03
3.614044e+03	-1.631800e+04
3.614426e+03	1.234900e+04
3.614807e+03	2.873800e+04
3.615189e+03	2.055200e+04
3.615570e+03	-2.860300e+04
3.615952e+03	1.645000e+04
3.616333e+03	2.873800e+04
3.616714e+03	5.800000e+01
3.617096e+03	1.642800e+04
3.617477e+03	2.051700e+04
3.617859e+03	1.233600e+04
3.618240e+03	1.644900e+04
3.618622e+03	4.167000e+03
3.619003e+03	2.054700e+04
3.619385e+03	2.462900e+04
3.619766e+03	-1.222600e+04
3.620148e+03	8.255000e+03
3.620529e+03	2.053100e+04
3.620911e+03	2.463100e+04
3.621292e+03	2.874000e+04
3.621674e+03	2.874700e+04
3.622055e+03	-2.450400e+04
3.622437e+03	-1.223900e+04
3.622818e+03	-8.131000e+03
3.623199e+03	-2.450900e+04
3.623581e+03	1.643800e+04
3.623962e+03	2.053300e+04
3.624344e+03	-3.269800e+04
3.624725e+03	-1.221300e+04
3.625107e+03	-4.026000e+03
3.625488e+03	4.124000e+03
3.625870e+03	-2.450800e+04
3.626251e+03	2.055300e+04
3.626633e+03	8.259000e+03
3.627014e+03	-8.143000e+03
3.627396e+03	2.054000e+04
3.627777e+03	2.874500e+04
3.628159e+03	2.874300e+04
3.628540e+03	-2.044700e+04
3.628922e+03	2.464300e+04
3.629303e+03	1.235600e+04
3.629684e+03	-3.272500e+04
3.630066e+03	8.256000e+03
3.630447e+03	2.054200e+04
3.630829e+03	-8.158000e+03
3.631210e+03	2.053900e+04
3.631592e+03	2.053100e+04
3.631973e+03	-1.633900e+04
3.632355e+03	4.155000e+03
3.632736e+03	-1.223400e+04
3.633118e+03	-8.148000e+03
3.633499e+03	1.642400e+04
3.633881e+03	1.232800e+04
3.634262e+03	-4.052000e+03
3.634644e+03	-1.223300e+04
3.635025e+03	1.234200e+04
3.635406e+03	2.463000e+04
3.635788e+03	1.235300e+04
3.636169e+03	-3.270200e+04
3.636551e+03	4.160000e+03
3.636932e+03	2.464100e+04
3.637314e+03	-2.042500e+04
3.637695e+03	2.872900e+04
3.638077e+03	8.259000e+03
3.638458e+03	2.054600e+04
3.638840e+03	-2.861000e+04
3.639221e+03	-2.042400e+04
3.639603e+03	6.800000e+01
3.639984e+03	-2.040800e+04
3.640366e+03	8.255000e+03
3.640747e+03	6.100000e+01
3.641129e+03	4.165000e+03
3.641510e+03	-3.270800e+04
3.641891e+03	4.146000e+03
3.642273e+03	2.873200e+04
3.642654e+03	-3.271300e+04
3.643036e+03	-3.270900e+04
3.643417e+03	1.234800e+04
3.643799e+03	6.300000e+01
3.644180e+03	-1.632100e+04
3.644562e+03	1.645000e+04
3.644943e+03	-1.222000e+04
3.645325e+03	-1.222600e+04
3.645706e+03	-4.067000e+03
3.646088e+03	-3.271500e+04
3.646469e+03	4.145000e+03
3.646851e+03	1.642000e+04
3.647232e+03	-2.452500e+04
3.647614e+03	1.645000e+04
3.647995e+03	-8.125000e+03
3.648376e+03	-4.042000e+03
3.648758e+03	-1.222600e+04
3.649139e+03	-1.632500e+04
3.649521e+03	2.872800e+04
3.649902e+03	2.465100e+04
3.650284e+03	2.465100e+04
3.650665e+03	-4.042000e+03
3.651047e+03	-2.041700e+04
3.651428e+03	1.645000e+04
3.651810e+03	1.642000e+04
3.652191e+03	-2.041400e+04
3.652573e+03	-2.860400e+04
3.652954e+03	-8.138000e+03
3.653336e+03	-4.046000e+03
3.653717e+03	2.873800e+04
3.654099e+03	-4.027000e+03
3.654480e+03	4.160000e+03
3.654861e+03	3.500000e+01
3.655243e+03	5.500000e+01
3.655624e+03	2.463200e+04
3.656006e+03	-1.224300e+04
3.656387e+03	-1.633600e+04
3.656769e+03	5.800000e+01
3.657150e+03	-2.451300e+04
3.657532e+03	-2.451000e+04
3.657913e+03	-2.451300e+04
3.658295e+03	-2.862500e+04
3.658676e+03	-2.862700e+04
3.659058e+03	2.461800e+04
3.659439e+03	-2.452600e+04
3.659821e+03	4.160000e+03
3.660202e+03	1.235100e+04
3.660584e+03	1.234200e+04
3.660965e+03	5.700000e+01
3.661346e+03	-2.860400e+04
3.661728e+03	-1.631400e+04
3.662109e+03	2.053500e+04
3.662491e+03	1.645100e+04
3.662872e+03	-1.630600e+04
3.663254e+03	1.236500e+04
3.663635e+03	-1.222300e+04
3.664017e+03	-8.131000e+03
3.664398e+03	4.140000e+03
3.664780e+03	-1.222700e+04
3.665161e+03	2.054600e+04
3.665543e+03	8.236000e+03
3.665924e+03	8.257000e+03
3.666306e+03	-4.027000e+03
3.666687e+03	-3.271100e+04
3.667068e+03	-3.272700e+04
3.667450e+03	-1.222600e+04
3.667831e+03	-2.861200e+04
3.668213e+03	-2.453900e+04
3.668594e+03	-2.041900e+04
3.668976e+03	-1.632400e+04
3.669357e+03	2.053500e+04
3.669739e+03	7.800000e+01
3.670120e+03	-2.449500e+04
3.670502e+03	2.874400e+04
3.670883e+03	4.146000e+03
3.671265e+03	2.464700e+04
3.671646e+03	4.165000e+03
3.672028e+03	-8.139000e+03
3.672409e+03	2.462100e+04
3.672791e+03	1.234800e+04
3.673172e+03	-1.632100e+04
3.673553e+03	-1.632700e+04
3.673935e+03	-2.044400e+04
3.674316e+03	1.642600e+04
3.674698e+03	-4.054000e+03
3.675079e+03	1.643400e+04
3.675461e+03	2.054600e+04
3.675842e+03	2.874500e+04
3.676224e+03	2.464700e+04
3.676605e+03	-2.042700e+04
3.676987e+03	-1.223200e+04
3.677368e+03	2.464200e+04
3.677750e+03	4.163000e+03
3.678131e+03	1.235200e+04
3.678513e+03	-2.861900e+04
3.678894e+03	-1.222600e+04
3.679276e+03	2.464200e+04
3.679657e+03	1.235000e+04
3.680038e+03	2.463900e+04
3.680420e+03	2.055000e+04
3.680801e+03	-3.269500e+04
3.681183e+03	-1.222200e+04
3.681564e+03	-8.143000e+03
3.681946e+03	2.873900e+04
3.682327e+03	-2.860800e+04
3.682709e+03	2.463600e+04
3.683090e+03	-3.270000e+04
3.683472e+03	-1.632300e+04
3.683853e+03	8.224000e+03
3.684235e+03	-8.137000e+03
3.684616e+03	4.137000e+03
3.684998e+03	-1.223300e+04
3.685379e+03	-8.127000e+03
3.685761e+03	8.262000e+03
3.686142e+03	6.800000e+01
3.686523e+03	1.234900e+04
3.686905e+03	8.263000e+03
3.687286e+03	-4.024000e+03
3.687668e+03	2.464300e+04
3.688049e+03	-3.270700e+04
3.688431e+03	2.053100e+04
3.688812e+03	-4.041000e+03
3.689194e+03	-1.633100e+04
3.689575e+03	-8.134000e+03
3.689957e+03	2.874500e+04
3.690338e+03	2.464900e+04
3.690720e+03	6.500000e+01
3.691101e+03	4.165000e+03
3.691483e+03	1.645400e+04
3.691864e+03	-1.632300e+04
3.692245e+03	4.200000e+01
3.692627e+03	-1.223400e+04
3.693008e+03	8.250000e+03
3.693390e+03	-8.146000e+03
3.693771e+03	-1.222400e+04
3.694153e+03	2.874200e+04
3.694534e+03	1.235100e+04
3.694916e+03	-1.223600e+04
3.695297e+03	-8.137000e+03
3.695679e+03	-2.043400e+04
3.696060e+03	2.051700e+04
3.696442e+03	8.244000e+03
3.696823e+03	-8.127000e+03
3.697205e+03	-3.270300e+04
3.697586e+03	2.052200e+04
3.697968e+03	-4.035000e+03
3.698349e+03	-3.270100e+04
3.698730e+03	-1.222600e+04
3.699112e+03	-2.453100e+04
3.699493e+03	8.242000e+03
3.699875e+03	-1.632300e+04
3.700256e+03	5.200000e+01
3.700638e+03	2.054900e+04
3.701019e+03	-1.221000e+04
3.701401e+03	-1.221200e+04
3.701782e+03	1.234900e+04
3.702164e+03	1.643400e+04
3.702545e+03	-3.270900e+04
3.702927e+03	8.240000e+03
3.703308e+03	-4.056000e+03
3.703690e+03	-2.861800e+04
3.704071e+03	4.157000e+03
3.704453e+03	1.644000e+04
3.704834e+03	-1.633700e+04
3.705215e+03	1.643800e+04
3.705597e+03	-3.271800e+04
3.705978e+03	-1.224600e+04
3.706360e+03	-1.223600e+04
3.706741e+03	-2.452700e+04
3.707123e+03	2.053000e+04
3.707504e+03	8.241000e+03
3.707886e+03	-4.050000e+03
3.708267e+03	-4.041000e+03
3.708649e+03	-3.270900e+04
3.709030e+03	-4.047000e+03
3.709412e+03	4.800000e+01
3.709793e+03	-3.270200e+04
3.710175e+03	2.055500e+04
3.710556e+03	1.236900e+04
3.710938e+03	-2.449600e+04
3.711319e+03	1.236200e+04
3.711700e+03	-2.450600e+04
3.712082e+03	2.054800e+04
3.712463e+03	1.643800e+04
3.712845e+03	2.054100e+04
3.713226e+03	4.146000e+03
3.713608e+03	1.644600e+04
3.713989e+03	-2.450700e+04
3.714371e+03	8.244000e+03
3.714752e+03	-3.270400e+04
3.715134e+03	4.168000e+03
3.715515e+03	2.464000e+04
3.715897e+03	4.300000e+01
3.716278e+03	5.100000e+01
3.716660e+03	2.464500e+04
3.717041e+03	2.874600e+04
3.717422e+03	-2.041400e+04
3.717804e+03	8.255000e+03
3.718185e+03	-1.631500e+04
3.718567e+03	2.053800e+04
3.718948e+03	5.100000e+01
3.719330e+03	2.463400e+04
3.719711e+03	-2.866000e+04
3.720093e+03	8.251000e+03
3.720474e+03	-8.135000e+03
3.720856e+03	-4.039000e+03
3.721237e+03	2.054700e+04
3.721619e+03	2.054800e+04
3.722000e+03	1.235000e+04
3.722382e+03	2.872300e+04
3.722763e+03	-3.270700e+04
3.723145e+03	2.463200e+04
3.723526e+03	2.463200e+04
3.723907e+03	-3.269600e+04
3.724289e+03	1.645600e+04
3.724670e+03	2.053900e+04
3.725052e+03	1.235100e+04
3.725433e+03	2.464100e+04
3.725815e+03	-2.451700e+04
3.726196e+03	-2.453400e+04
3.726578e+03	2.052800e+04
3.726959e+03	2.463400e+04
3.727341e+03	-1.224100e+04
3.727722e+03	-1.222600e+04
3.728104e+03	-2.450900e+04
3.728485e+03	2.053800e+04
3.728867e+03	-1.225700e+04
3.729248e+03	4.800000e+01
3.729630e+03	1.233600e+04
3.730011e+03	-2.042200e+04
3.730392e+03	1.644000e+04
3.730774e+03	-2.862300e+04
3.731155e+03	8.212000e+03
3.731537e+03	5.900000e+01
3.731918e+03	8.257000e+03
3.732300e+03	2.462800e+04
3.732681e+03	6.100000e+01
3.733063e+03	4.164000e+03
3.733444e+03	2.872600e+04
3.733826e+03	-1.633100e+04
3.734207e+03	4.160000e+03
3.734589e+03	2.463800e+04
3.734970e+03	-3.270100e+04
3.735352e+03	-1.222500e+04
3.735733e+03	-4.041000e+03
3.736115e+03	1.235100e+04
3.736496e+03	8.245000e+03
3.736877e+03	8.238000e+03
3.737259e+03	-2.042400e+04
3.737640e+03	-8.144000e+03
3.738022e+03	1.640500e+04
3.738403e+03	2.462700e+04
3.738785e+03	-3.270500e+04
3.739166e+03	-1.632700e+04
3.739548e+03	-3.272200e+04
3.739929e+03	6.700000e+01
3.740311e+03	8.258000e+03
3.740692e+03	2.463200e+04
3.741074e+03	-3.271000e+04
3.741455e+03	2.053300e+04
3.741837e+03	-8.135000e+03
3.742218e+03	-1.222900e+04
3.742599e+03	-3.270600e+04
3.742981e+03	-1.222300e+04
3.743362e+03	8.256000e+03
3.743744e+03	2.874300e+04
3.744125e+03	4.168000e+03
3.744507e+03	-2.452100e+04
3.744888e+03	5.900000e+01
3.745270e+03	-1.222400e+04
3.745651e+03	-2.042200e+04
3.746033e+03	2.054000e+04
3.746414e+03	2.053400e+04
3.746796e+03	-2.863600e+04
3.747177e+03	-8.161000e+03
3.747559e+03	2.054300e+04
3.747940e+03	4.167000e+03
3.748322e+03	-8.128000e+03
3.748703e+03	2.300000e+01
3.749084e+03	2.053800e+04
3.749466e+03	-2.452800e+04
3.749847e+03	-3.270600e+04
3.750229e+03	1.645000e+04
3.750610e+03	2.463300e+04
3.750992e+03	-1.632700e+04
3.751373e+03	-2.451700e+04
3.751755e+03	2.872700e+04
3.752136e+03	1.234500e+04
3.752518e+03	-8.126000e+03
3.752899e+03	-1.631400e+04
3.753281e+03	2.053900e+04
3.753662e+03	1.233900e+04
3.754044e+03	2.873600e+04
3.754425e+03	-2.452900e+04
3.754807e+03	1.234000e+04
3.755188e+03	2.871900e+04
3.755569e+03	8.254000e+03
3.755951e+03	2.465200e+04
3.756332e+03	-2.450000e+04
3.756714e+03	-8.134000e+03
3.757095e+03	-2.042300e+04
3.757477e+03	-4.030000e+03
3.757858e+03	-8.123000e+03
3.758240e+03	2.465500e+04
3.758621e+03	1.237300e+04
3.759003e+03	8.400000e+01
3.759384e+03	-4.021000e+03
3.759766e+03	5.500000e+01
3.760147e+03	-2.043700e+04
3.760529e+03	-4.045000e+03
3.760910e+03	6.500000e+01
3.761292e+03	-4.045000e+03
3.761673e+03	1.643500e+04
3.762054e+03	6.200000e+01
3.762436e+03	-4.036000e+03
3.762817e+03	-1.631700e+04
3.763199e+03	6.700000e+01
3.763580e+03	-3.271200e+04
3.763962e+03	4.154000e+03
3.764343e+03	-8.139000e+03
3.764725e+03	-3.271400e+04
3.765106e+03	-1.633900e+04
3.765488e+03	-8.133000e+03
3.765869e+03	2.055100e+04
3.766251e+03	2.874000e+04
3.766632e+03	8.245000e+03
3.767014e+03	-2.862800e+04
3.767395e+03	1.233300e+04
3.767776e+03	8.259000e+03
3.768158e+03	2.464600e+04
3.768539e+03	-4.031000e+03
3.768921e+03	-2.042000e+04
3.769302e+03	2.462600e+04
3.769684e+03	4.144000e+03
3.770065e+03	-3.271600e+04
3.770447e+03	2.052700e+04
3.770828e+03	-2.861400e+04
3.771210e+03	-2.861600e+04
3.771591e+03	1.645000e+04
3.771973e+03	-2.040800e+04
3.772354e+03	-2.860100e+04
3.772736e+03	-4.028000e+03
3.773117e+03	1.234600e+04
3.773499e+03	1.643200e+04
3.773880e+03	1.234900e+04
3.774261e+03	-3.270700e+04
3.774643e+03	-2.451400e+04
3.775024e+03	-2.452900e+04
3.775406e+03	1.643900e+04
3.775787e+03	-2.041400e+04
3.776169e+03	2.054900e+04
3.776550e+03	2.055400e+04
3.776932e+03	-2.450700e+04
3.777313e+03	-2.043800e+04
3.777695e+03	2.054900e+04
3.778076e+03	-1.632100e+04
3.778458e+03	2.464300e+04
3.778839e+03	1.236300e+04
3.779221e+03	6.500000e+01
3.779602e+03	8.256000e+03
3.779984e+03	-2.860600e+04
3.780365e+03	1.642400e+04
3.780746e+03	2.054600e+04
3.781128e+03	-2.861000e+04
3.781509e+03	-2.860100e+04
3.781891e+03	-3.269300e+04
3.782272e+03	2.873100e+04
3.782654e+03	2.463400e+04
3.783035e+03	-1.632300e+04
3.783417e+03	2.054400e+04
3.783798e+03	-4.024000e+03
3.784180e+03	2.873400e+04
3.784561e+03	4.167000e+03
3.784943e+03	4.170000e+03
3.785324e+03	2.873000e+04
3.785706e+03	2.054000e+04
3.786087e+03	1.642500e+04
3.786469e+03	8.271000e+03
3.786850e+03	-2.449300e+04
3.787231e+03	4.169000e+03
3.787613e+03	2.464200e+04
3.787994e+03	-4.030000e+03
3.788376e+03	2.053900e+04
3.788757e+03	-3.269300e+04
3.789139e+03	1.234800e+04
3.789520e+03	-1.631200e+04
3.789902e+03	-2.040300e+04
3.790283e+03	8.251000e+03
3.790665e+03	-1.630600e+04
3.791046e+03	2.874700e+04
3.791428e+03	2.053800e+04
3.791809e+03	-3.269200e+04
3.792191e+03	2.054100e+04
3.792572e+03	1.236600e+04
3.792953e+03	-3.269000e+04
3.793335e+03	1.234000e+04
3.793716e+03	-1.221000e+04
3.794098e+03	-1.222400e+04
3.794479e+03	8.274000e+03
3.794861e+03	-2.449000e+04
3.795242e+03	-8.133000e+03
3.795624e+03	-2.449200e+04
3.796005e+03	1.237200e+04
3.796387e+03	8.251000e+03
3.796768e+03	-2.858700e+04
3.797150e+03	-4.024000e+03
3.797531e+03	2.466000e+04
3.797913e+03	1.647300e+04
3.798294e+03	2.872100e+04
3.798676e+03	-3.267900e+04
3.799057e+03	-2.858500e+04
3.799438e+03	-1.631800e+04
3.799820e+03	2.876000e+04
3.800201e+03	-2.860700e+04
3.800583e+03	-2.448600e+04
3.800964e+03	-2.858200e+04
3.801346e+03	2.465400e+04
3.801727e+03	1.648300e+04
3.802109e+03	-2.039000e+04
3.802490e+03	1.237800e+04
3.802872e+03	-3.997000e+03
3.803253e+03	-1.632900e+04
3.803635e+03	2.877800e+04
3.804016e+03	2.877600e+04
3.804398e+03	2.876900e+04
3.804779e+03	2.878800e+04
3.805161e+03	1.648700e+04
3.805542e+03	-2.035700e+04
3.805923e+03	2.471400e+04
3.806305e+03	-2.033900e+04
3.806686e+03	-8.056000e+03
3.807068e+03	-8.074000e+03
3.807449e+03	2.058800e+04
3.807831e+03	2.469000e+04
3.808212e+03	1.646500e+04
3.808594e+03	1.060000e+02
3.808975e+03	-3.995000e+03
3.809357e+03	-2.449000e+04
3.809738e+03	-3.994000e+03
3.810120e+03	-3.268000e+04
3.810501e+03	-2.038900e+04
3.810883e+03	-8.098000e+03
3.811264e+03	-2.041900e+04
3.811646e+03	-4.001000e+03
3.812027e+03	-1.219900e+04
3.812408e+03	-3.269100e+04
3.812790e+03	2.466700e+04
3.813171e+03	-3.269300e+04
3.813553e+03	2.875900e+04
3.813934e+03	1.647100e+04
3.814316e+03	-4.037000e+03
3.814697e+03	-2.039300e+04
3.815079e+03	-1.220800e+04
3.815460e+03	-1.221600e+04
3.815842e+03	-2.449700e+04
3.816223e+03	-1.632600e+04
3.816605e+03	2.466100e+04
3.816986e+03	-1.630400e+04
3.817368e+03	2.054800e+04
3.817749e+03	-1.630100e+04
3.818130e+03	-3.269500e+04
3.818512e+03	2.055100e+04
3.818893e+03	-4.024000e+03
3.819275e+03	-3.270700e+04
3.819656e+03	8.272000e+03
3.820038e+03	-2.450500e+04
3.820419e+03	-3.270100e+04
3.820801e+03	-3.269200e+04
3.821182e+03	-4.035000e+03
3.821564e+03	-2.859800e+04
3.821945e+03	-1.631300e+04
3.822327e+03	2.464700e+04
3.822708e+03	8.272000e+03
3.823090e+03	-8.117000e+03
3.823471e+03	-4.021000e+03
3.823853e+03	-1.631300e+04
3.824234e+03	-2.043100e+04
3.824615e+03	7.200000e+01
3.824997e+03	-2.042700e+04
3.825378e+03	2.874300e+04
3.825760e+03	-1.631100e+04
3.826141e+03	1.642700e+04
3.826523e+03	7.600000e+01
3.826904e+03	-2.860300e+04
3.827286e+03	6.600000e+01
3.827667e+03	-2.449700e+04
3.828049e+03	-2.450700e+04
3.828430e+03	2.054100e+04
3.828812e+03	-2.041000e+04
3.829193e+03	-1.632700e+04
3.829575e+03	1.236300e+04
3.829956e+03	-2.860300e+04
3.830338e+03	-4.041000e+03
3.830719e+03	-2.450300e+04
3.831100e+03	-4.035000e+03
3.831482e+03	-3.271000e+04
3.831863e+03	-4.033000e+03
3.832245e+03	1.642900e+04
3.832626e+03	6.400000e+01
3.833008e+03	2.463300e+04
3.833389e+03	8.264000e+03
3.833771e+03	7.100000e+01
3.834152e+03	-1.634500e+04
3.834534e+03	-1.221900e+04
3.834915e+03	-3.271000e+04
3.835297e+03	2.874200e+04
3.835678e+03	-1.630600e+04
3.836060e+03	-3.270100e+04
3.836441e+03	2.464200e+04
3.836823e+03	1.236000e+04
3.837204e+03	6.200000e+01
3.837585e+03	2.874600e+04
3.837967e+03	-1.221800e+04
3.838348e+03	-1.223400e+04
3.838730e+03	1.236200e+04
3.839111e+03	-2.450800e+04
3.839493e+03	-3.271200e+04
3.839874e+03	1.235200e+04
3.840256e+03	1.642200e+04
3.840637e+03	-4.035000e+03
3.841019e+03	-1.222100e+04
3.841400e+03	-1.631100e+04
3.841782e+03	2.055300e+04
3.842163e+03	-1.223200e+04
3.842545e+03	2.053400e+04
3.842926e+03	-3.271100e+04
3.843307e+03	-1.632300e+04
3.843689e+03	2.054500e+04
3.844070e+03	-2.452400e+04
3.844452e+03	-4.023000e+03
3.844833e+03	-1.221300e+04
3.845215e+03	-2.042100e+04
3.845596e+03	2.054300e+04
3.845978e+03	1.235800e+04
3.846359e+03	2.464300e+04
3.846741e+03	1.235600e+04
3.847122e+03	2.463600e+04
3.847504e+03	-2.042400e+04
3.847885e+03	1.644400e+04
3.848267e+03	-4.042000e+03
3.848648e+03	2.054100e+04
3.849030e+03	1.644600e+04
3.849411e+03	-2.042000e+04
3.849792e+03	-2.862100e+04
3.850174e+03	-2.042100e+04
3.850555e+03	-2.041500e+04
3.850937e+03	-4.055000e+03
3.851318e+03	6.700000e+01
3.851700e+03	-1.221500e+04
3.852081e+03	-1.222400e+04
3.852463e+03	-4.049000e+03
3.852844e+03	-1.222600e+04
3.853226e+03	-2.451000e+04
3.853607e+03	-2.451000e+04
3.853989e+03	-8.133000e+03
3.854370e+03	5.900000e+01
3.854752e+03	-2.041800e+04
3.855133e+03	-1.634000e+04
3.855515e+03	4.141000e+03
3.855896e+03	-3.272500e+04
3.856277e+03	2.463200e+04
3.856659e+03	-1.223600e+04
3.857040e+03	2.462400e+04
3.857422e+03	2.054800e+04
3.857803e+03	-1.631600e+04
3.858185e+03	2.463000e+04
3.858566e+03	8.227000e+03
3.858948e+03	1.644400e+04
3.859329e+03	6.900000e+01
3.859711e+03	2.873300e+04
3.860092e+03	8.249000e+03
3.860474e+03	-1.221700e+04
3.860855e+03	2.873900e+04
3.861237e+03	2.463300e+04
3.861618e+03	-2.041300e+04
3.862000e+03	2.873000e+04
3.862381e+03	2.464100e+04
3.862762e+03	-2.450600e+04
3.863144e+03	1.644700e+04
3.863525e+03	2.873400e+04
3.863907e+03	2.055100e+04
3.864288e+03	2.055600e+04
3.864670e+03	-2.040900e+04
3.865051e+03	4.153000e+03
3.865433e+03	-2.040900e+04
3.865814e+03	1.645300e+04
3.866196e+03	-8.148000e+03
3.866577e+03	8.259000e+03
3.866959e+03	-1.632400e+04
3.867340e+03	1.644000e+04
3.867722e+03	-1.222900e+04
3.868103e+03	1.644600e+04
3.868485e+03	-1.221300e+04
3.868866e+03	-3.269300e+04
3.869247e+03	-3.271100e+04
3.869629e+03	-2.452500e+04
3.870010e+03	-2.043000e+04
3.870392e+03	-2.041600e+04
3.870773e+03	-3.270000e+04
3.871155e+03	6.500000e+01
3.871536e+03	4.170000e+03
3.871918e+03	8.264000e+03
3.872299e+03	8.250000e+03
3.872681e+03	1.645800e+04
3.873062e+03	2.874800e+04
3.873444e+03	2.464600e+04
3.873825e+03	-2.860900e+04
3.874207e+03	-1.224500e+04
3.874588e+03	-1.224000e+04
3.874969e+03	-4.060000e+03
3.875351e+03	-2.861100e+04
3.875732e+03	-4.025000e+03
3.876114e+03	4.164000e+03
3.876495e+03	-3.272000e+04
3.876877e+03	2.872000e+04
3.877258e+03	2.053200e+04
3.877640e+03	-3.271600e+04
3.878021e+03	-2.452700e+04
3.878403e+03	-2.043300e+04
3.878784e+03	4.134000e+03
3.879166e+03	-2.043400e+04
3.879547e+03	6.200000e+01
3.879929e+03	-8.133000e+03
3.880310e+03	2.871000e+04
3.880692e+03	-3.271500e+04
3.881073e+03	-8.127000e+03
3.881454e+03	-2.450700e+04
3.881836e+03	4.157000e+03
3.882217e+03	4.300000e+01
3.882599e+03	2.054300e+04
3.882980e+03	1.234800e+04
3.883362e+03	1.644100e+04
3.883743e+03	-4.039000e+03
3.884125e+03	-2.453500e+04
3.884506e+03	-2.861600e+04
3.884888e+03	-2.042600e+04
3.885269e+03	-1.222800e+04
3.885651e+03	-4.032000e+03
3.886032e+03	2.872400e+04
3.886414e+03	-2.042200e+04
3.886795e+03	-2.451600e+04
3.887177e+03	2.052600e+04
3.887558e+03	-3.270300e+04
3.887939e+03	-8.125000e+03
3.888321e+03	-2.861100e+04
3.888702e+03	-3.271200e+04
3.889084e+03	-3.270300e+04
3.889465e+03	2.874300e+04
3.889847e+03	-4.028000e+03
3.890228e+03	-8.140000e+03
3.890610e+03	-2.862100e+04
3.890991e+03	8.251000e+03
3.891373e+03	2.463600e+04
3.891754e+03	-2.043000e+04
3.892136e+03	1.235300e+04
3.892517e+03	-3.269600e+04
3.892899e+03	1.644800e+04
3.893280e+03	-2.042100e+04
3.893662e+03	-3.269800e+04
3.894043e+03	-3.270900e+04
3.894424e+03	1.234900e+04
3.894806e+03	-2.040700e+04
3.895187e+03	-3.269600e+04
3.895569e+03	6.700000e+01
3.895950e+03	-3.269800e+04
3.896332e+03	2.464700e+04
3.896713e+03	-4.038000e+03
3.897095e+03	6.200000e+01
3.897476e+03	4.169000e+03
3.897858e+03	1.235500e+04
3.898239e+03	1.645000e+04
3.898621e+03	1.646000e+04
3.899002e+03	8.262000e+03
3.899384e+03	-2.861500e+04
3.899765e+03	-1.631300e+04
3.900146e+03	-1.222200e+04
3.900528e+03	-2.042500e+04
3.900909e+03	-8.132000e+03
3.901291e+03	2.055000e+04
3.901672e+03	7.900000e+01
3.902054e+03	4.173000e+03
3.902435e+03	2.463800e+04
3.902817e+03	2.873800e+04
3.903198e+03	8.260000e+03
3.903580e+03	-2.452500e+04
3.903961e+03	1.234700e+04
3.904343e+03	2.874300e+04
3.904724e+03	-2.859900e+04
3.905106e+03	1.644900e+04
3.905487e+03	4.148000e+03
3.905869e+03	2.054500e+04
3.906250e+03	-4.037000e+03
3.906631e+03	-3.272900e+04
3.907013e+03	2.872300e+04
3.907394e+03	2.873700e+04
3.907776e+03	-3.269600e+04
3.908157e+03	-8.122000e+03
3.908539e+03	-2.451800e+04
3.908920e+03	-4.047000e+03
3.909302e+03	2.873100e+04
3.909683e+03	-1.222400e+04
3.910065e+03	1.235300e+04
3.910446e+03	-2.860800e+04
3.910828e+03	8.254000e+03
3.911209e+03	1.643200e+04
3.911591e+03	-4.043000e+03
3.911972e+03	-2.452400e+04
3.912354e+03	-1.634500e+04
3.912735e+03	-8.135000e+03
3.913116e+03	-2.862500e+04
3.913498e+03	2.053600e+04
3.913879e+03	2.464400e+04
3.914261e+03	-8.127000e+03
3.914642e+03	-4.038000e+03
3.915024e+03	8.254000e+03
3.915405e+03	1.645300e+04
3.915787e+03	-4.026000e+03
3.916168e+03	-4.032000e+03
3.916550e+03	1.234100e+04
3.916931e+03	-1.223200e+04
3.917313e+03	-2.860300e+04
3.917694e+03	-4.020000e+03
3.918076e+03	-2.859700e+04
3.918457e+03	6.200000e+01
3.918839e+03	-2.451100e+04
3.919220e+03	-2.450400e+04
3.919601e+03	2.464700e+04
3.919983e+03	-1.631900e+04
3.920364e+03	-3.272000e+04
3.920746e+03	2.053600e+04
3.921127e+03	-4.030000e+03
3.921509e+03	8.254000e+03
3.921890e+03	1.233600e+04
3.922272e+03	-3.270900e+04
3.922653e+03	4.153000e+03
3.923035e+03	-8.133000e+03
3.923416e+03	2.873800e+04
3.923798e+03	6.000000e+01
3.924179e+03	-2.043400e+04
3.924561e+03	1.644900e+04
3.924942e+03	4.162000e+03
3.925323e+03	8.251000e+03
3.925705e+03	-2.861300e+04
3.926086e+03	4.142000e+03
3.926468e+03	2.053400e+04
3.926849e+03	6.500000e+01
3.927231e+03	-4.030000e+03
3.927612e+03	-3.270000e+04
3.927994e+03	-2.450900e+04
3.928375e+03	8.257000e+03
3.928757e+03	8.257000e+03
3.929138e+03	-2.861100e+04
3.929520e+03	1.233700e+04
3.929901e+03	2.460700e+04
3.930283e+03	-3.275900e+04
3.930664e+03	-1.634100e+04
3.931046e+03	2.462700e+04
3.931427e+03	-3.273800e+04
3.931808e+03	-4.042000e+03
3.932190e+03	-2.451000e+04
3.932571e+03	4.163000e+03
3.932953e+03	1.644000e+04
3.933334e+03	-2.042200e+04
3.933716e+03	-4.035000e+03
3.934097e+03	8.239000e+03
3.934479e+03	-1.632800e+04
3.934860e+03	-8.128000e+03
3.935242e+03	4.160000e+03
3.935623e+03	8.260000e+03
3.936005e+03	2.464700e+04
3.936386e+03	-1.631400e+04
3.936768e+03	-2.041300e+04
3.937149e+03	-2.451900e+04
3.937531e+03	3.700000e+01
3.937912e+03	2.053700e+04
3.938293e+03	-1.632600e+04
3.938675e+03	5.400000e+01
3.939056e+03	2.872000e+04
3.939438e+03	5.400000e+01
3.939819e+03	-1.223100e+04
3.940201e+03	-2.042700e+04
3.940582e+03	-4.046000e+03
3.940964e+03	-2.042600e+04
3.941345e+03	-8.148000e+03
3.941727e+03	8.255000e+03
3.942108e+03	2.874600e+04
3.942490e+03	-8.118000e+03
3.942871e+03	6.600000e+01
3.943253e+03	1.645200e+04
3.943634e+03	1.236200e+04
3.944016e+03	1.645400e+04
3.944397e+03	2.463200e+04
3.944778e+03	-8.139000e+03
3.945160e+03	6.400000e+01
3.945541e+03	2.464300e+04
3.945923e+03	-2.860900e+04
3.946304e+03	4.150000e+03
3.946686e+03	4.148000e+03
3.947067e+03	2.872100e+04
3.947449e+03	8.257000e+03
3.947830e+03	2.054600e+04
3.948212e+03	-1.632400e+04
3.948593e+03	2.464000e+04
3.948975e+03	1.235800e+04
3.949356e+03	-2.859300e+04
3.949738e+03	2.465700e+04
3.950119e+03	2.874600e+04
3.950500e+03	8.239000e+03
3.950882e+03	2.055200e+04
3.951263e+03	-1.631400e+04
3.951645e+03	-2.451800e+04
3.952026e+03	-2.043200e+04
3.952408e+03	-1.222500e+04
3.952789e+03	7.200000e+01
3.953171e+03	1.236000e+04
3.953552e+03	-3.270400e+04
3.953934e+03	2.463700e+04
3.954315e+03	6.400000e+01
3.954697e+03	6.600000e+01
3.955078e+03	-2.042500e+04
3.955460e+03	-2.451400e+04
3.955841e+03	2.055400e+04
3.956223e+03	4.166000e+03
3.956604e+03	4.139000e+03
3.956985e+03	-2.860300e+04
3.957367e+03	-2.450400e+04
3.957748e+03	-2.041300e+04
3.958130e+03	5.800000e+01
3.958511e+03	1.234700e+04
3.958893e+03	6.500000e+01
3.959274e+03	2.873000e+04
3.959656e+03	-1.223400e+04
3.960037e+03	-1.222800e+04
3.960419e+03	-2.454100e+04
3.960800e+03	-2.451200e+04
3.961182e+03	7.300000e+01
3.961563e+03	1.235700e+04
3.961945e+03	-2.452300e+04
3.962326e+03	-3.273400e+04
3.962708e+03	-2.861700e+04
3.963089e+03	1.645100e+04
3.963470e+03	-2.041400e+04
3.963852e+03	-2.861600e+04
3.964233e+03	-1.224200e+04
3.964615e+03	2.871200e+04
3.964996e+03	1.234100e+04
3.965378e+03	1.235400e+04
3.965759e+03	-3.270500e+04
3.966141e+03	-4.041000e+03
3.966522e+03	-1.631000e+04
3.966904e+03	2.055900e+04
3.967285e+03	2.464900e+04
3.967667e+03	-3.272300e+04
3.968048e+03	-1.632500e+04
3.968430e+03	-2.042000e+04
3.968811e+03	-2.861200e+04
3.969193e+03	8.258000e+03
3.969574e+03	-1.222800e+04
3.969955e+03	2.871900e+04
3.970337e+03	-3.270600e+04
3.970718e+03	2.464100e+04
3.971100e+03	2.053800e+04
3.971481e+03	1.233600e+04
3.971863e+03	-3.271600e+04
3.972244e+03	5.700000e+01
3.972626e+03	2.872500e+04
3.973007e+03	1.229800e+04
3.973389e+03	-2.452600e+04
3.973770e+03	4.143000e+03
3.974152e+03	2.053700e+04
3.974533e+03	-4.028000e+03
3.974915e+03	1.645400e+04
3.975296e+03	-1.222400e+04
3.975677e+03	-8.134000e+03
3.976059e+03	2.052200e+04
3.976440e+03	5.800000e+01
3.976822e+03	-3.270100e+04
3.977203e+03	2.874000e+04
3.977585e+03	-1.631900e+04
3.977966e+03	-4.038000e+03
3.978348e+03	8.245000e+03
3.978729e+03	4.160000e+03
3.979111e+03	8.251000e+03
3.979492e+03	-2.861900e+04
3.979874e+03	2.055200e+04
3.980255e+03	-2.450100e+04
3.980637e+03	1.235900e+04
3.981018e+03	2.873300e+04
3.981400e+03	2.461900e+04
3.981781e+03	-1.635000e+04
3.982162e+03	-1.634100e+04
3.982544e+03	1.643300e+04
3.982925e+03	-2.862000e+04
3.983307e+03	1.233600e+04
3.983688e+03	8.241000e+03
3.984070e+03	-2.042500e+04
3.984451e+03	8.254000e+03
3.984833e+03	8.256000e+03
3.985214e+03	-2.041900e+04
3.985596e+03	-1.223800e+04
3.985977e+03	3.100000e+01
3.986359e+03	-4.054000e+03
3.986740e+03	-1.223300e+04
3.987122e+03	2.463500e+04
3.987503e+03	-1.632200e+04
3.987885e+03	-2.450900e+04
3.988266e+03	-1.221900e+04
3.988647e+03	1.644900e+04
3.989029e+03	2.869800e+04
3.989410e+03	2.464400e+04
3.989792e+03	1.236500e+04
3.990173e+03	-2.040200e+04
3.990555e+03	-1.221200e+04
3.990936e+03	7.300000e+01
3.991318e+03	-2.860600e+04
3.991699e+03	1.643000e+04
3.992081e+03	5.300000e+01
3.992462e+03	-2.451400e+04
3.992844e+03	4.154000e+03
3.993225e+03	8.238000e+03
3.993607e+03	2.463400e+04
3.993988e+03	-2.452600e+04
3.994370e+03	2.053100e+04
3.994751e+03	-3.271000e+04
3.995132e+03	1.233200e+04
3.995514e+03	2.463900e+04
3.995895e+03	-3.270000e+04
3.996277e+03	4.157000e+03
3.996658e+03	-3.271300e+04
3.997040e+03	-2.450500e+04
3.997421e+03	-3.268800e+04
3.997803e+03	-8.111000e+03
3.998184e+03	1.236200e+04
3.998566e+03	2.464500e+04
3.998947e+03	8.267000e+03
3.999329e+03	4.162000e+03
3.999710e+03	8.256000e+03
4.000092e+03	-2.450200e+04
4.000473e+03	1.645300e+04
4.000854e+03	-4.042000e+03
4.001236e+03	2.463900e+04
4.001617e+03	-3.271100e+04
4.001999e+03	-4.045000e+03
4.002380e+03	2.054500e+04
4.002762e+03	2.873800e+04
4.003143e+03	8.252000e+03
4.003525e+03	1.643800e+04
4.003906e+03	1.235100e+04
4.004288e+03	6.000000e+01
4.004669e+03	1.234500e+04
4.005051e+03	6.300000e+01
4.005432e+03	-1.222700e+04
4.005814e+03	8.251000e+03
4.006195e+03	1.234400e+04
4.006577e+03	2.872900e+04
4.006958e+03	-3.271100e+04
4.007339e+03	-4.048000e+03
4.007721e+03	-2.861600e+04
4.008102e+03	1.233800e+04
4.008484e+03	1.643500e+04
4.008865e+03	4.160000e+03
4.009247e+03	-1.223400e+04
4.009628e+03	-1.223500e+04
4.010010e+03	-8.127000e+03
4.010391e+03	-2.860900e+04
4.010773e+03	2.874000e+04
4.011154e+03	-1.221900e+04
4.011536e+03	8.252000e+03
4.011917e+03	-4.032000e+03
4.012299e+03	2.054700e+04
4.012680e+03	-1.631300e+04
4.013062e+03	7.900000e+01
4.013443e+03	-2.449800e+04
4.013824e+03	-2.450700e+04
4.014206e+03	2.872900e+04
4.014587e+03	8.244000e+03
4.014969e+03	-1.632200e+04
4.015350e+03	6.500000e+01
4.015732e+03	8.244000e+03
4.016113e+03	-3.272100e+04
4.016495e+03	1.644200e+04
4.016876e+03	-1.633500e+04
4.017258e+03	2.300000e+01
4.017639e+03	2.462300e+04
4.018021e+03	-4.039000e+03
4.018402e+03	-3.271400e+04
4.018784e+03	2.461400e+04
4.019165e+03	4.160000e+03
4.019547e+03	6.800000e+01
4.019928e+03	-4.034000e+03
4.020309e+03	-2.041500e+04
4.020691e+03	1.645100e+04
4.021072e+03	2.053400e+04
4.021454e+03	2.054300e+04
4.021835e+03	-8.120000e+03
4.022217e+03	2.054800e+04
4.022598e+03	-2.045400e+04
4.022980e+03	-1.222900e+04
4.023361e+03	2.053500e+04
4.023743e+03	-1.633300e+04
4.024124e+03	-1.632300e+04
4.024506e+03	1.235100e+04
4.024887e+03	-8.125000e+03
4.025269e+03	4.162000e+03
4.025650e+03	-1.222800e+04
4.026031e+03	2.054500e+04
4.026413e+03	-1.632400e+04
4.026794e+03	-4.068000e+03
4.027176e+03	6.100000e+01
4.027557e+03	1.234900e+04
4.027939e+03	2.872800e+04
4.028320e+03	-1.225300e+04
4.028702e+03	2.463600e+04
4.029083e+03	2.873900e+04
4.029465e+03	2.054200e+04
4.029846e+03	-2.861200e+04
4.030228e+03	1.644800e+04
4.030609e+03	-2.043000e+04
4.030991e+03	-2.451300e+04
4.031372e+03	-1.222000e+04
4.031754e+03	-1.223200e+04
4.032135e+03	-8.132000e+03
4.032516e+03	-3.270400e+04
4.032898e+03	-3.273500e+04
4.033279e+03	-8.129000e+03
4.033661e+03	6.500000e+01
4.034042e+03	4.800000e+01
4.034424e+03	-2.451000e+04
4.034805e+03	-2.041400e+04
4.035187e+03	-2.452600e+04
4.035568e+03	-1.222400e+04
4.035950e+03	2.054300e+04
4.036331e+03	4.132000e+03
4.036713e+03	8.260000e+03
4.037094e+03	-2.450500e+04
4.037476e+03	-2.450400e+04
4.037857e+03	-2.449900e+04
4.038239e+03	1.236600e+04
4.038620e+03	-8.121000e+03
4.039001e+03	-2.861100e+04
4.039383e+03	-3.270900e+04
4.039764e+03	2.463800e+04
4.040146e+03	-4.039000e+03
4.040527e+03	-2.455500e+04
4.040909e+03	-3.270500e+04
4.041290e+03	2.055300e+04
4.041672e+03	8.266000e+03
4.042053e+03	1.235300e+04
4.042435e+03	1.000000e+00
4.042816e+03	4.152000e+03
4.043198e+03	1.235000e+04
4.043579e+03	1.645600e+04
4.043961e+03	2.874400e+04
4.044342e+03	1.643900e+04
4.044724e+03	2.055300e+04
4.045105e+03	-3.269000e+04
4.045486e+03	2.874200e+04
4.045868e+03	-2.452600e+04
4.046249e+03	-1.632000e+04
4.046631e+03	2.053600e+04
4.047012e+03	-1.222600e+04
4.047394e+03	-1.222400e+04
4.047775e+03	1.233800e+04
4.048157e+03	-1.222400e+04
4.048538e+03	-4.027000e+03
4.048920e+03	-3.270500e+04
4.049301e+03	-4.052000e+03
4.049683e+03	1.232100e+04
4.050064e+03	2.052600e+04
4.050446e+03	-8.147000e+03
4.050827e+03	-1.635800e+04
4.051209e+03	2.462100e+04
4.051590e+03	-1.223000e+04
4.051971e+03	-3.270500e+04
4.052353e+03	1.644900e+04
4.052734e+03	1.644700e+04
4.053116e+03	4.151000e+03
4.053497e+03	-8.143000e+03
4.053879e+03	2.053700e+04
4.054260e+03	2.462100e+04
4.054642e+03	-1.632600e+04
4.055023e+03	-1.631600e+04
4.055405e+03	-8.125000e+03
4.055786e+03	-2.451700e+04
4.056168e+03	4.200000e+01
4.056549e+03	-3.271400e+04
4.056931e+03	2.054400e+04
4.057312e+03	1.234700e+04
4.057693e+03	-8.178000e+03
4.058075e+03	1.644000e+04
4.058456e+03	2.872900e+04
4.058838e+03	5.900000e+01
4.059219e+03	2.873200e+04
4.059601e+03	8.242000e+03
4.059982e+03	-2.864500e+04
4.060364e+03	4.138000e+03
4.060745e+03	-2.042400e+04
4.061127e+03	-2.861300e+04
4.061508e+03	2.873000e+04
4.061890e+03	2.054500e+04
4.062271e+03	-2.860800e+04
4.062653e+03	8.239000e+03
4.063034e+03	-3.271500e+04
4.063416e+03	8.247000e+03
4.063797e+03	-2.862100e+04
4.064178e+03	2.054600e+04
4.064560e+03	1.235700e+04
4.064941e+03	2.873500e+04
4.065323e+03	1.644300e+04
4.065704e+03	8.254000e+03
4.066086e+03	8.254000e+03
4.066467e+03	-2.861900e+04
4.066849e+03	-2.454200e+04
4.067230e+03	4.800000e+01
4.067612e+03	1.233200e+04
4.067993e+03	-1.632700e+04
4.068375e+03	2.873500e+04
4.068756e+03	1.644300e+04
4.069138e+03	-1.634600e+04
4.069519e+03	-2.862300e+04
4.069901e+03	4.156000e+03
4.070282e+03	-4.031000e+03
4.070663e+03	4.164000e+03
4.071045e+03	-2.860900e+04
4.071426e+03	-8.144000e+03
4.071808e+03	2.463300e+04
4.072189e+03	-8.129000e+03
4.072571e+03	-3.270100e+04
4.072952e+03	4.165000e+03
4.073334e+03	-1.222600e+04
4.073715e+03	2.053600e+04
4.074097e+03	-4.037000e+03
4.074478e+03	-3.270000e+04
4.074860e+03	-1.631500e+04
4.075241e+03	-4.044000e+03
4.075623e+03	-2.450700e+04
4.076004e+03	-3.269100e+04
4.076386e+03	8.266000e+03
4.076767e+03	-2.862300e+04
4.077148e+03	-1.222900e+04
4.077530e+03	-2.861400e+04
4.077911e+03	-3.272700e+04
4.078293e+03	1.235000e+04
4.078674e+03	-1.222600e+04
4.079056e+03	-1.632700e+04
4.079437e+03	1.232200e+04
4.079819e+03	-1.632400e+04
4.080200e+03	4.165000e+03
4.080582e+03	-1.631400e+04
4.080963e+03	2.054800e+04
4.081345e+03	-2.041700e+04
4.081726e+03	-1.222800e+04
4.082108e+03	8.250000e+03
4.082489e+03	-8.151000e+03
4.082870e+03	-2.862600e+04
4.083252e+03	-3.270900e+04
4.083633e+03	1.645000e+04
4.084015e+03	-1.631700e+04
4.084396e+03	4.160000e+03
4.084778e+03	-2.042000e+04
4.085159e+03	-4.046000e+03
4.085541e+03	-1.631500e+04
4.085922e+03	-1.630500e+04
4.086304e+03	2.465400e+04
4.086685e+03	1.235600e+04
4.087067e+03	-3.270000e+04
4.087448e+03	-2.450400e+04
4.087830e+03	-3.270500e+04
4.088211e+03	2.051400e+04
4.088593e+03	-2.451900e+04
4.088974e+03	2.873000e+04
4.089355e+03	-1.631900e+04
4.089737e+03	2.055200e+04
4.090118e+03	-1.221700e+04
4.090500e+03	-8.133000e+03
4.090881e+03	2.051700e+04
4.091263e+03	8.250000e+03
4.091644e+03	8.252000e+03
4.092026e+03	2.872900e+04
4.092407e+03	4.143000e+03
4.092789e+03	2.464000e+04
4.093170e+03	-2.450500e+04
4.093552e+03	6.700000e+01
4.093933e+03	-2.042700e+04
4.094315e+03	-2.452700e+04
4.094696e+03	8.247000e+03
4.095078e+03	-2.042100e+04
4.095459e+03	2.462700e+04
4.095840e+03	2.462700e+04
4.096222e+03	1.643800e+04
4.096603e+03	-8.143000e+03
4.096985e+03	8.260000e+03
4.097366e+03	2.464600e+04
4.097748e+03	-4.035000e+03
4.098129e+03	5.400000e+01
4.098511e+03	8.241000e+03
4.098892e+03	2.872900e+04
4.099274e+03	1.236000e+04
4.099655e+03	-4.023000e+03
4.100037e+03	2.054700e+04
4.100418e+03	2.051900e+04
4.100800e+03	-3.271400e+04
4.101181e+03	-2.452000e+04
4.101563e+03	1.643700e+04
4.101944e+03	2.054100e+04
4.102325e+03	-3.271200e+04
4.102707e+03	-4.057000e+03
4.103088e+03	2.054100e+04
4.103470e+03	1.644400e+04
4.103851e+03	-1.225900e+04
4.104233e+03	-2.042800e+04
4.104614e+03	2.872600e+04
4.104996e+03	-2.452700e+04
4.105377e+03	5.400000e+01
4.105759e+03	-4.039000e+03
4.106140e+03	-1.222700e+04
4.106522e+03	6.300000e+01
4.106903e+03	-1.632300e+04
4.107285e+03	2.461500e+04
4.107666e+03	8.249000e+03
4.108047e+03	4.159000e+03
4.108429e+03	2.053600e+04
4.108810e+03	1.235700e+04
4.109192e+03	1.645700e+04
4.109573e+03	-2.451000e+04
4.109955e+03	-2.450900e+04
4.110336e+03	1.236100e+04
4.110718e+03	4.164000e+03
4.111099e+03	-4.052000e+03
4.111481e+03	-4.042000e+03
4.111862e+03	-2.861600e+04
4.112244e+03	-8.143000e+03
4.112625e+03	4.161000e+03
4.113007e+03	-4.026000e+03
4.113388e+03	6.600000e+01
4.113770e+03	-1.228000e+04
4.114151e+03	1.235000e+04
4.114532e+03	2.054100e+04
4.114914e+03	-3.272300e+04
4.115295e+03	1.234100e+04
4.115677e+03	2.052700e+04
4.116058e+03	2.463400e+04
4.116440e+03	-8.126000e+03
4.116821e+03	-2.860500e+04
4.117203e+03	2.054600e+04
4.117584e+03	-4.037000e+03
4.117966e+03	2.052600e+04
4.118347e+03	2.053600e+04
4.118729e+03	2.872700e+04
4.119110e+03	-4.051000e+03
4.119492e+03	2.052900e+04
4.119873e+03	1.644100e+04
4.120255e+03	1.234800e+04
4.120636e+03	-2.861400e+04
4.121017e+03	1.644500e+04
4.121399e+03	-3.270200e+04
4.121780e+03	1.235500e+04
4.122162e+03	-2.041500e+04
4.122543e+03	-2.451300e+04
4.122925e+03	-4.034000e+03
4.123306e+03	-3.270600e+04
4.123688e+03	-2.861400e+04
4.124069e+03	-1.222900e+04
4.124451e+03	-1.222900e+04
4.124832e+03	2.872300e+04
4.125214e+03	-8.153000e+03
4.125595e+03	2.053100e+04
4.125977e+03	1.234800e+04
4.126358e+03	2.873600e+04
4.126740e+03	1.235100e+04
4.127121e+03	4.151000e+03
4.127502e+03	-1.634000e+04
4.127884e+03	1.235500e+04
4.128265e+03	7.200000e+01
4.128647e+03	-2.451100e+04
4.129028e+03	-2.044300e+04
4.129410e+03	-2.041500e+04
4.129791e+03	7.100000e+01
4.130173e+03	-1.631900e+04
4.130554e+03	-2.451400e+04
4.130936e+03	-1.631500e+04
4.131317e+03	-2.041800e+04
4.131699e+03	2.872900e+04
4.132080e+03	-1.222200e+04
4.132462e+03	5.400000e+01
4.132843e+03	2.464900e+04
4.133224e+03	-3.268600e+04
4.133606e+03	-1.220600e+04
4.133987e+03	-2.859900e+04
4.134369e+03	1.644000e+04
4.134750e+03	-1.632400e+04
4.135132e+03	-1.631900e+04
4.135513e+03	1.235500e+04
4.135895e+03	-1.221800e+04
4.136276e+03	-1.631300e+04
4.136658e+03	8.263000e+03
4.137039e+03	1.235900e+04
4.137421e+03	-1.222000e+04
4.137802e+03	-1.631700e+04
4.138184e+03	-8.124000e+03
4.138565e+03	2.464000e+04
4.138947e+03	5.200000e+01
4.139328e+03	-3.271500e+04
4.139709e+03	4.100000e+01
4.140091e+03	-8.151000e+03
4.140472e+03	-2.043100e+04
4.140854e+03	1.233800e+04
4.141235e+03	-2.042500e+04
4.141617e+03	-4.046000e+03
4.141998e+03	2.053900e+04
4.142380e+03	2.054500e+04
4.142761e+03	-2.861400e+04
4.143143e+03	-4.056000e+03
4.143524e+03	-3.270800e+04
4.143906e+03	-1.223600e+04
4.144287e+03	-2.861600e+04
4.144669e+03	1.235700e+04
4.145050e+03	2.054900e+04
4.145432e+03	-2.451600e+04
4.145813e+03	4.000000e+01
4.146194e+03	-2.861800e+04
4.146576e+03	4.160000e+03
4.146957e+03	-1.222300e+04
4.147339e+03	5.700000e+01
4.147720e+03	-2.043400e+04
4.148102e+03	5.900000e+01
4.148483e+03	2.872700e+04
4.148865e+03	-2.861800e+04
4.149246e+03	-2.041400e+04
4.149628e+03	2.464800e+04
4.150009e+03	7.100000e+01
4.150391e+03	-3.270400e+04
4.150772e+03	6.200000e+01
4.151154e+03	-2.860700e+04
4.151535e+03	-1.222200e+04
4.151917e+03	-4.028000e+03
4.152298e+03	-4.032000e+03
4.152679e+03	2.462000e+04
4.153061e+03	-2.042700e+04
4.153442e+03	-2.042900e+04
4.153824e+03	-3.273400e+04
4.154205e+03	1.644100e+04
4.154587e+03	-1.223200e+04
4.154968e+03	2.873400e+04
4.155350e+03	1.235400e+04
4.155731e+03	6.000000e+01
4.156113e+03	-3.272000e+04
4.156494e+03	8.247000e+03
4.156876e+03	4.144000e+03
4.157257e+03	2.459200e+04
4.157639e+03	-2.045500e+04
4.158020e+03	3.400000e+01
4.158401e+03	4.147000e+03
4.158783e+03	-2.862100e+04
4.159164e+03	2.462800e+04
4.159546e+03	1.234200e+04
4.159927e+03	-1.223800e+04
4.160309e+03	4.500000e+01
4.160690e+03	-3.271800e+04
4.161072e+03	1.234100e+04
4.161453e+03	-3.271700e+04
4.161835e+03	-2.452600e+04
4.162216e+03	1.643100e+04
4.162598e+03	1.233300e+04
4.162979e+03	2.052500e+04
4.163361e+03	-1.633600e+04
4.163742e+03	-4.041000e+03
4.164124e+03	5.900000e+01
4.164505e+03	-8.137000e+03
4.164886e+03	8.232000e+03
4.165268e+03	-4.049000e+03
4.165649e+03	1.644100e+04
4.166031e+03	-1.224200e+04
4.166412e+03	2.871900e+04
4.166794e+03	-2.451400e+04
4.167175e+03	1.644600e+04
4.167557e+03	4.148000e+03
4.167938e+03	-2.861500e+04
4.168320e+03	-2.861100e+04
4.168701e+03	1.234800e+04
4.169083e+03	2.054000e+04
4.169464e+03	8.253000e+03
4.169846e+03	2.872700e+04
4.170227e+03	-1.633700e+04
4.170609e+03	1.643500e+04
4.170990e+03	2.052600e+04
4.171371e+03	-2.862600e+04
4.171753e+03	-8.137000e+03
4.172134e+03	4.150000e+03
4.172516e+03	-1.632900e+04
4.172897e+03	-2.452100e+04
4.173279e+03	8.251000e+03
4.173660e+03	-2.451600e+04
4.174042e+03	2.457900e+04
4.174423e+03	-4.028000e+03
4.174805e+03	7.500000e+01
4.175186e+03	2.055000e+04
4.175568e+03	-3.269900e+04
4.175949e+03	-1.221600e+04
4.176331e+03	2.463600e+04
4.176712e+03	1.234200e+04
4.177094e+03	2.054000e+04
4.177475e+03	2.052900e+04
4.177856e+03	7.300000e+01
4.178238e+03	-1.221400e+04
4.178619e+03	2.873400e+04
4.179001e+03	-8.131000e+03
4.179382e+03	-2.861100e+04
4.179764e+03	1.645100e+04
4.180145e+03	-2.450500e+04
4.180527e+03	-8.124000e+03
4.180908e+03	4.179000e+03
4.181290e+03	1.237700e+04
4.181671e+03	-2.449000e+04
4.182053e+03	-1.221400e+04
4.182434e+03	-8.150000e+03
4.182816e+03	-1.632600e+04
4.183197e+03	-1.633900e+04
4.183578e+03	2.872000e+04
4.183960e+03	-1.222900e+04
4.184341e+03	-8.128000e+03
4.184723e+03	1.644600e+04
4.185104e+03	-2.862400e+04
4.185486e+03	-8.145000e+03
4.185867e+03	1.230500e+04
4.186249e+03	2.872600e+04
4.186630e+03	8.247000e+03
4.187012e+03	-2.045000e+04
4.187393e+03	2.871500e+04
4.187775e+03	-2.046600e+04
4.188156e+03	-3.270800e+04
4.188538e+03	-1.221800e+04
4.188919e+03	-2.041000e+04
4.189301e+03	-2.451400e+04
4.189682e+03	-4.057000e+03
4.190063e+03	-4.055000e+03
4.190445e+03	2.054400e+04
4.190826e+03	-2.450800e+04
4.191208e+03	-4.035000e+03
4.191589e+03	1.234000e+04
4.191971e+03	6.700000e+01
4.192352e+03	1.235300e+04
4.192734e+03	-1.223000e+04
4.193115e+03	2.463900e+04
4.193497e+03	4.159000e+03
4.193878e+03	-2.451500e+04
4.194260e+03	2.463700e+04
4.194641e+03	-8.145000e+03
4.195023e+03	-8.143000e+03
4.195404e+03	2.463100e+04
4.195786e+03	-4.063000e+03
4.196167e+03	2.873400e+04
4.196548e+03	-2.450400e+04
4.196930e+03	8.267000e+03
4.197311e+03	1.645500e+04
4.197693e+03	-8.131000e+03
4.198074e+03	2.871200e+04
4.198456e+03	5.800000e+01
4.198837e+03	-2.450900e+04
4.199219e+03	1.645100e+04
4.199600e+03	2.873400e+04
4.199982e+03	2.464500e+04
4.200363e+03	1.235800e+04
4.200745e+03	2.873200e+04
4.201126e+03	2.052700e+04
4.201508e+03	-2.861600e+04
4.201889e+03	1.643200e+04
4.202271e+03	4.152000e+03
4.202652e+03	2.463900e+04
4.203033e+03	-2.042000e+04
4.203415e+03	-4.052000e+03
4.203796e+03	-4.042000e+03
4.204178e+03	1.234100e+04
4.204559e+03	-1.634400e+04
4.204941e+03	-1.223100e+04
4.205322e+03	4.151000e+03
4.205704e+03	-1.225700e+04
4.206085e+03	-8.138000e+03
4.206467e+03	-8.137000e+03
4.206848e+03	-3.271000e+04
4.207230e+03	-2.861000e+04
4.207611e+03	2.873100e+04
4.207993e+03	4.156000e+03
4.208374e+03	-2.860800e+04
4.208755e+03	-3.270100e+04
4.209137e+03	6.700000e+01
4.209518e+03	-3.271200e+04
4.209900e+03	-2.861400e+04
4.210281e+03	-1.222100e+04
4.210663e+03	2.873900e+04
4.211044e+03	-3.270900e+04
4.211426e+03	-4.038000e+03
4.211807e+03	2.873400e+04
4.212189e+03	-3.270400e+04
4.212570e+03	6.500000e+01
4.212952e+03	8.257000e+03
4.213333e+03	-1.632000e+04
4.213715e+03	2.873400e+04
4.214096e+03	1.643300e+04
4.214478e+03	-8.138000e+03
4.214859e+03	-2.450900e+04
4.215240e+03	1.645000e+04
4.215622e+03	2.463600e+04
4.216003e+03	-4.038000e+03
4.216385e+03	-2.862100e+04
4.216766e+03	2.872700e+04
4.217148e+03	2.462900e+04
4.217529e+03	2.052200e+04
4.217911e+03	-1.632400e+04
4.218292e+03	-2.451000e+04
4.218674e+03	2.054700e+04
4.219055e+03	1.645000e+04
4.219437e+03	-2.861000e+04
4.219818e+03	2.872400e+04
4.220200e+03	1.234700e+04
4.220581e+03	-2.860500e+04
4.220963e+03	-3.271100e+04
4.221344e+03	-1.633200e+04
4.221725e+03	-2.041400e+04
4.222107e+03	1.644500e+04
4.222488e+03	4.158000e+03
4.222870e+03	6.500000e+01
4.223251e+03	-2.861700e+04
4.223633e+03	2.873300e+04
4.224014e+03	2.871000e+04
4.224396e+03	-1.631700e+04
4.224777e+03	8.261000e+03
4.225159e+03	-1.222600e+04
4.225540e+03	-3.268600e+04
4.225922e+03	-2.040200e+04
4.226303e+03	-2.041400e+04
4.226685e+03	-2.449100e+04
4.227066e+03	-2.040900e+04
4.227448e+03	1.647100e+04
4.227829e+03	2.057400e+04
4.228210e+03	4.160000e+03
4.228592e+03	-1.627500e+04
4.228973e+03	2.469500e+04
4.229355e+03	4.216000e+03
4.229736e+03	1.120000e+02
4.230118e+03	2.056000e+04
4.230499e+03	4.191000e+03
4.230881e+03	8.283000e+03
4.231262e+03	1.645400e+04
4.231644e+03	4.185000e+03
4.232025e+03	2.465200e+04
4.232407e+03	7.900000e+01
4.232788e+03	-1.629900e+04
4.233170e+03	1.236100e+04
4.233551e+03	-8.116000e+03
4.233932e+03	-4.021000e+03
4.234314e+03	2.874000e+04
4.234695e+03	-1.630800e+04
4.235077e+03	-1.631800e+04
4.235458e+03	-2.040900e+04
4.235840e+03	-4.025000e+03
4.236221e+03	1.234300e+04
4.236603e+03	-1.630700e+04
4.236984e+03	4.171000e+03
4.237366e+03	-3.271800e+04
4.237747e+03	-2.450600e+04
4.238129e+03	4.157000e+03
4.238510e+03	2.054400e+04
4.238892e+03	-1.221800e+04
4.239273e+03	-8.136000e+03
4.239655e+03	-1.223800e+04
4.240036e+03	-2.043000e+04
4.240417e+03	2.873800e+04
4.240799e+03	2.055400e+04
4.241180e+03	-4.027000e+03
4.241562e+03	8.243000e+03
4.241943e+03	2.462100e+04
4.242325e+03	-2.451600e+04
4.242706e+03	8.257000e+03
4.243088e+03	-1.632700e+04
4.243469e+03	-4.037000e+03
4.243851e+03	-4.037000e+03
4.244232e+03	1.229700e+04
4.244614e+03	-2.861100e+04
4.244995e+03	-1.632400e+04
4.245377e+03	-3.269900e+04
4.245758e+03	-8.116000e+03
4.246140e+03	7.300000e+01
4.246521e+03	-1.223900e+04
4.246902e+03	4.157000e+03
4.247284e+03	6.400000e+01
4.247665e+03	-2.452300e+04
4.248047e+03	-3.271100e+04
4.248428e+03	2.873500e+04
4.248810e+03	2.053500e+04
4.249191e+03	-8.165000e+03
4.249573e+03	-1.633800e+04
4.249954e+03	-8.144000e+03
4.250336e+03	-1.631700e+04
4.250717e+03	1.645400e+04
4.251099e+03	-8.133000e+03
4.251480e+03	4.800000e+01
4.251862e+03	-8.130000e+03
4.252243e+03	-1.631700e+04
4.252625e+03	2.464500e+04
4.253006e+03	-8.132000e+03
4.253387e+03	-3.271300e+04
4.253769e+03	1.644900e+04
4.254150e+03	2.873900e+04
4.254532e+03	-2.860700e+04
4.254913e+03	-1.223300e+04
4.255295e+03	-8.147000e+03
4.255676e+03	-1.632300e+04
4.256058e+03	6.300000e+01
4.256439e+03	-8.129000e+03
4.256821e+03	-2.041500e+04
4.257202e+03	-2.450400e+04
4.257584e+03	-4.023000e+03
4.257965e+03	6.000000e+01
4.258347e+03	-1.632300e+04
4.258728e+03	-1.221600e+04
4.259110e+03	-2.860400e+04
4.259491e+03	-4.032000e+03
4.259872e+03	-2.451300e+04
4.260254e+03	4.155000e+03
4.260635e+03	2.464400e+04
4.261017e+03	-4.031000e+03
4.261398e+03	-4.045000e+03
4.261780e+03	-4.030000e+03
4.262161e+03	-1.632100e+04
4.262543e+03	4.146000e+03
4.262924e+03	-3.270600e+04
4.263306e+03	-1.223200e+04
4.263687e+03	-2.044200e+04
4.264069e+03	2.050500e+04
4.264450e+03	2.872000e+04
4.264832e+03	1.643300e+04
4.265213e+03	-2.862800e+04
4.265594e+03	-1.222700e+04
4.265976e+03	2.054500e+04
4.266357e+03	-1.631500e+04
4.266739e+03	2.055200e+04
4.267120e+03	2.464100e+04
4.267502e+03	-4.045000e+03
4.267883e+03	-4.033000e+03
4.268265e+03	2.053900e+04
4.268646e+03	-1.634300e+04
4.269028e+03	-8.144000e+03
4.269409e+03	1.645400e+04
4.269791e+03	7.500000e+01
4.270172e+03	2.464200e+04
4.270554e+03	-2.042400e+04
4.270935e+03	1.235700e+04
4.271317e+03	2.463700e+04
4.271698e+03	1.644500e+04
4.272079e+03	7.000000e+01
4.272461e+03	-2.451300e+04
4.272842e+03	1.234200e+04
4.273224e+03	2.873400e+04
4.273605e+03	2.053600e+04
4.273987e+03	1.641900e+04
4.274368e+03	1.233800e+04
4.274750e+03	-2.860900e+04
4.275131e+03	2.054600e+04
4.275513e+03	2.873900e+04
4.275894e+03	-1.223500e+04
4.276276e+03	2.873900e+04
4.276657e+03	-2.858900e+04
4.277039e+03	-1.629600e+04
4.277420e+03	4.182000e+03
4.277802e+03	-4.022000e+03
4.278183e+03	-8.150000e+03
4.278564e+03	-1.222600e+04
4.278946e+03	4.149000e+03
4.279327e+03	-1.633400e+04
4.279709e+03	-3.270600e+04
4.280090e+03	8.251000e+03
4.280472e+03	-8.130000e+03
4.280853e+03	-2.041100e+04
4.281235e+03	-1.222300e+04
4.281616e+03	4.142000e+03
4.281998e+03	-3.271900e+04
4.282379e+03	2.054300e+04
4.282761e+03	-2.450800e+04
4.283142e+03	1.644700e+04
4.283524e+03	-8.163000e+03
4.283905e+03	-2.042300e+04
4.284287e+03	-1.633500e+04
4.284668e+03	1.234100e+04
4.285049e+03	1.235000e+04
4.285431e+03	2.872200e+04
4.285812e+03	1.233400e+04
4.286194e+03	1.643500e+04
4.286575e+03	-1.634000e+04
4.286957e+03	1.644100e+04
4.287338e+03	2.053600e+04
4.287720e+03	2.054300e+04
4.288101e+03	1.235300e+04
4.288483e+03	-2.862900e+04
4.288864e+03	-1.632600e+04
4.289246e+03	2.054200e+04
4.289627e+03	1.642900e+04
4.290009e+03	-3.271100e+04
4.290390e+03	-1.223200e+04
4.290771e+03	-1.223200e+04
4.291153e+03	6.500000e+01
4.291534e+03	-2.860900e+04
4.291916e+03	1.234400e+04
4.292297e+03	-4.058000e+03
4.292679e+03	8.243000e+03
4.293060e+03	-4.035000e+03
4.293442e+03	5.800000e+01
4.293823e+03	4.400000e+01
4.294205e+03	2.462900e+04
4.294586e+03	4.200000e+01
4.294968e+03	-4.054000e+03
4.295349e+03	-2.862400e+04
4.295731e+03	1.000000e+00
4.296112e+03	-1.633000e+04
4.296494e+03	2.054400e+04
4.296875e+03	-2.451100e+04
4.297256e+03	1.234900e+04
4.297638e+03	-1.223400e+04
4.298019e+03	-3.271400e+04
4.298401e+03	2.053100e+04
4.298782e+03	8.256000e+03
4.299164e+03	-1.222100e+04
4.299545e+03	1.235500e+04
4.299927e+03	8.259000e+03
4.300308e+03	-1.223100e+04
4.300690e+03	-1.223200e+04
4.301071e+03	-1.631700e+04
4.301453e+03	-8.128000e+03
4.301834e+03	-2.451500e+04
4.302216e+03	6.800000e+01
4.302597e+03	7.100000e+01
4.302979e+03	-2.860100e+04
4.303360e+03	-2.041400e+04
4.303741e+03	2.872700e+04
4.304123e+03	-1.223600e+04
4.304504e+03	1.644700e+04
4.304886e+03	7.300000e+01
4.305267e+03	-1.631300e+04
4.305649e+03	1.644000e+04
4.306030e+03	1.234900e+04
4.306412e+03	4.155000e+03
4.306793e+03	-8.140000e+03
4.307175e+03	-3.269500e+04
4.307556e+03	-4.021000e+03
4.307938e+03	2.054900e+04
4.308319e+03	-2.861700e+04
4.308701e+03	5.400000e+01
4.309082e+03	-8.148000e+03
4.309464e+03	-8.151000e+03
4.309845e+03	-1.223000e+04
4.310226e+03	-4.044000e+03
4.310608e+03	-1.224500e+04
4.310989e+03	-3.270600e+04
4.311371e+03	5.400000e+01
4.311752e+03	4.153000e+03
4.312134e+03	-2.040900e+04
4.312515e+03	-3.270000e+04
4.312897e+03	-2.861400e+04
4.313278e+03	-3.269800e+04
4.313660e+03	2.874200e+04
4.314041e+03	-3.271300e+04
4.314423e+03	-3.273500e+04
4.314804e+03	8.237000e+03
4.315186e+03	2.872400e+04
4.315567e+03	2.872500e+04
4.315948e+03	-2.451400e+04
4.316330e+03	2.873600e+04
4.316711e+03	2.461400e+04
4.317093e+03	4.162000e+03
4.317474e+03	8.266000e+03
4.317856e+03	2.464600e+04
4.318237e+03	2.463400e+04
4.318619e+03	-2.041500e+04
4.319000e+03	1.236200e+04
4.319382e+03	8.267000e+03
4.319763e+03	-1.632100e+04
4.320145e+03	2.872700e+04
4.320526e+03	-2.450600e+04
4.320908e+03	2.054400e+04
4.321289e+03	-8.135000e+03
4.321671e+03	-8.127000e+03
4.322052e+03	4.158000e+03
4.322433e+03	-1.222600e+04
4.322815e+03	1.645000e+04
4.323196e+03	2.873800e+04
4.323578e+03	1.644800e+04
4.323959e+03	-4.031000e+03
4.324341e+03	-1.220800e+04
4.324722e+03	4.182000e+03
4.325104e+03	-3.268700e+04
4.325485e+03	2.464500e+04
4.325867e+03	7.100000e+01
4.326248e+03	-1.222600e+04
4.326630e+03	-4.042000e+03
4.327011e+03	-2.450400e+04
4.327393e+03	2.874200e+04
4.327774e+03	5.200000e+01
4.328156e+03	-2.451400e+04
4.328537e+03	-2.451300e+04
4.328918e+03	-4.046000e+03
4.329300e+03	1.643100e+04
4.329681e+03	-4.035000e+03
4.330063e+03	1.644800e+04
4.330444e+03	2.463600e+04
4.330826e+03	1.643800e+04
4.331207e+03	-8.142000e+03
4.331589e+03	1.643300e+04
4.331970e+03	-8.139000e+03
4.332352e+03	-2.862000e+04
4.332733e+03	-2.453900e+04
4.333115e+03	-2.042000e+04
4.333496e+03	1.235800e+04
4.333878e+03	4.166000e+03
4.334259e+03	2.874000e+04
4.334641e+03	8.263000e+03
4.335022e+03	-8.127000e+03
4.335403e+03	2.051900e+04
4.335785e+03	8.251000e+03
4.336166e+03	2.872400e+04
4.336548e+03	6.100000e+01
4.336929e+03	1.645300e+04
4.337311e+03	2.054400e+04
4.337692e+03	-8.139000e+03
4.338074e+03	-1.633900e+04
4.338455e+03	2.871100e+04
4.338837e+03	2.462900e+04
4.339218e+03	1.641500e+04
4.339600e+03	4.162000e+03
4.339981e+03	-4.025000e+03
4.340363e+03	2.054300e+04
4.340744e+03	2.873000e+04
4.341125e+03	-2.451100e+04
4.341507e+03	-3.271300e+04
4.341888e+03	-2.861600e+04
4.342270e+03	-2.861000e+04
4.342651e+03	5.800000e+01
4.343033e+03	5.100000e+01
4.343414e+03	-4.054000e+03
4.343796e+03	6.300000e+01
4.344177e+03	2.054700e+04
4.344559e+03	-1.633000e+04
4.344940e+03	2.463600e+04
4.345322e+03	4.165000e+03
4.345703e+03	4.162000e+03
4.346085e+03	3.800000e+01
4.346466e+03	-1.632800e+04
4.346848e+03	-8.133000e+03
4.347229e+03	2.462000e+04
4.347610e+03	-2.861900e+04
4.347992e+03	-2.451500e+04
4.348373e+03	2.462300e+04
4.348755e+03	-1.223200e+04
4.349136e+03	-4.035000e+03
4.349518e+03	-8.148000e+03
4.349899e+03	8.251000e+03
4.350281e+03	-2.041400e+04
4.350662e+03	-3.270800e+04
4.351044e+03	4.161000e+03
4.351425e+03	1.235400e+04
4.351807e+03	-2.453000e+04
4.352188e+03	-1.222800e+04
4.352570e+03	-1.631900e+04
4.352951e+03	2.052200e+04
4.353333e+03	-2.860800e+04
4.353714e+03	-1.631500e+04
4.354095e+03	-2.862100e+04
4.354477e+03	-1.222100e+04
4.354858e+03	-3.269300e+04
4.355240e+03	1.645600e+04
4.355621e+03	5.800000e+01
4.356003e+03	-1.224800e+04
4.356384e+03	5.200000e+01
4.356766e+03	-2.041900e+04
4.357147e+03	-2.861500e+04
4.357529e+03	-8.144000e+03
4.357910e+03	-1.632200e+04
4.358292e+03	-2.451600e+04
4.358673e+03	8.238000e+03
4.359055e+03	-2.043400e+04
4.359436e+03	-4.042000e+03
4.359818e+03	2.873400e+04
4.360199e+03	-1.222900e+04
4.360580e+03	-2.453700e+04
4.360962e+03	2.464100e+04
4.361343e+03	1.645400e+04
4.361725e+03	-2.860500e+04
4.362106e+03	-1.632200e+04
4.362488e+03	1.234700e+04
4.362869e+03	2.872700e+04
4.363251e+03	-3.272500e+04
4.363632e+03	-2.452300e+04
4.364014e+03	-2.041700e+04
4.364395e+03	-2.041500e+04
4.364777e+03	6.600000e+01
4.365158e+03	2.464100e+04
4.365540e+03	-8.130000e+03
4.365921e+03	4.159000e+03
4.366302e+03	-2.450900e+04
4.366684e+03	8.259000e+03
4.367065e+03	2.872800e+04
4.367447e+03	2.052700e+04
4.367828e+03	4.150000e+03
4.368210e+03	6.800000e+01
4.368591e+03	1.236000e+04
4.368973e+03	2.873700e+04
4.369354e+03	2.464300e+04
4.369736e+03	-3.269500e+04
4.370117e+03	-2.860600e+04
4.370499e+03	4.155000e+03
4.370880e+03	7.100000e+01
4.371262e+03	1.235500e+04
4.371643e+03	-8.146000e+03
4.372025e+03	-1.222500e+04
4.372406e+03	-8.118000e+03
4.372787e+03	8.271000e+03
4.373169e+03	-8.118000e+03
4.373550e+03	-1.223200e+04
4.373932e+03	4.160000e+03
4.374313e+03	-2.451100e+04
4.374695e+03	-2.043400e+04
4.375076e+03	-2.862300e+04
4.375458e+03	-2.862000e+04
4.375839e+03	-8.140000e+03
4.376221e+03	-1.224700e+04
4.376602e+03	-8.142000e+03
4.376984e+03	-3.271100e+04
4.377365e+03	6.000000e+01
4.377747e+03	2.054800e+04
4.378128e+03	-2.041300e+04
4.378510e+03	-2.861900e+04
4.378891e+03	-1.224700e+04
4.379272e+03	1.643400e+04
4.379654e+03	-4.041000e+03
4.380035e+03	1.644200e+04
4.380417e+03	2.053100e+04
4.380798e+03	1.643800e+04
4.381180e+03	-8.143000e+03
4.381561e+03	2.873000e+04
4.381943e+03	-3.270500e+04
4.382324e+03	4.149000e+03
4.382706e+03	-2.451900e+04
4.383087e+03	-2.451700e+04
4.383469e+03	-2.863100e+04
4.383850e+03	-4.031000e+03
4.384232e+03	-3.270000e+04
4.384613e+03	2.054500e+04
4.384995e+03	1.645000e+04
4.385376e+03	-2.041400e+04
4.385757e+03	2.464600e+04
4.386139e+03	-2.860000e+04
4.386520e+03	2.054600e+04
4.386902e+03	2.871900e+04
4.387283e+03	1.234600e+04
4.387665e+03	8.257000e+03
4.388046e+03	-2.861100e+04
4.388428e+03	-2.042000e+04
4.388809e+03	2.464400e+04
4.389191e+03	-8.131000e+03
4.389572e+03	-2.451200e+04
4.389954e+03	2.874500e+04
4.390335e+03	4.164000e+03
4.390717e+03	-3.272100e+04
4.391098e+03	1.642800e+04
4.391479e+03	-8.133000e+03
4.391861e+03	2.874800e+04
4.392242e+03	2.875000e+04
4.392624e+03	1.645400e+04
4.393005e+03	-8.128000e+03
4.393387e+03	2.053900e+04
4.393768e+03	-4.038000e+03
4.394150e+03	-4.028000e+03
4.394531e+03	1.644400e+04
4.394913e+03	-8.135000e+03
4.395294e+03	1.235700e+04
4.395676e+03	2.873300e+04
4.396057e+03	2.870700e+04
4.396439e+03	-1.633000e+04
4.396820e+03	-8.152000e+03
4.397202e+03	4.142000e+03
4.397583e+03	-1.635300e+04
4.397964e+03	-2.452200e+04
4.398346e+03	-2.861100e+04
4.398727e+03	-8.132000e+03
4.399109e+03	2.873400e+04
4.399490e+03	2.053800e+04
4.399872e+03	-2.863100e+04
4.400253e+03	2.872800e+04
4.400635e+03	-8.145000e+03
4.401016e+03	-2.043900e+04
4.401398e+03	-3.271300e+04
4.401779e+03	8.236000e+03
4.402161e+03	-2.863400e+04
4.402542e+03	5.100000e+01
4.402924e+03	-3.270900e+04
4.403305e+03	1.235200e+04
4.403687e+03	-2.861400e+04
4.404068e+03	-1.635600e+04
4.404449e+03	1.235100e+04
4.404831e+03	-1.631600e+04
4.405212e+03	-2.041800e+04
4.405594e+03	8.249000e+03
4.405975e+03	-8.131000e+03
4.406357e+03	1.234000e+04
4.406738e+03	4.130000e+03
4.407120e+03	-2.454100e+04
4.407501e+03	2.872200e+04
4.407883e+03	-2.860900e+04
4.408264e+03	8.250000e+03
4.408646e+03	-3.272100e+04
4.409027e+03	-1.222600e+04
4.409409e+03	1.643600e+04
4.409790e+03	-4.040000e+03
4.410172e+03	4.164000e+03
4.410553e+03	-1.222600e+04
4.410934e+03	1.642900e+04
4.411316e+03	-2.454500e+04
4.411697e+03	-2.862000e+04
4.412079e+03	-2.041600e+04
4.412460e+03	4.164000e+03
4.412842e+03	-8.123000e+03
4.413223e+03	1.645100e+04
4.413605e+03	-3.272300e+04
4.413986e+03	2.463600e+04
4.414368e+03	-3.270400e+04
4.414749e+03	-1.223600e+04
4.415131e+03	-2.045200e+04
4.415512e+03	-1.634600e+04
4.415894e+03	2.871800e+04
4.416275e+03	1.642000e+04
4.416656e+03	-3.271200e+04
4.417038e+03	-2.860400e+04
4.417419e+03	1.235700e+04
4.417801e+03	-8.126000e+03
4.418182e+03	8.251000e+03
4.418564e+03	-1.222600e+04
4.418945e+03	-8.120000e+03
4.419327e+03	2.873800e+04
4.419708e+03	-2.860800e+04
4.420090e+03	-8.110000e+03
4.420471e+03	-1.220300e+04
4.420853e+03	2.055900e+04
4.421234e+03	-4.036000e+03
4.421616e+03	2.870100e+04
4.421997e+03	-4.057000e+03
4.422379e+03	8.255000e+03
4.422760e+03	-2.860500e+04
4.423141e+03	2.873200e+04
4.423523e+03	-1.633500e+04
4.423904e+03	5.700000e+01
4.424286e+03	-4.034000e+03
4.424667e+03	2.873300e+04
4.425049e+03	1.643600e+04
4.425430e+03	4.154000e+03
4.425812e+03	-2.041400e+04
4.426193e+03	4.164000e+03
4.426575e+03	-2.861100e+04
4.426956e+03	8.238000e+03
4.427338e+03	1.641300e+04
4.427719e+03	-2.043500e+04
4.428101e+03	-4.046000e+03
4.428482e+03	-3.274900e+04
4.428864e+03	-3.271300e+04
4.429245e+03	-2.041900e+04
4.429626e+03	-3.271900e+04
4.430008e+03	-1.632800e+04
4.430389e+03	-2.451200e+04
4.430771e+03	8.254000e+03
4.431152e+03	2.463900e+04
4.431534e+03	-2.451000e+04
4.431915e+03	2.054800e+04
4.432297e+03	2.464200e+04
4.432678e+03	1.234300e+04
4.433060e+03	-1.223200e+04
4.433441e+03	-3.270300e+04
4.433823e+03	6.100000e+01
4.434204e+03	2.873900e+04
4.434586e+03	2.874700e+04
4.434967e+03	-2.450200e+04
4.435349e+03	-2.860600e+04
4.435730e+03	4.154000e+03
4.436111e+03	-2.042300e+04
4.436493e+03	-2.042500e+04
4.436874e+03	2.051400e+04
4.437256e+03	-4.040000e+03
4.437637e+03	-2.451300e+04
4.438019e+03	-2.861800e+04
4.438400e+03	2.872000e+04
4.438782e+03	1.644900e+04
4.439163e+03	-8.130000e+03
4.439545e+03	1.642900e+04
4.439926e+03	-3.271400e+04
4.440308e+03	-4.035000e+03
4.440689e+03	1.235300e+04
4.441071e+03	8.255000e+03
4.441452e+03	2.872900e+04
4.441834e+03	2.871800e+04
4.442215e+03	8.239000e+03
4.442596e+03	2.873300e+04
4.442978e+03	1.235200e+04
4.443359e+03	-2.042200e+04
4.443741e+03	1.644000e+04
4.444122e+03	1.642500e+04
4.444504e+03	-8.138000e+03
4.444885e+03	2.464300e+04
4.445267e+03	2.464400e+04
4.445648e+03	-2.860700e+04
4.446030e+03	1.235300e+04
4.446411e+03	2.463700e+04
4.446793e+03	-1.633300e+04
4.447174e+03	-2.452300e+04
4.447556e+03	2.872500e+04
4.447937e+03	-2.451700e+04
4.448318e+03	6.300000e+01
4.448700e+03	-4.041000e+03
4.449081e+03	1.229800e+04
4.449463e+03	4.600000e+01
4.449844e+03	-1.634600e+04
4.450226e+03	1.234400e+04
4.450607e+03	-2.451300e+04
4.450989e+03	-3.271000e+04
4.451370e+03	-1.224600e+04
4.451752e+03	-2.862200e+04
4.452133e+03	2.870700e+04
4.452515e+03	-1.635400e+04
4.452896e+03	1.233200e+04
4.453278e+03	-8.130000e+03
4.453659e+03	1.645000e+04
4.454041e+03	2.461800e+04
4.454422e+03	-2.451000e+04
4.454803e+03	-2.450300e+04
4.455185e+03	2.873900e+04
4.455566e+03	-8.123000e+03
4.455948e+03	1.236400e+04
4.456329e+03	-4.027000e+03
4.456711e+03	-3.273900e+04
4.457092e+03	-1.223700e+04
4.457474e+03	8.249000e+03
4.457855e+03	2.873900e+04
4.458237e+03	-8.128000e+03
4.458618e+03	-2.861400e+04
4.459000e+03	-4.031000e+03
4.459381e+03	2.873600e+04
4.459763e+03	-1.222500e+04
4.460144e+03	-2.861200e+04
4.460526e+03	2.874000e+04
4.460907e+03	8.271000e+03
4.461288e+03	1.646300e+04
4.461670e+03	-3.270000e+04
4.462051e+03	2.462600e+04
4.462433e+03	-4.038000e+03
4.462814e+03	-1.222100e+04
4.463196e+03	4.164000e+03
4.463577e+03	-1.223300e+04
4.463959e+03	2.870900e+04
4.464340e+03	-8.143000e+03
4.464722e+03	-2.860700e+04
4.465103e+03	-8.119000e+03
4.465485e+03	-1.631500e+04
4.465866e+03	-1.632500e+04
4.466248e+03	-3.270500e+04
4.466629e+03	2.872900e+04
4.467011e+03	1.642900e+04
4.467392e+03	-2.861700e+04
4.467773e+03	-2.041200e+04
4.468155e+03	2.055600e+04
4.468536e+03	-1.221100e+04
4.468918e+03	-2.450400e+04
4.469299e+03	4.158000e+03
4.469681e+03	-1.224400e+04
4.470062e+03	2.461200e+04
4.470444e+03	-8.133000e+03
4.470825e+03	-2.860300e+04
4.471207e+03	2.055300e+04
4.471588e+03	8.262000e+03
4.471970e+03	1.234800e+04
4.472351e+03	2.462200e+04
4.472733e+03	-1.223200e+04
4.473114e+03	2.872700e+04
4.473495e+03	2.053700e+04
4.473877e+03	-4.031000e+03
4.474258e+03	8.257000e+03
4.474640e+03	1.234200e+04
4.475021e+03	2.871100e+04
4.475403e+03	4.143000e+03
4.475784e+03	-4.036000e+03
4.476166e+03	-2.451100e+04
4.476547e+03	-2.860300e+04
4.476929e+03	7.200000e+01
4.477310e+03	2.054500e+04
4.477692e+03	2.053200e+04
4.478073e+03	4.163000e+03
4.478455e+03	1.235300e+04
4.478836e+03	8.255000e+03
4.479218e+03	-8.127000e+03
4.479599e+03	-1.222400e+04
4.479980e+03	-1.221800e+04
4.480362e+03	-2.041400e+04
4.480743e+03	-8.142000e+03
4.481125e+03	-3.269600e+04
4.481506e+03	-1.221700e+04
4.481888e+03	4.900000e+01
4.482269e+03	4.158000e+03
4.482651e+03	-1.632400e+04
4.483032e+03	-2.043800e+04
4.483414e+03	-2.860800e+04
4.483795e+03	1.235200e+04
4.484177e+03	-2.043200e+04
4.484558e+03	-4.063000e+03
4.484940e+03	1.233400e+04
4.485321e+03	2.872800e+04
4.485703e+03	-4.041000e+03
4.486084e+03	1.643700e+04
4.486465e+03	4.135000e+03
4.486847e+03	-2.042700e+04
4.487228e+03	-8.127000e+03
4.487610e+03	2.464100e+04
4.487991e+03	2.053400e+04
4.488373e+03	-4.076000e+03
4.488754e+03	8.233000e+03
4.489136e+03	-1.223200e+04
4.489517e+03	-2.452000e+04
4.489899e+03	2.462000e+04
4.490280e+03	8.244000e+03
4.490662e+03	8.247000e+03
4.491043e+03	-3.274400e+04
4.491425e+03	-8.127000e+03
4.491806e+03	2.055500e+04
4.492188e+03	1.645900e+04
4.492569e+03	-1.222400e+04
4.492950e+03	4.154000e+03
4.493332e+03	-2.860300e+04
4.493713e+03	1.235400e+04
4.494095e+03	-1.634900e+04
4.494476e+03	-8.134000e+03
4.494858e+03	1.644600e+04
4.495239e+03	-1.224200e+04
4.495621e+03	4.100000e+01
4.496002e+03	1.234500e+04
4.496384e+03	-2.041700e+04
4.496765e+03	-3.270200e+04
4.497147e+03	4.157000e+03
4.497528e+03	-1.225000e+04
4.497910e+03	5.700000e+01
4.498291e+03	-4.028000e+03
4.498672e+03	2.465000e+04
4.499054e+03	1.235900e+04
4.499435e+03	2.873300e+04
4.499817e+03	-4.040000e+03
4.500198e+03	2.873000e+04
4.500580e+03	4.157000e+03
4.500961e+03	1.644400e+04
4.501343e+03	2.051900e+04
4.501724e+03	2.873000e+04
4.502106e+03	8.254000e+03
4.502487e+03	-2.862500e+04
4.502869e+03	2.871400e+04
4.503250e+03	2.871700e+04
4.503632e+03	-2.861200e+04
4.504013e+03	2.054200e+04
4.504395e+03	-2.861000e+04
4.504776e+03	2.055400e+04
4.505157e+03	2.055600e+04
4.505539e+03	1.645100e+04
4.505920e+03	2.053000e+04
4.506302e+03	8.249000e+03
4.506683e+03	4.148000e+03
4.507065e+03	-2.860700e+04
4.507446e+03	-8.133000e+03
4.507828e+03	1.235300e+04
4.508209e+03	2.055900e+04
4.508591e+03	2.465800e+04
4.508972e+03	2.465500e+04
4.509354e+03	-2.041000e+04
4.509735e+03	-3.271200e+04
4.510117e+03	-4.046000e+03
4.510498e+03	1.234000e+04
4.510880e+03	-1.632600e+04
4.511261e+03	-2.451600e+04
4.511642e+03	-4.031000e+03
4.512024e+03	-1.631400e+04
4.512405e+03	-4.028000e+03
4.512787e+03	2.873600e+04
4.513168e+03	-1.223100e+04
4.513550e+03	1.643200e+04
4.513931e+03	8.240000e+03
4.514313e+03	-1.633100e+04
4.514694e+03	4.159000e+03
4.515076e+03	2.054600e+04
4.515457e+03	6.700000e+01
4.515839e+03	-3.269500e+04
4.516220e+03	2.465000e+04
4.516602e+03	2.054200e+04
4.516983e+03	-2.452100e+04
4.517365e+03	-8.124000e+03
4.517746e+03	2.463700e+04
4.518127e+03	1.233900e+04
4.518509e+03	2.464200e+04
4.518890e+03	-2.451100e+04
4.519272e+03	-4.037000e+03
4.519653e+03	2.463000e+04
4.520035e+03	2.872100e+04
4.520416e+03	2.873800e+04
4.520798e+03	-4.030000e+03
4.521179e+03	-3.271500e+04
4.521561e+03	-4.027000e+03
4.521942e+03	-2.450400e+04
4.522324e+03	-8.137000e+03
4.522705e+03	-8.126000e+03
4.523087e+03	-1.221500e+04
4.523468e+03	4.163000e+03
4.523849e+03	2.051100e+04
4.524231e+03	2.052700e+04
4.524612e+03	1.234300e+04
4.524994e+03	1.235000e+04
4.525375e+03	-2.861200e+04
4.525757e+03	2.053900e+04
4.526138e+03	3.700000e+01
4.526520e+03	-3.270200e+04
4.526901e+03	1.236500e+04
4.527283e+03	-4.022000e+03
4.527664e+03	6.100000e+01
4.528046e+03	2.873300e+04
4.528427e+03	5.000000e+01
4.528809e+03	-3.270800e+04
4.529190e+03	-1.631600e+04
4.529572e+03	2.872100e+04
4.529953e+03	-8.126000e+03
4.530334e+03	2.055500e+04
4.530716e+03	-1.221600e+04
4.531097e+03	-2.859900e+04
4.531479e+03	-3.269500e+04
4.531860e+03	-8.127000e+03
4.532242e+03	2.054300e+04
4.532623e+03	-8.133000e+03
4.533005e+03	8.233000e+03
4.533386e+03	-8.135000e+03
4.533768e+03	1.234600e+04
4.534149e+03	5.400000e+01
4.534531e+03	6.500000e+01
4.534912e+03	-1.222100e+04
4.535294e+03	-4.037000e+03
4.535675e+03	-8.135000e+03
4.536057e+03	2.874100e+04
4.536438e+03	-8.122000e+03
4.536819e+03	-1.222800e+04
4.537201e+03	2.200000e+01
4.537582e+03	2.872700e+04
4.537964e+03	-2.862400e+04
4.538345e+03	-1.223700e+04
4.538727e+03	-2.450900e+04
4.539108e+03	-3.270000e+04
4.539490e+03	1.234100e+04
4.539871e+03	8.231000e+03
4.540253e+03	2.871800e+04
4.540634e+03	8.241000e+03
4.541016e+03	-8.132000e+03
4.541397e+03	-1.222500e+04
4.541779e+03	6.800000e+01
4.542160e+03	-1.632100e+04
4.542542e+03	-2.042300e+04
4.542923e+03	2.465000e+04
4.543304e+03	-2.450100e+04
4.543686e+03	1.645100e+04
4.544067e+03	2.054500e+04
4.544449e+03	-4.025000e+03
4.544830e+03	-4.025000e+03
4.545212e+03	1.644900e+04
4.545593e+03	-3.270800e+04
4.545975e+03	-3.270500e+04
4.546356e+03	-1.633500e+04
4.546738e+03	2.055100e+04
4.547119e+03	-1.630600e+04
4.547501e+03	-2.450200e+04
4.547882e+03	8.250000e+03
4.548264e+03	-1.634000e+04
4.548645e+03	-2.452300e+04
4.549026e+03	1.644400e+04
4.549408e+03	1.644400e+04
4.549789e+03	1.236200e+04
4.550171e+03	-1.221100e+04
4.550552e+03	8.259000e+03
4.550934e+03	1.644100e+04
4.551315e+03	6.800000e+01
4.551697e+03	4.153000e+03
4.552078e+03	2.463800e+04
4.552460e+03	1.234700e+04
4.552841e+03	-3.269800e+04
4.553223e+03	-8.115000e+03
4.553604e+03	-2.041000e+04
4.553986e+03	-8.153000e+03
4.554367e+03	2.052900e+04
4.554749e+03	2.053800e+04
4.555130e+03	-4.024000e+03
4.555511e+03	8.255000e+03
4.555893e+03	2.055200e+04
4.556274e+03	-2.039600e+04
4.556656e+03	-3.268500e+04
4.557037e+03	4.168000e+03
4.557419e+03	2.874000e+04
4.557800e+03	2.054800e+04
4.558182e+03	4.300000e+01
4.558563e+03	5.500000e+01
4.558945e+03	2.054300e+04
4.559326e+03	4.163000e+03
4.559708e+03	1.644500e+04
4.560089e+03	2.872900e+04
4.560471e+03	-2.451400e+04
4.560852e+03	-8.143000e+03
4.561234e+03	2.463500e+04
4.561615e+03	-1.223800e+04
4.561996e+03	1.643600e+04
4.562378e+03	-4.032000e+03
4.562759e+03	2.053300e+04
4.563141e+03	-2.450300e+04
4.563522e+03	2.465400e+04
4.563904e+03	-3.269600e+04
4.564285e+03	2.463500e+04
4.564667e+03	-4.051000e+03
4.565048e+03	2.873500e+04
4.565430e+03	2.874800e+04
4.565811e+03	-2.040600e+04
4.566193e+03	-2.043100e+04
4.566574e+03	-1.222700e+04
4.566956e+03	-2.451100e+04
4.567337e+03	4.162000e+03
4.567719e+03	2.873700e+04
4.568100e+03	2.871500e+04
4.568481e+03	-2.860900e+04
4.568863e+03	-2.450700e+04
4.569244e+03	-1.223000e+04
4.569626e+03	1.643300e+04
4.570007e+03	-4.040000e+03
4.570389e+03	4.130000e+03
4.570770e+03	-1.632300e+04
4.571152e+03	1.235500e+04
4.571533e+03	8.250000e+03
4.571915e+03	1.234000e+04
4.572296e+03	-8.127000e+03
4.572678e+03	4.162000e+03
4.573059e+03	-1.222600e+04
4.573441e+03	-4.045000e+03
4.573822e+03	8.256000e+03
4.574203e+03	-2.450500e+04
4.574585e+03	4.157000e+03
4.574966e+03	2.463900e+04
4.575348e+03	1.645900e+04
4.575729e+03	-1.221900e+04
4.576111e+03	6.300000e+01
4.576492e+03	2.874600e+04
4.576874e+03	-8.125000e+03
4.577255e+03	2.463200e+04
4.577637e+03	1.235600e+04
4.578018e+03	1.233600e+04
4.578400e+03	-2.450600e+04
4.578781e+03	7.800000e+01
4.579163e+03	2.055200e+04
4.579544e+03	-4.059000e+03
4.579926e+03	2.463700e+04
4.580307e+03	1.644500e+04
4.580688e+03	-8.145000e+03
4.581070e+03	-4.040000e+03
4.581451e+03	6.400000e+01
4.581833e+03	1.235500e+04
4.582214e+03	4.160000e+03
4.582596e+03	-2.043500e+04
4.582977e+03	2.053100e+04
4.583359e+03	1.644800e+04
4.583740e+03	2.463700e+04
4.584122e+03	2.053100e+04
4.584503e+03	-2.452000e+04
4.584885e+03	5.300000e+01
4.585266e+03	1.643200e+04
4.585648e+03	4.156000e+03
4.586029e+03	-4.038000e+03
4.586411e+03	-4.046000e+03
4.586792e+03	1.233600e+04
4.587173e+03	1.234000e+04
4.587555e+03	8.244000e+03
4.587936e+03	1.642400e+04
4.588318e+03	2.052500e+04
4.588699e+03	4.138000e+03
4.589081e+03	-4.051000e+03
4.589462e+03	2.054200e+04
4.589844e+03	-2.451600e+04
4.590225e+03	4.142000e+03
4.590607e+03	1.644600e+04
4.590988e+03	-1.222400e+04
4.591370e+03	-8.143000e+03
4.591751e+03	-3.270400e+04
4.592133e+03	2.055100e+04
4.592514e+03	-3.270500e+04
4.592896e+03	-1.223400e+04
4.593277e+03	-1.221900e+04
4.593658e+03	2.055000e+04
4.594040e+03	4.161000e+03
4.594421e+03	2.054000e+04
4.594803e+03	1.643900e+04
4.595184e+03	-2.451200e+04
4.595566e+03	2.464100e+04
4.595947e+03	-1.632700e+04
4.596329e+03	1.236000e+04
4.596710e+03	-8.117000e+03
4.597092e+03	2.464600e+04
4.597473e+03	1.643800e+04
4.597855e+03	1.643000e+04
4.598236e+03	4.146000e+03
4.598618e+03	-3.271800e+04
4.598999e+03	4.156000e+03
4.599380e+03	-2.861300e+04
4.599762e+03	8.244000e+03
4.600143e+03	-4.034000e+03
4.600525e+03	-2.860300e+04
4.600906e+03	1.645400e+04
4.601288e+03	8.261000e+03
4.601669e+03	-3.271000e+04
4.602051e+03	4.151000e+03
4.602432e+03	-8.131000e+03
4.602814e+03	1.642600e+04
4.603195e+03	-1.632100e+04
4.603577e+03	-8.127000e+03
4.603958e+03	-1.633400e+04
4.604340e+03	1.644900e+04
4.604721e+03	-1.631500e+04
4.605103e+03	2.873100e+04
4.605484e+03	-4.043000e+03
4.605865e+03	1.233600e+04
4.606247e+03	-3.271600e+04
4.606628e+03	-2.451500e+04
4.607010e+03	2.872600e+04
4.607391e+03	1.644100e+04
4.607773e+03	4.160000e+03
4.608154e+03	1.234900e+04
4.608536e+03	2.053300e+04
4.608917e+03	-8.133000e+03
4.609299e+03	2.872900e+04
4.609680e+03	-2.861900e+04
4.610062e+03	4.169000e+03
4.610443e+03	2.465200e+04
4.610825e+03	1.234900e+04
4.611206e+03	2.464200e+04
4.611588e+03	1.646000e+04
4.611969e+03	-4.027000e+03
4.612350e+03	2.050700e+04
4.612732e+03	-2.863500e+04
4.613113e+03	1.644400e+04
4.613495e+03	1.236100e+04
4.613876e+03	-2.041000e+04
4.614258e+03	1.643800e+04
4.614639e+03	2.054300e+04
4.615021e+03	-3.270700e+04
4.615402e+03	-8.138000e+03
4.615784e+03	-1.634000e+04
4.616165e+03	-2.861500e+04
4.616547e+03	8.259000e+03
4.616928e+03	8.251000e+03
4.617310e+03	-1.633200e+04
4.617691e+03	6.700000e+01
4.618073e+03	8.257000e+03
4.618454e+03	2.873600e+04
4.618835e+03	-8.131000e+03
4.619217e+03	4.200000e+01
4.619598e+03	2.053100e+04
4.619980e+03	-1.632900e+04
4.620361e+03	-3.269900e+04
4.620743e+03	-3.269500e+04
4.621124e+03	-2.860100e+04
4.621506e+03	-8.122000e+03
4.621887e+03	-1.222600e+04
4.622269e+03	2.871900e+04
4.622650e+03	2.054600e+04
4.623032e+03	-2.861400e+04
4.623413e+03	-4.048000e+03
4.623795e+03	6.300000e+01
4.624176e+03	2.464100e+04
4.624558e+03	-1.221600e+04
4.624939e+03	1.645800e+04
4.625320e+03	6.800000e+01
4.625702e+03	-3.271800e+04
4.626083e+03	2.871800e+04
4.626465e+03	-2.043400e+04
4.626846e+03	2.462800e+04
4.627228e+03	2.054500e+04
4.627609e+03	1.234500e+04
4.627991e+03	-3.270400e+04
4.628372e+03	1.236300e+04
4.628754e+03	2.464400e+04
4.629135e+03	5.600000e+01
4.629517e+03	-4.023000e+03
4.629898e+03	-1.632000e+04
4.630280e+03	2.874000e+04
4.630661e+03	-2.040500e+04
4.631042e+03	2.463300e+04
4.631424e+03	2.055100e+04
4.631805e+03	-2.449800e+04
4.632187e+03	-2.860400e+04
4.632568e+03	-1.222900e+04
4.632950e+03	2.873900e+04
4.633331e+03	-4.037000e+03
4.633713e+03	-3.271500e+04
4.634094e+03	-1.634000e+04
4.634476e+03	4.162000e+03
4.634857e+03	8.256000e+03
4.635239e+03	-2.862900e+04
4.635620e+03	-3.270400e+04
4.636002e+03	-3.270500e+04
4.636383e+03	-3.269900e+04
4.636765e+03	-1.221800e+04
4.637146e+03	-1.632300e+04
4.637527e+03	4.160000e+03
4.637909e+03	-2.450500e+04
4.638290e+03	-8.114000e+03
4.638672e+03	1.646000e+04
4.639053e+03	-2.862200e+04
4.639435e+03	-4.019000e+03
4.639816e+03	1.646200e+04
4.640198e+03	-8.135000e+03
4.640579e+03	-4.028000e+03
4.640961e+03	-2.860700e+04
4.641342e+03	6.800000e+01
4.641724e+03	4.162000e+03
4.642105e+03	-1.222500e+04
4.642487e+03	8.000000e+01
4.642868e+03	2.874400e+04
4.643250e+03	-1.631600e+04
4.643631e+03	-4.015000e+03
4.644012e+03	1.235700e+04
4.644394e+03	-4.026000e+03
4.644775e+03	-1.221200e+04
4.645157e+03	1.645000e+04
4.645538e+03	-3.268500e+04
4.645920e+03	4.175000e+03
4.646301e+03	-2.041700e+04
4.646683e+03	2.874900e+04
4.647064e+03	-2.043200e+04
4.647446e+03	-2.858800e+04
4.647827e+03	-3.268900e+04
4.648209e+03	7.900000e+01
4.648590e+03	-2.448400e+04
4.648972e+03	2.465300e+04
4.649353e+03	2.876200e+04
4.649735e+03	-3.267300e+04
4.650116e+03	8.263000e+03
4.650497e+03	-1.628000e+04
4.650879e+03	-2.037900e+04
4.651260e+03	1.239200e+04
4.651642e+03	1.241300e+04
4.652023e+03	-3.966000e+03
4.652405e+03	-3.264000e+04
4.652786e+03	-8.077000e+03
4.653168e+03	-2.449500e+04
4.653549e+03	-2.037600e+04
4.653931e+03	1.647400e+04
4.654312e+03	-2.858200e+04
4.654694e+03	2.467000e+04
4.655075e+03	-2.862000e+04
4.655457e+03	8.284000e+03
4.655838e+03	-2.858500e+04
4.656219e+03	2.054900e+04
4.656601e+03	-2.858600e+04
4.656982e+03	6.900000e+01
4.657364e+03	-3.268600e+04
4.657745e+03	2.056600e+04
4.658127e+03	4.163000e+03
4.658508e+03	-4.020000e+03
4.658890e+03	-2.859900e+04
4.659271e+03	1.644100e+04
4.659653e+03	1.236400e+04
4.660034e+03	-4.027000e+03
4.660416e+03	-4.028000e+03
4.660797e+03	8.254000e+03
4.661179e+03	6.600000e+01
4.661560e+03	2.055800e+04
4.661942e+03	4.169000e+03
4.662323e+03	2.053400e+04
4.662704e+03	-1.222600e+04
4.663086e+03	6.500000e+01
4.663467e+03	4.168000e+03
4.663849e+03	-2.041400e+04
4.664230e+03	2.054200e+04
4.664612e+03	-3.270600e+04
4.664993e+03	1.234400e+04
4.665375e+03	1.236000e+04
4.665756e+03	1.645300e+04
4.666138e+03	-2.041700e+04
4.666519e+03	-4.027000e+03
4.666901e+03	-3.271300e+04
4.667282e+03	1.234900e+04
4.667664e+03	2.873700e+04
4.668045e+03	8.239000e+03
4.668427e+03	-8.123000e+03
4.668808e+03	6.700000e+01
4.669189e+03	-4.048000e+03
4.669571e+03	-2.860600e+04
4.669952e+03	-1.633800e+04
4.670334e+03	8.263000e+03
4.670715e+03	-2.859500e+04
4.671097e+03	8.262000e+03
4.671478e+03	-2.451200e+04
4.671860e+03	4.166000e+03
4.672241e+03	2.054300e+04
4.672623e+03	-1.631600e+04
4.673004e+03	-1.631500e+04
4.673386e+03	8.249000e+03
4.673767e+03	-8.132000e+03
4.674149e+03	2.874100e+04
4.674530e+03	2.874100e+04
4.674912e+03	2.054200e+04
4.675293e+03	8.255000e+03
4.675674e+03	2.464300e+04
4.676056e+03	1.235000e+04
4.676437e+03	-2.861300e+04
4.676819e+03	1.644200e+04
4.677200e+03	2.461400e+04
4.677582e+03	-4.032000e+03
4.677963e+03	-1.631800e+04
4.678345e+03	-3.271600e+04
4.678726e+03	8.250000e+03
4.679108e+03	-8.127000e+03
4.679489e+03	-8.132000e+03
4.679871e+03	-2.454100e+04
4.680252e+03	2.463600e+04
4.680634e+03	-2.451000e+04
4.681015e+03	1.235300e+04
4.681396e+03	-2.041900e+04
4.681778e+03	1.644100e+04
4.682159e+03	4.137000e+03
4.682541e+03	1.644100e+04
4.682922e+03	2.054400e+04
4.683304e+03	-3.271100e+04
4.683685e+03	-8.134000e+03
4.684067e+03	-8.127000e+03
4.684448e+03	-2.451600e+04
4.684830e+03	2.053500e+04
4.685211e+03	4.163000e+03
4.685593e+03	-2.041600e+04
4.685974e+03	8.242000e+03
4.686356e+03	-4.028000e+03
4.686737e+03	-1.221400e+04
4.687119e+03	-8.120000e+03
4.687500e+03	2.054300e+04
4.687881e+03	-1.633400e+04
4.688263e+03	-1.222800e+04
4.688644e+03	-1.222700e+04
4.689026e+03	-8.141000e+03
4.689407e+03	2.459600e+04
4.689789e+03	4.119000e+03
4.690170e+03	8.244000e+03
4.690552e+03	-1.632300e+04
4.690933e+03	-8.134000e+03
4.691315e+03	8.242000e+03
4.691696e+03	-1.223200e+04
4.692078e+03	1.642000e+04
4.692459e+03	-2.861100e+04
4.692841e+03	-4.023000e+03
4.693222e+03	2.874900e+04
4.693604e+03	4.172000e+03
4.693985e+03	1.236100e+04
4.694366e+03	-2.860400e+04
4.694748e+03	-1.632800e+04
4.695129e+03	1.643700e+04
4.695511e+03	4.163000e+03
4.695892e+03	8.259000e+03
4.696274e+03	-2.861600e+04
4.696655e+03	-2.042600e+04
4.697037e+03	-1.633700e+04
4.697418e+03	-3.272900e+04
4.697800e+03	-1.632700e+04
4.698181e+03	2.462900e+04
4.698563e+03	-1.223100e+04
4.698944e+03	8.241000e+03
4.699326e+03	-1.630500e+04
4.699707e+03	-2.448700e+04
4.700089e+03	2.876200e+04
4.700470e+03	-1.220800e+04
4.700851e+03	1.644400e+04
4.701233e+03	-1.631100e+04
4.701614e+03	4.162000e+03
4.701996e+03	4.158000e+03
4.702377e+03	-3.269600e+04
4.702759e+03	8.258000e+03
4.703140e+03	-3.273700e+04
4.703522e+03	-1.222600e+04
4.703903e+03	-3.269800e+04
4.704285e+03	-4.026000e+03
4.704666e+03	-4.038000e+03
4.705048e+03	-4.045000e+03
4.705429e+03	2.463700e+04
4.705811e+03	-2.452900e+04
4.706192e+03	-2.452500e+04
4.706573e+03	-2.862200e+04
4.706955e+03	-4.055000e+03
4.707336e+03	-1.223100e+04
4.707718e+03	-2.042800e+04
4.708099e+03	-2.451300e+04
4.708481e+03	-1.221800e+04
4.708862e+03	2.464300e+04
4.709244e+03	-2.861500e+04
4.709625e+03	-2.861600e+04
4.710007e+03	8.250000e+03
4.710388e+03	-2.451800e+04
4.710770e+03	-1.223400e+04
4.711151e+03	-8.149000e+03
4.711533e+03	2.053800e+04
4.711914e+03	-3.270800e+04
4.712296e+03	-2.042900e+04
4.712677e+03	2.052300e+04
4.713058e+03	-2.043000e+04
4.713440e+03	-8.131000e+03
4.713821e+03	2.463900e+04
4.714203e+03	8.245000e+03
4.714584e+03	-8.135000e+03
4.714966e+03	4.160000e+03
4.715347e+03	-1.223300e+04
4.715729e+03	2.053700e+04
4.716110e+03	1.644300e+04
4.716492e+03	-1.633500e+04
4.716873e+03	-1.632900e+04
4.717255e+03	-2.042000e+04
4.717636e+03	-2.861900e+04
4.718018e+03	-2.863600e+04
4.718399e+03	-1.222700e+04
4.718781e+03	2.464300e+04
4.719162e+03	-3.270300e+04
4.719543e+03	2.873300e+04
4.719925e+03	-4.033000e+03
4.720306e+03	1.644100e+04
4.720688e+03	4.124000e+03
4.721069e+03	5.700000e+01
4.721451e+03	2.054600e+04
4.721832e+03	8.261000e+03
4.722214e+03	6.600000e+01
4.722595e+03	2.053800e+04
4.722977e+03	-8.135000e+03
4.723358e+03	-3.270300e+04
4.723740e+03	-4.026000e+03
4.724121e+03	4.165000e+03
4.724503e+03	2.873100e+04
4.724884e+03	2.463100e+04
4.725266e+03	-1.222300e+04
4.725647e+03	1.236000e+04
4.726028e+03	-8.124000e+03
4.726410e+03	1.232600e+04
4.726791e+03	4.156000e+03
4.727173e+03	4.155000e+03
4.727554e+03	1.234900e+04
4.727936e+03	1.235800e+04
4.728317e+03	2.054100e+04
4.728699e+03	6.200000e+01
4.729080e+03	1.645600e+04
4.729462e+03	-1.222500e+04
4.729843e+03	5.800000e+01
4.730225e+03	-8.124000e+03
4.730606e+03	-2.451900e+04
4.730988e+03	2.872800e+04
4.731369e+03	-2.450900e+04
4.731750e+03	2.873800e+04
4.732132e+03	2.054400e+04
4.732513e+03	1.234300e+04
4.732895e+03	2.053500e+04
4.733276e+03	-2.451100e+04
4.733658e+03	-2.042100e+04
4.734039e+03	2.873300e+04
4.734421e+03	-2.450600e+04
4.734802e+03	6.800000e+01
4.735184e+03	1.643400e+04
4.735565e+03	2.053800e+04
4.735947e+03	2.054100e+04
4.736328e+03	5.100000e+01
4.736710e+03	-2.862400e+04
4.737091e+03	-8.131000e+03
4.737473e+03	-2.861400e+04
4.737854e+03	-2.454100e+04
4.738235e+03	5.000000e+01
4.738617e+03	1.644300e+04
4.738998e+03	-2.451400e+04
4.739380e+03	2.054400e+04
4.739761e+03	2.054700e+04
4.740143e+03	1.235100e+04
4.740524e+03	-3.271600e+04
4.740906e+03	8.249000e+03
4.741287e+03	-1.222800e+04
4.741669e+03	-1.223500e+04
4.742050e+03	-8.177000e+03
4.742432e+03	4.200000e+01
4.742813e+03	4.135000e+03
4.743195e+03	2.463000e+04
4.743576e+03	-2.451300e+04
4.743958e+03	-2.451400e+04
4.744339e+03	-8.135000e+03
4.744720e+03	2.053700e+04
4.745102e+03	-4.043000e+03
4.745483e+03	-1.224100e+04
4.745865e+03	-8.140000e+03
4.746246e+03	-8.138000e+03
4.746628e+03	1.000000e+00
4.747009e+03	-2.859900e+04
4.747391e+03	-2.858700e+04
4.747772e+03	-1.629600e+04
4.748154e+03	2.875400e+04
4.748535e+03	-8.141000e+03
4.748917e+03	-8.123000e+03
4.749298e+03	-3.270400e+04
4.749680e+03	2.053700e+04
4.750061e+03	1.236400e+04
4.750443e+03	-4.022000e+03
4.750824e+03	-1.632400e+04
4.751205e+03	-1.224000e+04
4.751587e+03	5.500000e+01
4.751968e+03	1.235000e+04
4.752350e+03	4.158000e+03
4.752731e+03	-2.862000e+04
4.753113e+03	2.873100e+04
4.753494e+03	-4.038000e+03
4.753876e+03	8.239000e+03
4.754257e+03	-3.271400e+04
4.754639e+03	-1.223400e+04
4.755020e+03	-2.043700e+04
4.755402e+03	2.462200e+04
4.755783e+03	1.644100e+04
4.756165e+03	-2.861500e+04
4.756546e+03	1.234800e+04
4.756927e+03	-3.270800e+04
4.757309e+03	-8.133000e+03
4.757690e+03	2.874100e+04
4.758072e+03	2.874100e+04
4.758453e+03	-3.271700e+04
4.758835e+03	2.464300e+04
4.759216e+03	-2.860100e+04
4.759598e+03	8.255000e+03
4.759979e+03	-1.633900e+04
4.760361e+03	4.133000e+03
4.760742e+03	4.159000e+03
4.761124e+03	1.645200e+04
4.761505e+03	-4.032000e+03
4.761887e+03	2.874100e+04
4.762268e+03	8.263000e+03
4.762650e+03	8.261000e+03
4.763031e+03	1.645100e+04
4.763412e+03	-2.042300e+04
4.763794e+03	-4.045000e+03
4.764175e+03	2.463700e+04
4.764557e+03	-1.633300e+04
4.764938e+03	2.872100e+04
4.765320e+03	-4.047000e+03
4.765701e+03	-4.031000e+03
4.766083e+03	-4.024000e+03
4.766464e+03	-2.041300e+04
4.766846e+03	-2.860400e+04
4.767227e+03	-3.269100e+04
4.767609e+03	1.646000e+04
4.767990e+03	8.260000e+03
4.768372e+03	1.644000e+04
4.768753e+03	1.234500e+04
4.769135e+03	-1.632400e+04
4.769516e+03	1.644000e+04
4.769897e+03	2.463300e+04
4.770279e+03	5.700000e+01
4.770660e+03	-8.150000e+03
4.771042e+03	-3.270500e+04
4.771423e+03	1.644400e+04
4.771805e+03	-1.634200e+04
4.772186e+03	8.257000e+03
4.772568e+03	-2.042000e+04
4.772949e+03	2.872100e+04
4.773331e+03	2.464300e+04
4.773712e+03	-8.127000e+03
4.774094e+03	4.145000e+03
4.774475e+03	-2.043100e+04
4.774857e+03	8.256000e+03
4.775238e+03	-2.041300e+04
4.775620e+03	-2.861200e+04
4.776001e+03	4.132000e+03
4.776382e+03	-3.270900e+04
4.776764e+03	-4.041000e+03
4.777145e+03	8.206000e+03
4.777527e+03	1.233000e+04
4.777908e+03	-2.454800e+04
4.778290e+03	-1.633100e+04
4.778671e+03	2.053400e+04
4.779053e+03	-1.223700e+04
4.779434e+03	-1.223200e+04
4.779816e+03	-1.632900e+04
4.780197e+03	-8.130000e+03
4.780579e+03	-3.270600e+04
4.780960e+03	2.052100e+04
4.781342e+03	-3.270000e+04
4.781723e+03	1.236000e+04
4.782104e+03	1.644400e+04
4.782486e+03	-1.223000e+04
4.782867e+03	-3.270500e+04
4.783249e+03	-4.058000e+03
4.783630e+03	4.164000e+03
4.784012e+03	6.800000e+01
4.784393e+03	2.871400e+04
4.784775e+03	4.167000e+03
4.785156e+03	8.264000e+03
4.785538e+03	5.500000e+01
4.785919e+03	2.464200e+04
4.786301e+03	-1.221900e+04
4.786682e+03	-1.632800e+04
4.787064e+03	-2.456200e+04
4.787445e+03	-2.861100e+04
4.787827e+03	-4.021000e+03
4.788208e+03	-2.449800e+04
4.788589e+03	7.100000e+01
4.788971e+03	4.163000e+03
4.789352e+03	1.235800e+04
4.789734e+03	-2.451400e+04
4.790115e+03	-2.861100e+04
4.790497e+03	-8.125000e+03
4.790878e+03	-2.041600e+04
4.791260e+03	8.240000e+03
4.791641e+03	-1.224200e+04
4.792023e+03	4.159000e+03
4.792404e+03	4.159000e+03
4.792786e+03	2.872900e+04
4.793167e+03	1.643300e+04
4.793549e+03	4.139000e+03
4.793930e+03	2.053200e+04
4.794312e+03	-2.452600e+04
4.794693e+03	-2.450500e+04
4.795074e+03	8.000000e+01
4.795456e+03	1.236800e+04
4.795837e+03	-1.631600e+04
4.796219e+03	8.230000e+03
4.796600e+03	1.235100e+04
4.796982e+03	-1.223000e+04
4.797363e+03	1.234100e+04
4.797745e+03	2.872000e+04
4.798126e+03	-2.044100e+04
4.798508e+03	8.254000e+03
4.798889e+03	6.600000e+01
4.799271e+03	5.800000e+01
4.799652e+03	-2.044200e+04
4.800034e+03	-3.270600e+04
4.800415e+03	6.700000e+01
4.800797e+03	2.464300e+04
4.801178e+03	1.235400e+04
4.801559e+03	-1.631900e+04
4.801941e+03	8.257000e+03
4.802322e+03	2.053900e+04
4.802704e+03	-2.452800e+04
4.803085e+03	2.050900e+04
4.803467e+03	1.642500e+04
4.803848e+03	-2.452500e+04
4.804230e+03	-2.454200e+04
4.804611e+03	-1.633200e+04
4.804993e+03	1.234900e+04
4.805374e+03	2.873200e+04
4.805756e+03	1.234400e+04
4.806137e+03	-2.862200e+04
4.806519e+03	-2.861600e+04
4.806900e+03	-2.451200e+04
4.807281e+03	-2.451200e+04
4.807663e+03	2.873500e+04
4.808044e+03	-4.036000e+03
4.808426e+03	-3.274000e+04
4.808807e+03	2.463900e+04
4.809189e+03	-2.450900e+04
4.809570e+03	-1.223200e+04
4.809952e+03	2.462600e+04
4.810333e+03	1.234600e+04
4.810715e+03	-2.862100e+04
4.811096e+03	-1.223800e+04
4.811478e+03	-3.271600e+04
4.811859e+03	-3.271000e+04
4.812241e+03	-1.223400e+04
4.812622e+03	1.234300e+04
4.813004e+03	2.463600e+04
4.813385e+03	-2.861300e+04
4.813766e+03	1.235100e+04
4.814148e+03	-4.035000e+03
4.814529e+03	-1.227500e+04
4.814911e+03	4.158000e+03
4.815292e+03	-3.270300e+04
4.815674e+03	-2.042600e+04
4.816055e+03	-2.045700e+04
4.816437e+03	2.461700e+04
4.816818e+03	-2.451300e+04
4.817200e+03	-4.028000e+03
4.817581e+03	-2.451100e+04
4.817963e+03	-4.035000e+03
4.818344e+03	8.251000e+03
4.818726e+03	-3.272700e+04
4.819107e+03	-3.270900e+04
4.819489e+03	6.000000e+01
4.819870e+03	-1.223900e+04
4.820251e+03	-4.054000e+03
4.820633e+03	2.053200e+04
4.821014e+03	-8.130000e+03
4.821396e+03	4.159000e+03
4.821777e+03	-8.141000e+03
4.822159e+03	1.644300e+04
4.822540e+03	-2.041900e+04
4.822922e+03	-8.151000e+03
4.823303e+03	-2.862600e+04
4.823685e+03	2.463600e+04
4.824066e+03	-2.042300e+04
4.824448e+03	-2.862500e+04
4.824829e+03	-1.223700e+04
4.825211e+03	4.900000e+01
4.825592e+03	-1.225900e+04
4.825974e+03	-1.633500e+04
4.826355e+03	2.462900e+04
4.826736e+03	-4.037000e+03
4.827118e+03	-1.223200e+04
4.827499e+03	-1.633900e+04
4.827881e+03	-8.125000e+03
4.828262e+03	1.235800e+04
4.828644e+03	2.463100e+04
4.829025e+03	-1.632800e+04
4.829407e+03	4.164000e+03
4.829788e+03	-4.032000e+03
4.830170e+03	-2.041800e+04
4.830551e+03	-4.032000e+03
4.830933e+03	-1.632400e+04
4.831314e+03	-2.043900e+04
4.831696e+03	-1.224000e+04
4.832077e+03	8.251000e+03
4.832459e+03	-4.038000e+03
4.832840e+03	2.872500e+04
4.833221e+03	2.055000e+04
4.833603e+03	-2.450000e+04
4.833984e+03	-4.023000e+03
4.834366e+03	1.233600e+04
4.834747e+03	-1.632300e+04
4.835129e+03	1.235100e+04
4.835510e+03	2.460900e+04
4.835892e+03	1.644800e+04
4.836273e+03	-2.042400e+04
4.836655e+03	1.644600e+04
4.837036e+03	2.874500e+04
4.837418e+03	2.054800e+04
4.837799e+03	8.237000e+03
4.838181e+03	-2.860600e+04
4.838562e+03	2.054600e+04
4.838943e+03	6.600000e+01
4.839325e+03	4.164000e+03
4.839706e+03	-2.451500e+04
4.840088e+03	8.255000e+03
4.840469e+03	5.700000e+01
4.840851e+03	2.053400e+04
4.841232e+03	-4.030000e+03
4.841614e+03	-3.270500e+04
4.841995e+03	-2.861600e+04
4.842377e+03	2.053100e+04
4.842758e+03	2.054700e+04
4.843140e+03	-8.114000e+03
4.843521e+03	8.000000e+01
4.843903e+03	-1.631500e+04
4.844284e+03	2.053200e+04
4.844666e+03	-1.222400e+04
4.845047e+03	5.600000e+01
4.845428e+03	-1.224100e+04
4.845810e+03	-1.632600e+04
4.846191e+03	2.462600e+04
4.846573e+03	-3.271800e+04
4.846954e+03	2.873500e+04
4.847336e+03	-1.221900e+04
4.847717e+03	2.464700e+04
4.848099e+03	6.800000e+01
4.848480e+03	2.053800e+04
4.848862e+03	4.139000e+03
4.849243e+03	-2.044900e+04
4.849625e+03	-4.052000e+03
4.850006e+03	8.242000e+03
4.850388e+03	-8.150000e+03
4.850769e+03	-1.224200e+04
4.851151e+03	-3.270500e+04
4.851532e+03	-2.450400e+04
4.851913e+03	-2.860200e+04
4.852295e+03	-8.150000e+03
4.852676e+03	-2.041000e+04
4.853058e+03	2.055700e+04
4.853439e+03	-2.450800e+04
4.853821e+03	-3.273100e+04
4.854202e+03	8.252000e+03
4.854584e+03	-4.045000e+03
4.854965e+03	-3.269500e+04
4.855347e+03	-8.116000e+03
4.855728e+03	-4.028000e+03
4.856110e+03	-8.126000e+03
4.856491e+03	-1.631200e+04
4.856873e+03	-3.269800e+04
4.857254e+03	2.054800e+04
4.857636e+03	5.900000e+01
4.858017e+03	-4.061000e+03
4.858398e+03	-2.452000e+04
4.858780e+03	1.644000e+04
4.859161e+03	-1.222400e+04
4.859543e+03	-8.128000e+03
4.859924e+03	-2.044600e+04
4.860306e+03	-3.270600e+04
4.860687e+03	-2.860200e+04
4.861069e+03	2.874000e+04
4.861450e+03	-3.271100e+04
4.861832e+03	-1.632000e+04
4.862213e+03	-2.040500e+04
4.862595e+03	4.172000e+03
4.862976e+03	1.235500e+04
4.863358e+03	-2.863300e+04
4.863739e+03	4.143000e+03
4.864120e+03	-2.862400e+04
4.864502e+03	-1.223100e+04
4.864883e+03	-3.270700e+04
4.865265e+03	-3.271100e+04
4.865646e+03	4.700000e+01
4.866028e+03	1.643400e+04
4.866409e+03	-2.451300e+04
4.866791e+03	1.644900e+04
4.867172e+03	-4.035000e+03
4.867554e+03	-1.632800e+04
4.867935e+03	1.235000e+04
4.868317e+03	-2.861200e+04
4.868698e+03	-8.141000e+03
4.869080e+03	-2.453700e+04
4.869461e+03	-2.044100e+04
4.869843e+03	4.150000e+03
4.870224e+03	8.250000e+03
4.870605e+03	1.234300e+04
4.870987e+03	-2.862300e+04
4.871368e+03	-2.861100e+04
4.871750e+03	-4.028000e+03
4.872131e+03	1.645000e+04
4.872513e+03	1.640200e+04
4.872894e+03	-2.860700e+04
4.873276e+03	-3.269800e+04
4.873657e+03	1.235000e+04
4.874039e+03	2.051500e+04
4.874420e+03	-1.223100e+04
4.874802e+03	6.500000e+01
4.875183e+03	8.255000e+03
4.875565e+03	8.227000e+03
4.875946e+03	2.873600e+04
4.876328e+03	1.236100e+04
4.876709e+03	-8.123000e+03
4.877090e+03	4.156000e+03
4.877472e+03	1.642000e+04
4.877853e+03	-1.223600e+04
4.878235e+03	2.464300e+04
4.878616e+03	2.874200e+04
4.878998e+03	-2.041400e+04
4.879379e+03	-8.134000e+03
4.879761e+03	4.155000e+03
4.880142e+03	-4.032000e+03
4.880524e+03	-8.130000e+03
4.880905e+03	2.462500e+04
4.881287e+03	-8.143000e+03
4.881668e+03	2.872900e+04
4.882050e+03	2.872600e+04
4.882431e+03	-2.863700e+04
4.882813e+03	4.148000e+03
4.883194e+03	1.643400e+04
4.883575e+03	2.053000e+04
4.883957e+03	-1.632300e+04
4.884338e+03	-2.451200e+04
4.884720e+03	-8.130000e+03
4.885101e+03	-2.861000e+04
4.885483e+03	2.873200e+04
4.885864e+03	1.644500e+04
4.886246e+03	1.645100e+04
4.886627e+03	-2.041100e+04
4.887009e+03	4.163000e+03
4.887390e+03	5.600000e+01
4.887772e+03	2.052200e+04
4.888153e+03	1.643200e+04
4.888535e+03	-8.160000e+03
4.888916e+03	-3.271800e+04
4.889297e+03	-1.222800e+04
4.889679e+03	-8.133000e+03
4.890060e+03	2.462200e+04
4.890442e+03	6.400000e+01
4.890823e+03	-1.221800e+04
4.891205e+03	2.054600e+04
4.891586e+03	2.873100e+04
4.891968e+03	-2.041700e+04
4.892349e+03	-2.452600e+04
4.892731e+03	5.800000e+01
4.893112e+03	-4.027000e+03
4.893494e+03	1.645000e+04
4.893875e+03	-2.044000e+04
4.894257e+03	5.800000e+01
4.894638e+03	2.054300e+04
4.895020e+03	-1.631900e+04
4.895401e+03	8.254000e+03
4.895782e+03	-2.861800e+04
4.896164e+03	-2.042800e+04
4.896545e+03	-1.224000e+04
4.896927e+03	-1.224700e+04
4.897308e+03	-1.223900e+04
4.897690e+03	-2.042000e+04
4.898071e+03	6.500000e+01
4.898453e+03	1.235300e+04
4.898834e+03	2.873400e+04
4.899216e+03	-2.862700e+04
4.899597e+03	-2.041400e+04
4.899979e+03	-2.040800e+04
4.900360e+03	-2.860900e+04
4.900742e+03	2.464200e+04
4.901123e+03	4.171000e+03
4.901505e+03	4.165000e+03
4.901886e+03	2.054200e+04
4.902267e+03	8.265000e+03
4.902649e+03	2.054800e+04
4.903030e+03	1.642300e+04
4.903412e+03	-2.452100e+04
4.903793e+03	4.149000e+03
4.904175e+03	1.645000e+04
4.904556e+03	-1.222200e+04
4.904938e+03	-2.862900e+04
4.905319e+03	-2.041900e+04
4.905701e+03	-4.033000e+03
4.906082e+03	-1.633500e+04
4.906464e+03	5.500000e+01
4.906845e+03	2.054000e+04
4.907227e+03	2.873000e+04
4.907608e+03	1.643800e+04
4.907990e+03	-1.224100e+04
4.908371e+03	8.233000e+03
4.908752e+03	1.641600e+04
4.909134e+03	-2.862100e+04
4.909515e+03	-4.047000e+03
4.909897e+03	2.463200e+04
4.910278e+03	-2.451700e+04
4.910660e+03	4.146000e+03
4.911041e+03	4.157000e+03
4.911423e+03	-1.632600e+04
4.911804e+03	1.232000e+04
4.912186e+03	4.160000e+03
4.912567e+03	-2.861100e+04
4.912949e+03	-2.452500e+04
4.913330e+03	1.645400e+04
4.913712e+03	1.645300e+04
4.914093e+03	-2.452500e+04
4.914474e+03	-3.270500e+04
4.914856e+03	-2.860600e+04
4.915237e+03	-3.271400e+04
4.915619e+03	1.232800e+04
4.916000e+03	2.460800e+04
4.916382e+03	-3.271100e+04
4.916763e+03	-1.632400e+04
4.917145e+03	1.643200e+04
4.917526e+03	-2.862800e+04
4.917908e+03	-3.271500e+04
4.918289e+03	8.249000e+03
4.918671e+03	-2.041700e+04
4.919052e+03	1.644800e+04
4.919434e+03	-2.041500e+04
4.919815e+03	-2.860700e+04
4.920197e+03	-1.632700e+04
4.920578e+03	2.053500e+04
4.920959e+03	2.053700e+04
4.921341e+03	4.600000e+01
4.921722e+03	-3.271600e+04
4.922104e+03	-3.270900e+04
4.922485e+03	-2.862100e+04
4.922867e+03	-2.451500e+04
4.923248e+03	-1.222000e+04
4.923630e+03	8.260000e+03
4.924011e+03	2.054900e+04
4.924393e+03	-2.040900e+04
4.924774e+03	-1.222100e+04
4.925156e+03	1.234200e+04
4.925537e+03	2.054200e+04
4.925919e+03	1.644500e+04
4.926300e+03	-2.455300e+04
4.926682e+03	1.644100e+04
4.927063e+03	-4.042000e+03
4.927444e+03	1.234100e+04
4.927826e+03	2.054900e+04
4.928207e+03	-3.269800e+04
4.928589e+03	-2.041800e+04
4.928970e+03	-1.222500e+04
4.929352e+03	-2.042000e+04
4.929733e+03	-2.451400e+04
4.930115e+03	2.874000e+04
4.930496e+03	-1.222300e+04
4.930878e+03	-2.450500e+04
4.931259e+03	-2.040100e+04
4.931641e+03	-2.449700e+04
4.932022e+03	-2.040500e+04
4.932404e+03	2.874400e+04
4.932785e+03	2.464500e+04
4.933167e+03	5.200000e+01
4.933548e+03	-1.634300e+04
4.933929e+03	-4.047000e+03
4.934311e+03	-3.272800e+04
4.934692e+03	4.153000e+03
4.935074e+03	-2.861600e+04
4.935455e+03	1.642100e+04
4.935837e+03	-2.862600e+04
4.936218e+03	2.871200e+04
4.936600e+03	-8.164000e+03
4.936981e+03	2.871700e+04
4.937363e+03	4.700000e+01
4.937744e+03	1.235000e+04
4.938126e+03	-2.860300e+04
4.938507e+03	4.169000e+03
4.938889e+03	2.465100e+04
4.939270e+03	2.465000e+04
4.939651e+03	-4.028000e+03
4.940033e+03	-1.222400e+04
4.940414e+03	1.644300e+04
4.940796e+03	2.051300e+04
4.941177e+03	8.242000e+03
4.941559e+03	2.053900e+04
4.941940e+03	-2.860700e+04
4.942322e+03	-2.041100e+04
4.942703e+03	2.054200e+04
4.943085e+03	-2.043100e+04
4.943466e+03	-1.631500e+04
4.943848e+03	2.055000e+04
4.944229e+03	-1.222600e+04
4.944611e+03	-1.222300e+04
4.944992e+03	8.254000e+03
4.945374e+03	-1.224500e+04
4.945755e+03	8.259000e+03
4.946136e+03	-2.041300e+04
4.946518e+03	-2.860900e+04
4.946899e+03	-4.027000e+03
4.947281e+03	1.235500e+04
4.947662e+03	2.052100e+04
4.948044e+03	-1.223400e+04
4.948425e+03	5.000000e+01
4.948807e+03	-1.632300e+04
4.949188e+03	-2.450800e+04
4.949570e+03	2.873500e+04
4.949951e+03	-4.042000e+03
4.950333e+03	1.233900e+04
4.950714e+03	-2.862000e+04
4.951096e+03	2.463200e+04
4.951477e+03	2.463000e+04
4.951859e+03	-8.145000e+03
4.952240e+03	-8.144000e+03
4.952621e+03	-1.223500e+04
4.953003e+03	-4.036000e+03
4.953384e+03	2.873000e+04
4.953766e+03	-1.633300e+04
4.954147e+03	-3.272000e+04
4.954529e+03	-1.224500e+04
4.954910e+03	4.152000e+03
4.955292e+03	-1.632400e+04
4.955673e+03	-2.041600e+04
4.956055e+03	2.464500e+04
4.956436e+03	-8.125000e+03
4.956818e+03	2.463700e+04
4.957199e+03	8.250000e+03
4.957581e+03	-1.632700e+04
4.957962e+03	8.254000e+03
4.958344e+03	-1.222900e+04
4.958725e+03	-1.633300e+04
4.959106e+03	1.235000e+04
4.959488e+03	2.464000e+04
4.959869e+03	4.154000e+03
4.960251e+03	8.247000e+03
4.960632e+03	2.053700e+04
4.961014e+03	2.872200e+04
4.961395e+03	2.872800e+04
4.961777e+03	2.874400e+04
4.962158e+03	-1.631000e+04
4.962540e+03	-8.127000e+03
4.962921e+03	-2.042200e+04
4.963303e+03	2.873900e+04
4.963684e+03	-1.222500e+04
4.964066e+03	-3.271400e+04
4.964447e+03	1.641000e+04
4.964828e+03	-2.861300e+04
4.965210e+03	-1.222100e+04
4.965591e+03	-1.632100e+04
4.965973e+03	-4.046000e+03
4.966354e+03	-3.272800e+04
4.966736e+03	-2.043000e+04
4.967117e+03	8.255000e+03
4.967499e+03	1.644100e+04
4.967880e+03	-3.271800e+04
4.968262e+03	-8.125000e+03
4.968643e+03	8.256000e+03
4.969025e+03	2.053000e+04
4.969406e+03	-1.632300e+04
4.969788e+03	-3.271400e+04
4.970169e+03	-2.042700e+04
4.970551e+03	1.644700e+04
4.970932e+03	2.053500e+04
4.971313e+03	-1.222600e+04
4.971695e+03	-2.041000e+04
4.972076e+03	2.874000e+04
4.972458e+03	2.872200e+04
4.972839e+03	-8.138000e+03
4.973221e+03	-4.030000e+03
4.973602e+03	-1.222100e+04
4.973984e+03	8.257000e+03
4.974365e+03	-2.042400e+04
4.974747e+03	-2.043100e+04
4.975128e+03	-8.139000e+03
4.975510e+03	2.463500e+04
4.975891e+03	-2.451800e+04
4.976273e+03	2.054100e+04
4.976654e+03	-4.028000e+03
4.977036e+03	2.464600e+04
4.977417e+03	-2.861000e+04
4.977798e+03	1.232000e+04
4.978180e+03	5.700000e+01
4.978561e+03	2.054500e+04
4.978943e+03	-3.269100e+04
4.979324e+03	-1.630200e+04
4.979706e+03	-4.016000e+03
4.980087e+03	-2.450700e+04
4.980469e+03	4.000000e+01
4.980850e+03	-8.126000e+03
4.981232e+03	-2.451200e+04
4.981613e+03	1.234400e+04
4.981995e+03	8.257000e+03
4.982376e+03	1.234900e+04
4.982758e+03	-3.272200e+04
4.983139e+03	-1.631600e+04
4.983521e+03	4.167000e+03
4.983902e+03	-1.222200e+04
4.984283e+03	1.645000e+04
4.984665e+03	8.254000e+03
4.985046e+03	1.644200e+04
4.985428e+03	-2.451200e+04
4.985809e+03	4.149000e+03
4.986191e+03	-2.041600e+04
4.986572e+03	4.170000e+03
4.986954e+03	-4.024000e+03
4.987335e+03	-1.222500e+04
4.987717e+03	-1.632200e+04
4.988098e+03	-2.451800e+04
4.988480e+03	-2.042900e+04
4.988861e+03	2.872700e+04
4.989243e+03	-3.271700e+04
4.989624e+03	8.236000e+03
4.990005e+03	2.461800e+04
4.990387e+03	-2.042400e+04
4.990768e+03	1.644800e+04
4.991150e+03	-8.129000e+03
4.991531e+03	4.152000e+03
4.991913e+03	8.241000e+03
4.992294e+03	1.233800e+04
4.992676e+03	-4.056000e+03
4.993057e+03	2.870800e+04
4.993439e+03	1.233700e+04
4.993820e+03	1.643100e+04
4.994202e+03	-1.224200e+04
4.994583e+03	-2.041900e+04
4.994965e+03	6.600000e+01
4.995346e+03	-8.129000e+03
4.995728e+03	-1.222600e+04
4.996109e+03	2.873200e+04
4.996490e+03	-8.152000e+03
4.996872e+03	-3.270900e+04
4.997253e+03	-3.270100e+04
4.997635e+03	-2.451300e+04
4.998016e+03	-2.863000e+04
4.998398e+03	-3.272600e+04
4.998779e+03	8.227000e+03
4.999161e+03	-1.633300e+04
4.999542e+03	4.150000e+03
4.999924e+03	1.233000e+04
5.000305e+03	2.873800e+04
5.000687e+03	7.500000e+01
5.001068e+03	-1.631000e+04
5.001450e+03	2.464300e+04
5.001831e+03	4.156000e+03
5.002213e+03	-2.861700e+04
5.002594e+03	-4.060000e+03
5.002975e+03	-1.632400e+04
5.003357e+03	1.234800e+04
5.003738e+03	2.462400e+04
5.004120e+03	6.400000e+01
5.004501e+03	6.300000e+01
5.004883e+03	2.869800e+04
5.005264e+03	4.152000e+03
5.005646e+03	2.872800e+04
5.006027e+03	-1.227900e+04
5.006409e+03	8.249000e+03
5.006790e+03	-1.631900e+04
5.007172e+03	8.259000e+03
5.007553e+03	-3.271400e+04
5.007935e+03	-2.042000e+04
5.008316e+03	2.464400e+04
5.008698e+03	2.054000e+04
5.009079e+03	-2.861600e+04
5.009460e+03	-2.041800e+04
5.009842e+03	-1.224100e+04
5.010223e+03	-2.860800e+04
5.010605e+03	4.162000e+03
5.010986e+03	-3.271800e+04
5.011368e+03	8.253000e+03
5.011749e+03	-4.035000e+03
5.012131e+03	8.237000e+03
5.012512e+03	-1.632400e+04
5.012894e+03	-2.451200e+04
5.013275e+03	-2.451200e+04
5.013657e+03	-4.028000e+03
5.014038e+03	-3.269800e+04
5.014420e+03	-2.041200e+04
5.014801e+03	4.159000e+03
5.015183e+03	2.463900e+04
5.015564e+03	8.249000e+03
5.015945e+03	-3.272900e+04
5.016327e+03	2.464000e+04
5.016708e+03	1.235000e+04
5.017090e+03	4.147000e+03
5.017471e+03	2.463700e+04
5.017853e+03	4.148000e+03
5.018234e+03	1.233900e+04
5.018616e+03	-8.133000e+03
5.018997e+03	-1.633800e+04
5.019379e+03	-2.041600e+04
5.019760e+03	-4.031000e+03
5.020142e+03	-3.272100e+04
5.020523e+03	-8.132000e+03
5.020905e+03	-1.222600e+04
5.021286e+03	2.870400e+04
5.021667e+03	-1.632100e+04
5.022049e+03	2.055100e+04
5.022430e+03	8.264000e+03
5.022812e+03	-2.041300e+04
5.023193e+03	2.872800e+04
5.023575e+03	-2.862000e+04
5.023956e+03	-1.635800e+04
5.024338e+03	-2.451500e+04
5.024719e+03	1.645000e+04
5.025101e+03	4.163000e+03
5.025482e+03	-2.450400e+04
5.025864e+03	-2.860400e+04
5.026245e+03	1.233800e+04
5.026627e+03	2.875300e+04
5.027008e+03	1.647200e+04
5.027390e+03	-1.220100e+04
5.027771e+03	-2.859000e+04
5.028152e+03	-8.117000e+03
5.028534e+03	2.873400e+04
5.028915e+03	-1.633500e+04
5.029297e+03	2.463900e+04
5.029678e+03	1.234700e+04
5.030060e+03	2.871600e+04
5.030441e+03	8.250000e+03
5.030823e+03	8.260000e+03
5.031204e+03	-3.269800e+04
5.031586e+03	5.700000e+01
5.031967e+03	4.149000e+03
5.032349e+03	-2.860900e+04
5.032730e+03	8.244000e+03
5.033112e+03	4.152000e+03
5.033493e+03	-2.451600e+04
5.033875e+03	-4.030000e+03
5.034256e+03	-1.630800e+04
5.034637e+03	2.465200e+04
5.035019e+03	-1.221900e+04
5.035400e+03	1.235700e+04
5.035782e+03	-2.860500e+04
5.036163e+03	1.234800e+04
5.036545e+03	4.163000e+03
5.036926e+03	-1.631700e+04
5.037308e+03	-4.036000e+03
5.037689e+03	2.871500e+04
5.038071e+03	8.258000e+03
5.038452e+03	2.464600e+04
5.038834e+03	-1.223100e+04
5.039215e+03	-3.270300e+04
5.039597e+03	-3.269300e+04
5.039978e+03	2.055300e+04
5.040360e+03	4.158000e+03
5.040741e+03	2.871800e+04
5.041122e+03	-1.634400e+04
5.041504e+03	1.233900e+04
5.041885e+03	2.872400e+04
5.042267e+03	-4.040000e+03
5.042648e+03	1.233900e+04
5.043030e+03	2.463200e+04
5.043411e+03	-1.632400e+04
5.043793e+03	-2.454800e+04
5.044174e+03	-2.860900e+04
5.044556e+03	-1.222100e+04
5.044937e+03	1.644500e+04
5.045319e+03	-1.222000e+04
5.045700e+03	2.464300e+04
5.046082e+03	-2.042200e+04
5.046463e+03	-2.450800e+04
5.046844e+03	2.463400e+04
5.047226e+03	1.235300e+04
5.047607e+03	-2.040400e+04
5.047989e+03	-2.450600e+04
5.048370e+03	-3.273500e+04
5.048752e+03	-2.860600e+04
5.049133e+03	6.600000e+01
5.049515e+03	2.054000e+04
5.049896e+03	-2.452500e+04
5.050278e+03	-4.048000e+03
5.050659e+03	1.644500e+04
5.051041e+03	-2.042000e+04
5.051422e+03	2.463600e+04
5.051804e+03	5.800000e+01
5.052185e+03	-2.860600e+04
5.052567e+03	7.100000e+01
5.052948e+03	-2.861700e+04
5.053329e+03	1.644400e+04
5.053711e+03	6.900000e+01
5.054092e+03	2.873100e+04
5.054474e+03	8.251000e+03
5.054855e+03	-2.452000e+04
5.055237e+03	1.234400e+04
5.055618e+03	2.054700e+04
5.056000e+03	-2.042000e+04
5.056381e+03	2.873100e+04
5.056763e+03	8.252000e+03
5.057144e+03	-1.631600e+04
5.057526e+03	-2.859700e+04
5.057907e+03	2.464500e+04
5.058289e+03	-1.222400e+04
5.058670e+03	1.645500e+04
5.059052e+03	2.873100e+04
5.059433e+03	-2.042500e+04
5.059814e+03	2.463500e+04
5.060196e+03	-3.270100e+04
5.060577e+03	-1.221500e+04
5.060959e+03	-2.041900e+04
5.061340e+03	-1.631800e+04
5.061722e+03	-8.117000e+03
5.062103e+03	2.873900e+04
5.062485e+03	1.644100e+04
5.062866e+03	1.232400e+04
5.063248e+03	-2.860400e+04
5.063629e+03	4.174000e+03
5.064011e+03	-1.221500e+04
5.064392e+03	2.874200e+04
5.064774e+03	2.873800e+04
5.065155e+03	-2.862400e+04
5.065537e+03	8.264000e+03
5.065918e+03	-2.451100e+04
5.066299e+03	4.150000e+03
5.066681e+03	1.644800e+04
5.067062e+03	4.600000e+01
5.067444e+03	4.164000e+03
5.067825e+03	-4.046000e+03
5.068207e+03	2.465400e+04
5.068588e+03	2.465800e+04
5.068970e+03	-2.861000e+04
5.069351e+03	-1.220800e+04
5.069733e+03	2.875100e+04
5.070114e+03	-1.631000e+04
5.070496e+03	2.056700e+04
5.070877e+03	-8.120000e+03
5.071259e+03	-2.449200e+04
5.071640e+03	1.237900e+04
5.072021e+03	4.150000e+03
5.072403e+03	-1.629000e+04
5.072784e+03	1.647700e+04
5.073166e+03	4.180000e+03
5.073547e+03	1.040000e+02
5.073929e+03	-3.267900e+04
5.074310e+03	4.208000e+03
5.074692e+03	2.470200e+04
5.075073e+03	-3.263900e+04
5.075455e+03	2.470000e+04
5.075836e+03	-3.992000e+03
5.076218e+03	-1.218900e+04
5.076599e+03	-3.266400e+04
5.076981e+03	-2.040400e+04
5.077362e+03	4.190000e+03
5.077744e+03	2.876400e+04
5.078125e+03	1.234900e+04
5.078506e+03	4.185000e+03
5.078888e+03	-1.630500e+04
5.079269e+03	2.055800e+04
5.079651e+03	-2.039900e+04
5.080032e+03	-1.224600e+04
5.080414e+03	2.056100e+04
5.080795e+03	-1.631000e+04
5.081177e+03	-2.450800e+04
5.081558e+03	-3.268800e+04
5.081940e+03	-4.030000e+03
5.082321e+03	4.168000e+03
5.082703e+03	2.874800e+04
5.083084e+03	8.252000e+03
5.083466e+03	-2.860900e+04
5.083847e+03	-2.451500e+04
5.084229e+03	2.873700e+04
5.084610e+03	-4.036000e+03
5.084991e+03	-8.128000e+03
5.085373e+03	-2.859600e+04
5.085754e+03	-3.269500e+04
5.086136e+03	4.167000e+03
5.086517e+03	2.464700e+04
5.086899e+03	1.234300e+04
5.087280e+03	2.874500e+04
5.087662e+03	1.645800e+04
5.088043e+03	-2.860800e+04
5.088425e+03	-4.026000e+03
5.088806e+03	-2.041800e+04
5.089188e+03	-4.041000e+03
5.089569e+03	-1.631700e+04
5.089951e+03	4.800000e+01
5.090332e+03	2.464300e+04
5.090714e+03	2.055000e+04
5.091095e+03	8.246000e+03
5.091476e+03	-3.270900e+04
5.091858e+03	-1.632400e+04
5.092239e+03	5.500000e+01
5.092621e+03	4.153000e+03
5.093002e+03	2.872400e+04
5.093384e+03	2.463900e+04
5.093765e+03	-4.032000e+03
5.094147e+03	2.053800e+04
5.094528e+03	-2.861600e+04
5.094910e+03	2.464100e+04
5.095291e+03	-3.269900e+04
5.095673e+03	-2.041500e+04
5.096054e+03	-4.033000e+03
5.096436e+03	-2.860700e+04
5.096817e+03	-3.271800e+04
5.097198e+03	1.234900e+04
5.097580e+03	-2.860400e+04
5.097961e+03	1.235200e+04
5.098343e+03	-2.452500e+04
5.098724e+03	2.462700e+04
5.099106e+03	-2.451300e+04
5.099487e+03	2.874100e+04
5.099869e+03	-2.450800e+04
5.100250e+03	-4.028000e+03
5.100632e+03	-1.221800e+04
5.101013e+03	2.873800e+04
5.101395e+03	-1.632800e+04
5.101776e+03	1.645100e+04
5.102158e+03	-2.450500e+04
5.102539e+03	1.235800e+04
5.102921e+03	1.235700e+04
5.103302e+03	6.600000e+01
5.103683e+03	2.054500e+04
5.104065e+03	2.874600e+04
5.104446e+03	1.645900e+04
5.104828e+03	2.873200e+04
5.105209e+03	-1.632700e+04
5.105591e+03	-1.222000e+04
5.105972e+03	-8.134000e+03
5.106354e+03	2.462600e+04
5.106735e+03	2.464200e+04
5.107117e+03	-2.041500e+04
5.107498e+03	-1.222700e+04
5.107880e+03	2.054400e+04
5.108261e+03	1.644900e+04
5.108643e+03	-1.222900e+04
5.109024e+03	-1.223500e+04
5.109406e+03	2.053900e+04
5.109787e+03	-3.269900e+04
5.110168e+03	-2.860300e+04
5.110550e+03	-8.134000e+03
5.110931e+03	4.151000e+03
5.111313e+03	5.400000e+01
5.111694e+03	-8.140000e+03
5.112076e+03	-3.270300e+04
5.112457e+03	-4.036000e+03
5.112839e+03	1.642800e+04
5.113220e+03	4.160000e+03
5.113602e+03	1.234800e+04
5.113983e+03	-4.052000e+03
5.114365e+03	1.644400e+04
5.114746e+03	-2.042200e+04
5.115128e+03	-1.223300e+04
5.115509e+03	8.249000e+03
5.115891e+03	-4.028000e+03
5.116272e+03	2.874600e+04
5.116653e+03	-2.450200e+04
5.117035e+03	1.645800e+04
5.117416e+03	2.874100e+04
5.117798e+03	-2.452600e+04
5.118179e+03	4.164000e+03
5.118561e+03	1.235800e+04
5.118942e+03	-2.451300e+04
5.119324e+03	8.257000e+03
5.119705e+03	-4.028000e+03
5.120087e+03	-4.027000e+03
5.120468e+03	8.260000e+03
5.120850e+03	2.053700e+04
5.121231e+03	-2.861700e+04
5.121613e+03	-3.271200e+04
5.121994e+03	2.463100e+04
5.122375e+03	-3.270400e+04
5.122757e+03	-3.269800e+04
5.123138e+03	2.464800e+04
5.123520e+03	7.100000e+01
5.123901e+03	-4.031000e+03
5.124283e+03	-2.451900e+04
5.124664e+03	-2.861200e+04
5.125046e+03	2.873900e+04
5.125427e+03	2.873000e+04
5.125809e+03	-1.632800e+04
5.126190e+03	2.874500e+04
5.126572e+03	-1.221500e+04
5.126953e+03	-2.451600e+04
5.127335e+03	2.871600e+04
5.127716e+03	1.234300e+04
5.128098e+03	-1.223800e+04
5.128479e+03	2.462500e+04
5.128860e+03	8.240000e+03
5.129242e+03	8.242000e+03
5.129623e+03	-1.632800e+04
5.130005e+03	-8.122000e+03
5.130386e+03	2.874500e+04
5.130768e+03	-2.860600e+04
5.131149e+03	-2.041500e+04
5.131531e+03	2.464500e+04
5.131912e+03	8.245000e+03
5.132294e+03	-4.036000e+03
5.132675e+03	2.464500e+04
5.133057e+03	2.873100e+04
5.133438e+03	-2.451900e+04
5.133820e+03	-2.450600e+04
5.134201e+03	1.236000e+04
5.134583e+03	-2.450600e+04
5.134964e+03	-2.041500e+04
5.135345e+03	5.500000e+01
5.135727e+03	-2.047200e+04
5.136108e+03	-1.633300e+04
5.136490e+03	-8.142000e+03
5.136871e+03	-2.864100e+04
5.137253e+03	8.236000e+03
5.137634e+03	4.135000e+03
5.138016e+03	-2.044100e+04
5.138397e+03	1.234300e+04
5.138779e+03	8.245000e+03
5.139160e+03	-8.147000e+03
5.139542e+03	-1.223700e+04
5.139923e+03	-2.861800e+04
5.140305e+03	-2.451400e+04
5.140686e+03	6.500000e+01
5.141068e+03	-1.632500e+04
5.141449e+03	-2.862200e+04
5.141830e+03	-1.632600e+04
5.142212e+03	4.160000e+03
5.142593e+03	-2.860600e+04
5.142975e+03	-2.451400e+04
5.143356e+03	8.239000e+03
5.143738e+03	-8.149000e+03
5.144119e+03	2.872700e+04
5.144501e+03	-1.222800e+04
5.144882e+03	1.235600e+04
5.145264e+03	8.265000e+03
5.145645e+03	-2.450600e+04
5.146027e+03	5.300000e+01
5.146408e+03	-3.270800e+04
5.146790e+03	-2.450600e+04
5.147171e+03	2.054600e+04
5.147552e+03	2.053600e+04
5.147934e+03	-2.860800e+04
5.148315e+03	-1.222600e+04
5.148697e+03	5.300000e+01
5.149078e+03	1.234900e+04
5.149460e+03	-1.222500e+04
5.149841e+03	-1.223000e+04
5.150223e+03	-2.861200e+04
5.150604e+03	-2.041700e+04
5.150986e+03	2.463500e+04
5.151367e+03	2.051400e+04
5.151749e+03	2.052400e+04
5.152130e+03	-4.050000e+03
5.152512e+03	-4.053000e+03
5.152893e+03	-4.056000e+03
5.153275e+03	8.228000e+03
5.153656e+03	-2.041800e+04
5.154037e+03	-3.269900e+04
5.154419e+03	-1.221900e+04
5.154800e+03	-1.222400e+04
5.155182e+03	-2.042200e+04
5.155563e+03	-1.223800e+04
5.155945e+03	2.870400e+04
5.156326e+03	-1.635700e+04
5.156708e+03	2.052400e+04
5.157089e+03	1.234800e+04
5.157471e+03	-1.631600e+04
5.157852e+03	4.165000e+03
5.158234e+03	2.463600e+04
5.158615e+03	1.000000e+00
5.158997e+03	-1.633400e+04
5.159378e+03	-2.452900e+04
5.159760e+03	2.873000e+04
5.160141e+03	1.645000e+04
5.160522e+03	-1.222500e+04
5.160904e+03	5.300000e+01
5.161285e+03	-2.043500e+04
5.161667e+03	-2.451300e+04
5.162048e+03	-4.033000e+03
5.162430e+03	4.100000e+01
5.162811e+03	-2.860900e+04
5.163193e+03	2.464500e+04
5.163574e+03	-1.631800e+04
5.163956e+03	-8.128000e+03
5.164337e+03	2.054700e+04
5.164719e+03	-3.269500e+04
5.165100e+03	2.874600e+04
5.165482e+03	4.163000e+03
5.165863e+03	-1.223000e+04
5.166245e+03	8.260000e+03
5.166626e+03	-1.222200e+04
5.167007e+03	2.873300e+04
5.167389e+03	-2.452100e+04
5.167770e+03	-3.271200e+04
5.168152e+03	-4.036000e+03
5.168533e+03	-1.631600e+04
5.168915e+03	2.465100e+04
5.169296e+03	-2.450400e+04
5.169678e+03	2.053000e+04
5.170059e+03	1.236500e+04
5.170441e+03	-8.108000e+03
5.170822e+03	-2.039700e+04
5.171204e+03	8.269000e+03
5.171585e+03	2.054500e+04
5.171967e+03	2.463400e+04
5.172348e+03	-8.150000e+03
5.172729e+03	2.053600e+04
5.173111e+03	1.234400e+04
5.173492e+03	-2.452400e+04
5.173874e+03	4.157000e+03
5.174255e+03	-1.632600e+04
5.174637e+03	-2.861600e+04
5.175018e+03	-4.037000e+03
5.175400e+03	-2.451900e+04
5.175781e+03	-1.631800e+04
5.176163e+03	4.168000e+03
5.176544e+03	2.874300e+04
5.176926e+03	6.900000e+01
5.177307e+03	2.464600e+04
5.177689e+03	-3.269700e+04
5.178070e+03	-2.041300e+04
5.178452e+03	2.464600e+04
5.178833e+03	-3.269300e+04
5.179214e+03	-3.269800e+04
5.179596e+03	-8.144000e+03
5.179977e+03	2.054300e+04
5.180359e+03	2.873100e+04
5.180740e+03	2.461700e+04
5.181122e+03	2.463900e+04
5.181503e+03	2.462600e+04
5.181885e+03	-2.041800e+04
5.182266e+03	-2.040900e+04
5.182648e+03	-1.632000e+04
5.183029e+03	2.461500e+04
5.183411e+03	2.873500e+04
5.183792e+03	2.872400e+04
5.184174e+03	1.644100e+04
5.184555e+03	-2.860400e+04
5.184937e+03	-8.127000e+03
5.185318e+03	5.800000e+01
5.185699e+03	1.644800e+04
5.186081e+03	4.160000e+03
5.186462e+03	8.250000e+03
5.186844e+03	8.247000e+03
5.187225e+03	-2.862400e+04
5.187607e+03	2.461400e+04
5.187988e+03	-8.155000e+03
5.188370e+03	-2.452500e+04
5.188751e+03	-1.632700e+04
5.189133e+03	2.873000e+04
5.189514e+03	-2.043000e+04
5.189896e+03	-2.043400e+04
5.190277e+03	2.054300e+04
5.190659e+03	-1.221900e+04
5.191040e+03	-1.222100e+04
5.191422e+03	-3.271000e+04
5.191803e+03	-1.224100e+04
5.192184e+03	-8.147000e+03
5.192566e+03	-3.271900e+04
5.192947e+03	1.234900e+04
5.193329e+03	-1.222300e+04
5.193710e+03	-2.860600e+04
5.194092e+03	4.159000e+03
5.194473e+03	-1.632100e+04
5.194855e+03	-2.041200e+04
5.195236e+03	-4.026000e+03
5.195618e+03	-2.041200e+04
5.195999e+03	-3.270300e+04
5.196381e+03	-2.041200e+04
5.196762e+03	2.874300e+04
5.197144e+03	-1.222300e+04
5.197525e+03	1.233500e+04
5.197907e+03	-3.271400e+04
5.198288e+03	8.224000e+03
5.198669e+03	6.200000e+01
5.199051e+03	-2.040900e+04
5.199432e+03	1.235900e+04
5.199814e+03	1.235700e+04
5.200195e+03	-2.041600e+04
5.200577e+03	-3.272500e+04
5.200958e+03	1.644400e+04
5.201340e+03	2.054300e+04
5.201721e+03	5.500000e+01
5.202103e+03	1.234800e+04
5.202484e+03	-1.223100e+04
5.202866e+03	-8.161000e+03
5.203247e+03	1.234900e+04
5.203629e+03	-3.270100e+04
5.204010e+03	2.873900e+04
5.204391e+03	1.644800e+04
5.204773e+03	-8.131000e+03
5.205154e+03	-2.042200e+04
5.205536e+03	-8.150000e+03
5.205917e+03	2.054400e+04
5.206299e+03	4.166000e+03
5.206680e+03	-4.036000e+03
5.207062e+03	1.233500e+04
5.207443e+03	2.054300e+04
5.207825e+03	-2.861800e+04
5.208206e+03	5.000000e+01
5.208588e+03	-2.451500e+04
5.208969e+03	-8.150000e+03
5.209351e+03	1.644700e+04
5.209732e+03	-2.040800e+04
5.210114e+03	-1.631300e+04
5.210495e+03	2.055200e+04
5.210876e+03	-1.221300e+04
5.211258e+03	8.266000e+03
5.211639e+03	-8.129000e+03
5.212021e+03	2.872400e+04
5.212402e+03	2.462000e+04
5.212784e+03	-2.454100e+04
5.213165e+03	4.142000e+03
5.213547e+03	2.053000e+04
5.213928e+03	4.148000e+03
5.214310e+03	1.641300e+04
5.214691e+03	-3.271200e+04
5.215073e+03	2.874100e+04
5.215454e+03	8.263000e+03
5.215836e+03	-2.860200e+04
5.216217e+03	4.164000e+03
5.216599e+03	-2.861500e+04
5.216980e+03	8.240000e+03
5.217361e+03	-2.452900e+04
5.217743e+03	-1.632900e+04
5.218124e+03	-2.450700e+04
5.218506e+03	2.055500e+04
5.218887e+03	2.874700e+04
5.219269e+03	-3.269600e+04
5.219650e+03	8.256000e+03
5.220032e+03	-2.862000e+04
5.220413e+03	2.052900e+04
5.220795e+03	-2.861800e+04
5.221176e+03	2.463100e+04
5.221558e+03	1.641000e+04
5.221939e+03	5.900000e+01
5.222321e+03	-1.632000e+04
5.222702e+03	-1.632500e+04
5.223084e+03	4.145000e+03
5.223465e+03	-3.271500e+04
5.223846e+03	-2.452300e+04
5.224228e+03	-8.133000e+03
5.224609e+03	-3.270200e+04
5.224991e+03	1.645200e+04
5.225372e+03	-1.222300e+04
5.225754e+03	-1.632700e+04
5.226135e+03	2.461900e+04
5.226517e+03	2.462100e+04
5.226898e+03	-2.043000e+04
5.227280e+03	-2.861800e+04
5.227661e+03	1.234200e+04
5.228043e+03	8.236000e+03
5.228424e+03	-2.044100e+04
5.228806e+03	2.052700e+04
5.229187e+03	2.053000e+04
5.229568e+03	2.872600e+04
5.229950e+03	-1.223100e+04
5.230331e+03	2.462800e+04
5.230713e+03	1.232700e+04
5.231094e+03	-3.273000e+04
5.231476e+03	-2.042900e+04
5.231857e+03	6.200000e+01
5.232239e+03	2.464400e+04
5.232620e+03	-8.124000e+03
5.233002e+03	2.873500e+04
5.233383e+03	-1.224100e+04
5.233765e+03	2.872900e+04
5.234146e+03	2.464000e+04
5.234528e+03	2.463800e+04
5.234909e+03	2.873100e+04
5.235291e+03	-1.633100e+04
5.235672e+03	-1.634600e+04
5.236053e+03	4.147000e+03
5.236435e+03	-4.034000e+03
5.236816e+03	2.054500e+04
5.237198e+03	-2.451900e+04
5.237579e+03	2.460900e+04
5.237961e+03	4.139000e+03
5.238342e+03	-1.634700e+04
5.238724e+03	4.141000e+03
5.239105e+03	-1.224300e+04
5.239487e+03	-2.863600e+04
5.239868e+03	2.052200e+04
5.240250e+03	8.237000e+03
5.240631e+03	-4.035000e+03
5.241013e+03	-4.027000e+03
5.241394e+03	2.464700e+04
5.241776e+03	-1.631900e+04
5.242157e+03	-1.223200e+04
5.242538e+03	-8.150000e+03
5.242920e+03	8.225000e+03
5.243301e+03	8.229000e+03
5.243683e+03	2.462100e+04
5.244064e+03	8.247000e+03
5.244446e+03	-1.222600e+04
5.244827e+03	8.257000e+03
5.245209e+03	-1.223200e+04
5.245590e+03	2.869300e+04
5.245972e+03	-4.047000e+03
5.246353e+03	-1.633400e+04
5.246735e+03	6.100000e+01
5.247116e+03	-2.041400e+04
5.247498e+03	8.256000e+03
5.247879e+03	-2.860900e+04
5.248261e+03	-4.028000e+03
5.248642e+03	2.464400e+04
5.249023e+03	1.234800e+04
5.249405e+03	-1.224500e+04
5.249786e+03	-1.223500e+04
5.250168e+03	1.234900e+04
5.250549e+03	-8.126000e+03
5.250931e+03	-8.127000e+03
5.251312e+03	2.872400e+04
5.251694e+03	1.642000e+04
5.252075e+03	-8.137000e+03
5.252457e+03	-1.632700e+04
5.252838e+03	1.234700e+04
5.253220e+03	-1.222500e+04
5.253601e+03	-1.222300e+04
5.253983e+03	-2.041700e+04
5.254364e+03	2.463200e+04
5.254745e+03	2.054000e+04
5.255127e+03	-2.861600e+04
5.255508e+03	1.644300e+04
5.255890e+03	4.165000e+03
5.256271e+03	4.166000e+03
5.256653e+03	2.873900e+04
5.257034e+03	8.255000e+03
5.257416e+03	-2.043100e+04
5.257797e+03	-4.039000e+03
5.258179e+03	4.156000e+03
5.258560e+03	8.225000e+03
5.258942e+03	-3.271500e+04
5.259323e+03	8.248000e+03
5.259705e+03	-4.036000e+03
5.260086e+03	6.300000e+01
5.260468e+03	8.245000e+03
5.260849e+03	-2.043300e+04
5.261230e+03	-8.134000e+03
5.261612e+03	2.053500e+04
5.261993e+03	1.644900e+04
5.262375e+03	-4.026000e+03
5.262756e+03	2.054800e+04
5.263138e+03	5.900000e+01
5.263519e+03	2.462500e+04
5.263901e+03	-8.141000e+03
5.264282e+03	1.644700e+04
5.264664e+03	2.464600e+04
5.265045e+03	6.800000e+01
5.265427e+03	-3.270600e+04
5.265808e+03	-4.022000e+03
5.266190e+03	-1.220800e+04
5.266571e+03	-1.630800e+04
5.266953e+03	8.255000e+03
5.267334e+03	5.000000e+01
5.267715e+03	2.053200e+04
5.268097e+03	-2.452000e+04
5.268478e+03	2.464400e+04
5.268860e+03	1.235600e+04
5.269241e+03	1.644300e+04
5.269623e+03	-2.452400e+04
5.270004e+03	2.464000e+04
5.270386e+03	-4.031000e+03
5.270767e+03	-1.222900e+04
5.271149e+03	5.700000e+01
5.271530e+03	2.054500e+04
5.271912e+03	6.100000e+01
5.272293e+03	2.872800e+04
5.272675e+03	-2.450600e+04
5.273056e+03	8.264000e+03
5.273438e+03	2.054100e+04
5.273819e+03	-2.453600e+04
5.274200e+03	-2.860800e+04
5.274582e+03	-2.041600e+04
5.274963e+03	-4.036000e+03
5.275345e+03	1.234800e+04
5.275726e+03	4.161000e+03
5.276108e+03	2.873600e+04
5.276489e+03	-2.042500e+04
5.276871e+03	-4.051000e+03
5.277252e+03	-8.136000e+03
5.277634e+03	-3.270500e+04
5.278015e+03	-3.270900e+04
5.278397e+03	4.154000e+03
5.278778e+03	-2.860600e+04
5.279160e+03	-1.222500e+04
5.279541e+03	2.462300e+04
5.279922e+03	2.054000e+04
5.280304e+03	-2.042600e+04
5.280685e+03	-2.861500e+04
5.281067e+03	4.163000e+03
5.281448e+03	4.159000e+03
5.281830e+03	1.235200e+04
5.282211e+03	-2.860300e+04
5.282593e+03	-1.222100e+04
5.282974e+03	-3.270900e+04
5.283356e+03	1.643800e+04
5.283737e+03	2.872100e+04
5.284119e+03	-2.861600e+04
5.284500e+03	-3.271300e+04
5.284882e+03	2.462600e+04
5.285263e+03	1.233200e+04
5.285645e+03	1.233800e+04
5.286026e+03	-3.271400e+04
5.286407e+03	-1.634400e+04
5.286789e+03	1.233700e+04
5.287170e+03	-1.223400e+04
5.287552e+03	8.223000e+03
5.287933e+03	1.643500e+04
5.288315e+03	2.053600e+04
5.288696e+03	1.642900e+04
5.289078e+03	-1.225800e+04
5.289459e+03	1.644100e+04
5.289841e+03	2.873900e+04
5.290222e+03	-2.450800e+04
5.290604e+03	4.153000e+03
5.290985e+03	-3.271700e+04
5.291367e+03	4.162000e+03
5.291748e+03	4.160000e+03
5.292130e+03	-2.043400e+04
5.292511e+03	-8.137000e+03
5.292892e+03	2.463900e+04
5.293274e+03	8.247000e+03
5.293655e+03	-2.454300e+04
5.294037e+03	4.158000e+03
5.294418e+03	-2.860700e+04
5.294800e+03	-1.632100e+04
5.295181e+03	-4.040000e+03
5.295563e+03	-2.042400e+04
5.295944e+03	-4.042000e+03
5.296326e+03	2.462000e+04
5.296707e+03	4.137000e+03
5.297089e+03	2.462400e+04
5.297470e+03	-8.159000e+03
5.297852e+03	-4.050000e+03
5.298233e+03	4.153000e+03
5.298615e+03	-2.451900e+04
5.298996e+03	-8.140000e+03
5.299377e+03	2.052800e+04
5.299759e+03	2.462100e+04
5.300140e+03	-2.865400e+04
5.300522e+03	2.871500e+04
5.300903e+03	8.234000e+03
5.301285e+03	-2.042700e+04
5.301666e+03	-4.030000e+03
5.302048e+03	1.645200e+04
5.302429e+03	-2.042300e+04
5.302811e+03	-1.225400e+04
5.303192e+03	8.240000e+03
5.303574e+03	-1.224200e+04
5.303955e+03	1.643400e+04
5.304337e+03	-1.633000e+04
5.304718e+03	-2.860100e+04
5.305099e+03	-4.020000e+03
5.305481e+03	-2.450200e+04
5.305862e+03	-2.041600e+04
5.306244e+03	-1.632000e+04
5.306625e+03	2.464600e+04
5.307007e+03	-4.027000e+03
5.307388e+03	2.054000e+04
5.307770e+03	4.146000e+03
5.308151e+03	-8.126000e+03
5.308533e+03	2.055100e+04
5.308914e+03	4.162000e+03
5.309296e+03	-8.169000e+03
5.309677e+03	2.873600e+04
5.310059e+03	-2.860300e+04
5.310440e+03	6.200000e+01
5.310822e+03	1.643500e+04
5.311203e+03	-2.042100e+04
5.311584e+03	1.234800e+04
5.311966e+03	2.463600e+04
5.312347e+03	1.644300e+04
5.312729e+03	1.235400e+04
5.313110e+03	4.167000e+03
5.313492e+03	4.168000e+03
5.313873e+03	-2.860100e+04
5.314255e+03	1.235800e+04
5.314636e+03	2.463900e+04
5.315018e+03	-3.272300e+04
5.315399e+03	-1.224600e+04
5.315781e+03	1.641000e+04
5.316162e+03	1.234900e+04
5.316544e+03	-8.126000e+03
5.316925e+03	2.872900e+04
5.317307e+03	-1.223400e+04
5.317688e+03	1.645000e+04
5.318069e+03	4.158000e+03
5.318451e+03	-2.042800e+04
5.318832e+03	4.147000e+03
5.319214e+03	2.052300e+04
5.319595e+03	-2.860600e+04
5.319977e+03	-1.631600e+04
5.320358e+03	-2.860300e+04
5.320740e+03	4.172000e+03
5.321121e+03	-1.221400e+04
5.321503e+03	8.254000e+03
5.321884e+03	2.464600e+04
5.322266e+03	-3.269400e+04
5.322647e+03	-1.221900e+04
5.323029e+03	4.160000e+03
5.323410e+03	4.161000e+03
5.323792e+03	-2.041400e+04
5.324173e+03	4.153000e+03
5.324554e+03	2.463000e+04
5.324936e+03	2.873800e+04
5.325317e+03	1.234600e+04
5.325699e+03	1.644600e+04
5.326080e+03	-8.122000e+03
5.326462e+03	-4.032000e+03
5.326843e+03	-1.633400e+04
5.327225e+03	1.234300e+04
5.327606e+03	1.232900e+04
5.327988e+03	-3.270100e+04
5.328369e+03	-3.270100e+04
5.328751e+03	-1.223200e+04
5.329132e+03	2.874100e+04
5.329514e+03	-8.124000e+03
5.329895e+03	-1.633600e+04
5.330276e+03	4.149000e+03
5.330658e+03	2.872000e+04
5.331039e+03	-2.453000e+04
5.331421e+03	5.900000e+01
5.331802e+03	4.148000e+03
5.332184e+03	-2.451400e+04
5.332565e+03	2.464100e+04
5.332947e+03	-3.271800e+04
5.333328e+03	2.872900e+04
5.333710e+03	8.262000e+03
5.334091e+03	-3.269800e+04
5.334473e+03	-1.222700e+04
5.334854e+03	-2.044900e+04
5.335236e+03	-2.453900e+04
5.335617e+03	-2.863100e+04
5.335999e+03	-1.223800e+04
5.336380e+03	-4.052000e+03
5.336761e+03	-2.861900e+04
5.337143e+03	6.100000e+01
5.337524e+03	-4.037000e+03
5.337906e+03	1.235100e+04
5.338287e+03	-2.860700e+04
5.338669e+03	1.644300e+04
5.339050e+03	1.642700e+04
5.339432e+03	2.052500e+04
5.339813e+03	4.146000e+03
5.340195e+03	-1.222600e+04
5.340576e+03	8.258000e+03
5.340958e+03	1.234700e+04
5.341339e+03	-3.270500e+04
5.341721e+03	-8.123000e+03
5.342102e+03	-2.451000e+04
5.342484e+03	-2.043000e+04
5.342865e+03	4.135000e+03
5.343246e+03	2.873100e+04
5.343628e+03	-2.860400e+04
5.344009e+03	7.000000e+01
5.344391e+03	2.054100e+04
5.344772e+03	2.459600e+04
5.345154e+03	-1.633500e+04
5.345535e+03	1.233000e+04
5.345917e+03	1.639900e+04
5.346298e+03	2.462100e+04
5.346680e+03	-1.632900e+04
5.347061e+03	1.643700e+04
5.347443e+03	2.460600e+04
5.347824e+03	-8.133000e+03
5.348206e+03	-2.041700e+04
5.348587e+03	-4.040000e+03
5.348969e+03	4.400000e+01
5.349350e+03	-2.863300e+04
5.349731e+03	1.642500e+04
5.350113e+03	1.644100e+04
5.350494e+03	-1.631600e+04
5.350876e+03	-4.025000e+03
5.351257e+03	-4.030000e+03
5.351639e+03	4.152000e+03
5.352020e+03	-2.042100e+04
5.352402e+03	-8.130000e+03
5.352783e+03	4.163000e+03
5.353165e+03	-2.860800e+04
5.353546e+03	-3.272300e+04
5.353928e+03	1.644800e+04
5.354309e+03	-8.121000e+03
5.354691e+03	-1.631300e+04
5.355072e+03	2.054300e+04
5.355453e+03	-8.171000e+03
5.355835e+03	-2.042600e+04
5.356216e+03	-1.633300e+04
5.356598e+03	-1.632400e+04
5.356979e+03	-1.631900e+04
5.357361e+03	2.053000e+04
5.357742e+03	1.644600e+04
5.358124e+03	2.055100e+04
5.358505e+03	-8.130000e+03
5.358887e+03	8.246000e+03
5.359268e+03	1.235700e+04
5.359650e+03	4.160000e+03
5.360031e+03	-2.045300e+04
5.360413e+03	-1.632300e+04
5.360794e+03	1.235300e+04
5.361176e+03	-4.029000e+03
5.361557e+03	-3.269700e+04
5.361938e+03	4.167000e+03
5.362320e+03	8.251000e+03
5.362701e+03	-2.861800e+04
5.363083e+03	-1.222600e+04
5.363464e+03	-2.452300e+04
5.363846e+03	5.100000e+01
5.364227e+03	6.200000e+01
5.364609e+03	2.872600e+04
5.364990e+03	8.251000e+03
5.365372e+03	6.900000e+01
5.365753e+03	4.166000e+03
5.366135e+03	2.464200e+04
5.366516e+03	-2.861300e+04
5.366898e+03	8.238000e+03
5.367279e+03	-2.043400e+04
5.367661e+03	-2.451200e+04
5.368042e+03	-2.860400e+04
5.368423e+03	-3.270400e+04
5.368805e+03	-1.223200e+04
5.369186e+03	2.053500e+04
5.369568e+03	-2.861100e+04
5.369949e+03	1.644500e+04
5.370331e+03	-2.452400e+04
5.370712e+03	8.259000e+03
5.371094e+03	1.645400e+04
5.371475e+03	1.644600e+04
5.371857e+03	-2.043900e+04
5.372238e+03	2.872200e+04
5.372620e+03	5.300000e+01
5.373001e+03	5.300000e+01
5.373383e+03	-4.047000e+03
5.373764e+03	4.162000e+03
5.374146e+03	4.165000e+03
5.374527e+03	-8.135000e+03
5.374908e+03	8.242000e+03
5.375290e+03	6.300000e+01
5.375671e+03	2.872900e+04
5.376053e+03	4.152000e+03
5.376434e+03	1.234300e+04
5.376816e+03	2.869900e+04
5.377197e+03	-1.633300e+04
5.377579e+03	4.157000e+03
5.377960e+03	-1.631900e+04
5.378342e+03	-8.128000e+03
5.378723e+03	1.643800e+04
5.379105e+03	-1.634600e+04
5.379486e+03	4.162000e+03
5.379868e+03	2.055200e+04
5.380249e+03	1.235700e+04
5.380630e+03	-3.270700e+04
5.381012e+03	-2.041500e+04
5.381393e+03	-2.451300e+04
5.381775e+03	-2.042000e+04
5.382156e+03	-2.860700e+04
5.382538e+03	2.463300e+04
5.382919e+03	2.461300e+04
5.383301e+03	-8.141000e+03
5.383682e+03	4.148000e+03
5.384064e+03	-8.133000e+03
5.384445e+03	-1.224200e+04
5.384827e+03	2.463500e+04
5.385208e+03	-2.041000e+04
5.385590e+03	8.258000e+03
5.385971e+03	-1.633100e+04
5.386353e+03	5.300000e+01
5.386734e+03	-1.226000e+04
5.387115e+03	6.300000e+01
5.387497e+03	2.054700e+04
5.387878e+03	-1.222800e+04
5.388260e+03	-4.044000e+03
5.388641e+03	-2.452000e+04
5.389023e+03	-2.042500e+04
5.389404e+03	2.052300e+04
5.389786e+03	-2.862300e+04
5.390167e+03	1.234900e+04
5.390549e+03	-3.270500e+04
5.390930e+03	8.254000e+03
5.391312e+03	1.235000e+04
5.391693e+03	8.248000e+03
5.392075e+03	-2.453600e+04
5.392456e+03	-2.862000e+04
5.392838e+03	6.400000e+01
5.393219e+03	2.873600e+04
5.393600e+03	5.000000e+01
5.393982e+03	1.234300e+04
5.394363e+03	8.256000e+03
5.394745e+03	-1.632400e+04
5.395126e+03	4.161000e+03
5.395508e+03	2.873700e+04
5.395889e+03	-8.134000e+03
5.396271e+03	2.874100e+04
5.396652e+03	-4.025000e+03
5.397034e+03	-8.130000e+03
5.397415e+03	-8.162000e+03
5.397797e+03	3.800000e+01
5.398178e+03	-4.046000e+03
5.398560e+03	-2.451400e+04
5.398941e+03	-3.271000e+04
5.399323e+03	-2.862200e+04
5.399704e+03	-1.222100e+04
5.400085e+03	-2.451100e+04
5.400467e+03	-2.452400e+04
5.400848e+03	5.700000e+01
5.401230e+03	-8.146000e+03
5.401611e+03	8.259000e+03
5.401993e+03	-8.112000e+03
5.402374e+03	-2.858800e+04
5.402756e+03	2.465700e+04
5.403137e+03	2.464500e+04
5.403519e+03	2.872300e+04
5.403900e+03	6.200000e+01
5.404282e+03	-1.223300e+04
5.404663e+03	8.235000e+03
5.405045e+03	-2.863500e+04
5.405426e+03	-1.635900e+04
5.405808e+03	2.871300e+04
5.406189e+03	2.463300e+04
5.406570e+03	-8.134000e+03
5.406952e+03	-2.861400e+04
5.407333e+03	-2.452400e+04
5.407715e+03	1.234500e+04
5.408096e+03	-2.041700e+04
5.408478e+03	-4.035000e+03
5.408859e+03	-2.043600e+04
5.409241e+03	-2.860900e+04
5.409622e+03	2.874200e+04
5.410004e+03	-1.222300e+04
5.410385e+03	8.236000e+03
5.410767e+03	-3.272100e+04
5.411148e+03	-1.223600e+04
5.411530e+03	-4.046000e+03
5.411911e+03	-1.633100e+04
5.412292e+03	2.054500e+04
5.412674e+03	-3.269600e+04
5.413055e+03	8.261000e+03
5.413437e+03	1.644500e+04
5.413818e+03	2.464300e+04
5.414200e+03	-1.222400e+04
5.414581e+03	2.052500e+04
5.414963e+03	4.160000e+03
5.415344e+03	2.873100e+04
5.415726e+03	-2.862800e+04
5.416107e+03	6.700000e+01
5.416489e+03	2.873600e+04
5.416870e+03	2.871100e+04
5.417252e+03	-2.041400e+04
5.417633e+03	-8.124000e+03
5.418015e+03	-4.039000e+03
5.418396e+03	4.600000e+01
5.418777e+03	-4.035000e+03
5.419159e+03	4.159000e+03
5.419540e+03	-1.223400e+04
5.419922e+03	-1.223800e+04
5.420303e+03	-2.042600e+04
5.420685e+03	4.147000e+03
5.421066e+03	-1.633300e+04
5.421448e+03	5.600000e+01
5.421829e+03	-8.131000e+03
5.422211e+03	2.463600e+04
5.422592e+03	1.640900e+04
5.422974e+03	2.053600e+04
5.423355e+03	4.160000e+03
5.423737e+03	-3.270900e+04
5.424118e+03	-2.042900e+04
5.424500e+03	1.234300e+04
5.424881e+03	6.000000e+01
5.425262e+03	-2.042000e+04
5.425644e+03	-1.632000e+04
5.426025e+03	1.235600e+04
5.426407e+03	-3.270300e+04
5.426788e+03	4.143000e+03
5.427170e+03	-1.222200e+04
5.427551e+03	-8.118000e+03
5.427933e+03	-8.118000e+03
5.428314e+03	-2.859900e+04
5.428696e+03	4.168000e+03
5.429077e+03	-2.860800e+04
5.429459e+03	1.644200e+04
5.429840e+03	1.645700e+04
5.430222e+03	-8.117000e+03
5.430603e+03	-4.025000e+03
5.430985e+03	2.463900e+04
5.431366e+03	2.872900e+04
5.431747e+03	2.872600e+04
5.432129e+03	-2.043400e+04
5.432510e+03	-2.451500e+04
5.432892e+03	-8.127000e+03
5.433273e+03	1.235100e+04
5.433655e+03	-1.632700e+04
5.434036e+03	-2.451500e+04
5.434418e+03	2.463800e+04
5.434799e+03	-2.041800e+04
5.435181e+03	2.463200e+04
5.435562e+03	1.234400e+04
5.435944e+03	6.000000e+01
5.436325e+03	2.463800e+04
5.436707e+03	-3.270200e+04
5.437088e+03	1.644700e+04
5.437469e+03	2.052900e+04
5.437851e+03	1.234300e+04
5.438232e+03	-2.861800e+04
5.438614e+03	5.500000e+01
5.438995e+03	-3.270800e+04
5.439377e+03	-8.126000e+03
5.439758e+03	-8.123000e+03
5.440140e+03	8.254000e+03
5.440521e+03	2.052700e+04
5.440903e+03	4.163000e+03
5.441284e+03	8.257000e+03
5.441666e+03	5.800000e+01
5.442047e+03	1.234700e+04
5.442429e+03	2.870800e+04
5.442810e+03	2.463700e+04
5.443192e+03	4.163000e+03
5.443573e+03	-8.140000e+03
5.443954e+03	4.700000e+01
5.444336e+03	-2.451500e+04
5.444717e+03	-4.035000e+03
5.445099e+03	4.157000e+03
5.445480e+03	4.155000e+03
5.445862e+03	8.248000e+03
5.446243e+03	1.644000e+04
5.446625e+03	2.463500e+04
5.447006e+03	8.245000e+03
5.447388e+03	-2.451800e+04
5.447769e+03	6.600000e+01
5.448151e+03	2.873400e+04
5.448532e+03	-3.271400e+04
5.448914e+03	-4.048000e+03
5.449295e+03	1.235900e+04
5.449677e+03	-3.268300e+04
5.450058e+03	-4.007000e+03
5.450439e+03	1.237600e+04
5.450821e+03	2.465500e+04
5.451202e+03	-2.861400e+04
5.451584e+03	1.643800e+04
5.451965e+03	-2.041800e+04
5.452347e+03	1.643700e+04
5.452728e+03	-2.042700e+04
5.453110e+03	6.500000e+01
5.453491e+03	1.644400e+04
5.453873e+03	2.460600e+04
5.454254e+03	8.254000e+03
5.454636e+03	-2.042000e+04
5.455017e+03	1.644200e+04
5.455399e+03	-2.452100e+04
5.455780e+03	2.873300e+04
5.456162e+03	-2.041700e+04
5.456543e+03	2.872700e+04
5.456924e+03	2.872500e+04
5.457306e+03	-2.451200e+04
5.457687e+03	1.235200e+04
5.458069e+03	1.643900e+04
5.458450e+03	-4.050000e+03
5.458832e+03	2.872000e+04
5.459213e+03	-2.451600e+04
5.459595e+03	-8.126000e+03
5.459976e+03	-4.033000e+03
5.460358e+03	4.148000e+03
5.460739e+03	2.463700e+04
5.461121e+03	-4.032000e+03
5.461502e+03	-2.450900e+04
5.461884e+03	2.874600e+04
5.462265e+03	7.300000e+01
5.462646e+03	8.249000e+03
5.463028e+03	-1.633300e+04
5.463409e+03	1.235100e+04
5.463791e+03	-2.861400e+04
5.464172e+03	-8.134000e+03
5.464554e+03	2.463200e+04
5.464935e+03	4.143000e+03
5.465317e+03	-3.272400e+04
5.465698e+03	-3.271500e+04
5.466080e+03	-8.135000e+03
5.466461e+03	-2.862000e+04
5.466843e+03	-8.152000e+03
5.467224e+03	-2.453600e+04
5.467606e+03	1.234100e+04
5.467987e+03	4.154000e+03
5.468369e+03	-4.038000e+03
5.468750e+03	1.234300e+04
5.469131e+03	-4.048000e+03
5.469513e+03	2.462800e+04
5.469894e+03	-8.130000e+03
5.470276e+03	-2.860700e+04
5.470657e+03	6.900000e+01
5.471039e+03	-4.025000e+03
5.471420e+03	2.464000e+04
5.471802e+03	-4.043000e+03
5.472183e+03	-4.032000e+03
5.472565e+03	-8.137000e+03
5.472946e+03	-1.223300e+04
5.473328e+03	-2.860400e+04
5.473709e+03	6.600000e+01
5.474091e+03	-8.144000e+03
5.474472e+03	4.148000e+03
5.474854e+03	2.463700e+04
5.475235e+03	4.162000e+03
5.475616e+03	-2.041000e+04
5.475998e+03	2.874500e+04
5.476379e+03	2.874400e+04
5.476761e+03	-2.451000e+04
5.477142e+03	2.462500e+04
5.477524e+03	-1.632700e+04
5.477905e+03	-2.451300e+04
5.478287e+03	4.148000e+03
5.478668e+03	-1.223400e+04
5.479050e+03	-2.451600e+04
5.479431e+03	8.204000e+03
5.479813e+03	-1.222300e+04
5.480194e+03	2.464300e+04
5.480576e+03	8.236000e+03
5.480957e+03	-2.860500e+04
5.481339e+03	1.236100e+04
5.481720e+03	-3.270400e+04
5.482101e+03	8.248000e+03
5.482483e+03	-2.451300e+04
5.482864e+03	-8.129000e+03
5.483246e+03	1.645000e+04
5.483627e+03	-2.042100e+04
5.484009e+03	2.463500e+04
5.484390e+03	-8.125000e+03
5.484772e+03	-1.221900e+04
5.485153e+03	7.000000e+01
5.485535e+03	1.644800e+04
5.485916e+03	-4.046000e+03
5.486298e+03	4.167000e+03
5.486679e+03	1.236200e+04
5.487061e+03	2.873600e+04
5.487442e+03	2.460900e+04
5.487823e+03	-2.861800e+04
5.488205e+03	4.000000e+01
5.488586e+03	-4.042000e+03
5.488968e+03	-1.631800e+04
5.489349e+03	-1.631600e+04
5.489731e+03	-2.042300e+04
5.490112e+03	-8.136000e+03
5.490494e+03	1.235800e+04
5.490875e+03	-2.860700e+04
5.491257e+03	-1.635900e+04
5.491638e+03	5.800000e+01
5.492020e+03	-2.453700e+04
5.492401e+03	2.873100e+04
5.492783e+03	-2.041700e+04
5.493164e+03	1.643500e+04
5.493546e+03	8.260000e+03
5.493927e+03	-2.450600e+04
5.494308e+03	-1.632900e+04
5.494690e+03	8.235000e+03
5.495071e+03	2.872200e+04
5.495453e+03	1.645300e+04
5.495834e+03	-4.026000e+03
5.496216e+03	4.173000e+03
5.496597e+03	4.176000e+03
5.496979e+03	-1.221500e+04
5.497360e+03	-1.629100e+04
5.497742e+03	-1.628200e+04
5.498123e+03	-2.037700e+04
5.498505e+03	-4.001000e+03
5.498886e+03	-8.123000e+03
5.499268e+03	-1.631200e+04
5.499649e+03	1.235300e+04
5.500031e+03	-1.221800e+04
5.500412e+03	-2.040400e+04
5.500793e+03	-2.861700e+04
5.501175e+03	1.235700e+04
5.501556e+03	-3.269500e+04
5.501938e+03	6.800000e+01
5.502319e+03	2.054700e+04
5.502701e+03	2.464100e+04
5.503082e+03	8.263000e+03
5.503464e+03	8.260000e+03
5.503845e+03	2.051600e+04
5.504227e+03	-2.450700e+04
5.504608e+03	2.874200e+04
5.504990e+03	-2.451600e+04
5.505371e+03	2.463600e+04
5.505753e+03	-1.632300e+04
5.506134e+03	-2.451100e+04
5.506516e+03	4.159000e+03
5.506897e+03	-1.222600e+04
5.507278e+03	2.464400e+04
5.507660e+03	4.162000e+03
5.508041e+03	-2.860800e+04
5.508423e+03	4.164000e+03
5.508804e+03	-2.042000e+04
5.509186e+03	-1.224100e+04
5.509567e+03	-2.453600e+04
5.509949e+03	-8.147000e+03
5.510330e+03	4.151000e+03
5.510712e+03	4.000000e+01
5.511093e+03	1.233600e+04
5.511475e+03	-8.139000e+03
5.511856e+03	1.641200e+04
5.512238e+03	-2.863400e+04
5.512619e+03	-8.140000e+03
5.513000e+03	2.874100e+04
5.513382e+03	2.874700e+04
5.513763e+03	2.055200e+04
5.514145e+03	4.152000e+03
5.514526e+03	2.053700e+04
5.514908e+03	-2.451200e+04
5.515289e+03	-3.270400e+04
5.515671e+03	-1.222300e+04
5.516052e+03	-2.042000e+04
5.516434e+03	1.800000e+01
5.516815e+03	2.053600e+04
5.517197e+03	8.249000e+03
5.517578e+03	2.461800e+04
5.517960e+03	-3.271200e+04
5.518341e+03	-3.272500e+04
5.518723e+03	2.463400e+04
5.519104e+03	-3.270100e+04
5.519485e+03	2.873200e+04
5.519867e+03	-2.044700e+04
5.520248e+03	1.643700e+04
5.520630e+03	2.461100e+04
5.521011e+03	1.644000e+04
5.521393e+03	-2.452200e+04
5.521774e+03	4.137000e+03
5.522156e+03	6.300000e+01
5.522537e+03	-4.038000e+03
5.522919e+03	-2.455400e+04
5.523300e+03	-8.142000e+03
5.523682e+03	4.127000e+03
5.524063e+03	-1.632200e+04
5.524445e+03	-1.631700e+04
5.524826e+03	-1.222900e+04
5.525208e+03	-2.454900e+04
5.525589e+03	-4.058000e+03
5.525970e+03	2.872200e+04
5.526352e+03	1.234800e+04
5.526733e+03	5.900000e+01
5.527115e+03	-2.862300e+04
5.527496e+03	-4.048000e+03
5.527878e+03	1.643800e+04
5.528259e+03	-2.452400e+04
5.528641e+03	1.234300e+04
5.529022e+03	8.254000e+03
5.529404e+03	1.644900e+04
5.529785e+03	4.161000e+03
5.530167e+03	1.644600e+04
5.530548e+03	-8.134000e+03
5.530930e+03	2.053500e+04
5.531311e+03	-8.137000e+03
5.531693e+03	-2.862100e+04
5.532074e+03	-4.038000e+03
5.532455e+03	-1.632700e+04
5.532837e+03	-2.863700e+04
5.533218e+03	-2.043400e+04
5.533600e+03	-8.143000e+03
5.533981e+03	1.000000e+00
5.534363e+03	2.872300e+04
5.534744e+03	-2.452100e+04
5.535126e+03	-3.272300e+04
5.535507e+03	2.462500e+04
5.535889e+03	2.873100e+04
5.536270e+03	-1.223100e+04
5.536652e+03	2.873000e+04
5.537033e+03	2.874000e+04
5.537415e+03	-2.041300e+04
5.537796e+03	8.247000e+03
5.538177e+03	1.234200e+04
5.538559e+03	-1.631800e+04
5.538940e+03	7.200000e+01
5.539322e+03	4.170000e+03
5.539703e+03	-1.631200e+04
5.540085e+03	-2.451200e+04
5.540466e+03	-1.225200e+04
5.540848e+03	-2.041200e+04
5.541229e+03	-3.269500e+04
5.541611e+03	2.873800e+04
5.541992e+03	1.643700e+04
5.542374e+03	-1.222900e+04
5.542755e+03	4.147000e+03
5.543137e+03	-1.224900e+04
5.543518e+03	1.643700e+04
5.543900e+03	-4.026000e+03
5.544281e+03	1.645900e+04
5.544662e+03	4.158000e+03
5.545044e+03	-2.450400e+04
5.545425e+03	1.237500e+04
5.545807e+03	-1.629500e+04
5.546188e+03	-2.858900e+04
5.546570e+03	-8.132000e+03
5.546951e+03	4.164000e+03
5.547333e+03	-1.221700e+04
5.547714e+03	6.300000e+01
5.548096e+03	-1.632500e+04
5.548477e+03	2.053700e+04
5.548859e+03	2.872200e+04
5.549240e+03	2.874100e+04
5.549622e+03	-3.269400e+04
5.550003e+03	7.000000e+01
5.550385e+03	1.643500e+04
5.550766e+03	-4.045000e+03
5.551147e+03	2.873400e+04
5.551529e+03	-2.042200e+04
5.551910e+03	2.053000e+04
5.552292e+03	5.600000e+01
5.552673e+03	-3.271000e+04
5.553055e+03	2.873400e+04
5.553436e+03	-1.632100e+04
5.553818e+03	-2.451100e+04
5.554199e+03	2.464400e+04
5.554581e+03	2.054800e+04
5.554962e+03	2.054300e+04
5.555344e+03	5.900000e+01
5.555725e+03	1.644900e+04
5.556107e+03	4.164000e+03
5.556488e+03	-8.126000e+03
5.556870e+03	-8.128000e+03
5.557251e+03	2.873500e+04
5.557632e+03	4.155000e+03
5.558014e+03	2.462900e+04
5.558395e+03	1.643800e+04
5.558777e+03	-2.042600e+04
5.559158e+03	-1.222700e+04
5.559540e+03	1.645100e+04
5.559921e+03	2.873600e+04
5.560303e+03	2.052600e+04
5.560684e+03	1.233900e+04
5.561066e+03	2.463500e+04
5.561447e+03	-2.860800e+04
5.561829e+03	2.054800e+04
5.562210e+03	1.644600e+04
5.562592e+03	2.053100e+04
5.562973e+03	-8.123000e+03
5.563354e+03	1.235900e+04
5.563736e+03	4.154000e+03
5.564117e+03	-1.633600e+04
5.564499e+03	8.255000e+03
5.564880e+03	5.900000e+01
5.565262e+03	-3.272400e+04
5.565643e+03	2.053300e+04
5.566025e+03	-1.632300e+04
5.566406e+03	8.257000e+03
5.566788e+03	-1.222500e+04
5.567169e+03	-2.452200e+04
5.567551e+03	2.871200e+04
5.567932e+03	1.642300e+04
5.568314e+03	2.053600e+04
5.568695e+03	-4.030000e+03
5.569077e+03	4.164000e+03
5.569458e+03	2.873200e+04
5.569839e+03	1.645100e+04
5.570221e+03	2.464900e+04
5.570602e+03	8.263000e+03
5.570984e+03	8.254000e+03
5.571365e+03	-4.048000e+03
5.571747e+03	-2.452600e+04
5.572128e+03	4.154000e+03
5.572510e+03	-3.270800e+04
5.572891e+03	5.600000e+01
5.573273e+03	-2.862400e+04
5.573654e+03	-1.633400e+04
5.574036e+03	1.232800e+04
5.574417e+03	4.800000e+01
5.574799e+03	4.153000e+03
5.575180e+03	-2.862400e+04
5.575562e+03	1.641500e+04
5.575943e+03	2.052200e+04
5.576324e+03	-8.147000e+03
5.576706e+03	-3.270100e+04
5.577087e+03	2.464900e+04
5.577469e+03	2.874300e+04
5.577850e+03	2.873700e+04
5.578232e+03	-2.860300e+04
5.578613e+03	-8.122000e+03
5.578995e+03	-2.860800e+04
5.579376e+03	2.052100e+04
5.579758e+03	2.053300e+04
5.580139e+03	6.100000e+01
5.580521e+03	-4.031000e+03
5.580902e+03	-4.036000e+03
5.581284e+03	1.231800e+04
5.581665e+03	-8.133000e+03
5.582047e+03	2.053500e+04
5.582428e+03	-3.271000e+04
5.582809e+03	8.259000e+03
5.583191e+03	2.872900e+04
5.583572e+03	-1.222300e+04
5.583954e+03	-2.040900e+04
5.584335e+03	-8.132000e+03
5.584717e+03	-1.222500e+04
5.585098e+03	-2.450600e+04
5.585480e+03	-2.452100e+04
5.585861e+03	-8.134000e+03
5.586243e+03	-8.125000e+03
5.586624e+03	1.235100e+04
5.587006e+03	-2.451900e+04
5.587387e+03	2.463300e+04
5.587769e+03	-1.221500e+04
5.588150e+03	-4.019000e+03
5.588532e+03	-1.631300e+04
5.588913e+03	-2.451500e+04
5.589294e+03	-1.222500e+04
5.589676e+03	-1.632700e+04
5.590057e+03	-3.270600e+04
5.590439e+03	-1.223500e+04
5.590820e+03	1.643600e+04
5.591202e+03	-2.041900e+04
5.591583e+03	-2.863100e+04
5.591965e+03	2.054800e+04
5.592346e+03	-2.450900e+04
5.592728e+03	-2.860200e+04
5.593109e+03	-4.012000e+03
5.593491e+03	-1.220100e+04
5.593872e+03	-1.630600e+04
5.594254e+03	2.872500e+04
5.594635e+03	-3.269300e+04
5.595016e+03	2.874900e+04
5.595398e+03	4.170000e+03
5.595779e+03	1.235800e+04
5.596161e+03	6.300000e+01
5.596542e+03	-3.272100e+04
5.596924e+03	1.234100e+04
5.597305e+03	1.644300e+04
5.597687e+03	2.872700e+04
5.598068e+03	2.463100e+04
5.598450e+03	2.054700e+04
5.598831e+03	2.873900e+04
5.599213e+03	-1.223200e+04
5.599594e+03	-3.272200e+04
5.599976e+03	2.463100e+04
5.600357e+03	-4.047000e+03
5.600739e+03	8.230000e+03
5.601120e+03	-4.076000e+03
5.601501e+03	4.800000e+01
5.601883e+03	-2.042600e+04
5.602264e+03	4.800000e+01
5.602646e+03	4.149000e+03
5.603027e+03	-4.037000e+03
5.603409e+03	1.235000e+04
5.603790e+03	4.159000e+03
5.604172e+03	-1.632800e+04
5.604553e+03	-1.224100e+04
5.604935e+03	6.300000e+01
5.605316e+03	1.644300e+04
5.605698e+03	4.145000e+03
5.606079e+03	-1.222500e+04
5.606461e+03	2.463800e+04
5.606842e+03	2.871000e+04
5.607224e+03	4.153000e+03
5.607605e+03	5.600000e+01
5.607986e+03	2.872600e+04
5.608368e+03	-1.222400e+04
5.608749e+03	8.257000e+03
5.609131e+03	-1.222900e+04
5.609512e+03	-2.452400e+04
5.609894e+03	-8.141000e+03
5.610275e+03	2.872400e+04
5.610657e+03	-1.224000e+04
5.611038e+03	2.872800e+04
5.611420e+03	-3.270800e+04
5.611801e+03	8.250000e+03
5.612183e+03	2.054000e+04
5.612564e+03	4.156000e+03
5.612946e+03	-4.053000e+03
5.613327e+03	8.241000e+03
5.613709e+03	-8.134000e+03
5.614090e+03	8.247000e+03
5.614471e+03	2.053400e+04
5.614853e+03	-2.451700e+04
5.615234e+03	-3.271100e+04
5.615616e+03	-1.631800e+04
5.615997e+03	8.265000e+03
5.616379e+03	-2.040800e+04
5.616760e+03	-2.041400e+04
5.617142e+03	-1.223500e+04
5.617523e+03	-1.635400e+04
5.617905e+03	-2.043300e+04
5.618286e+03	-3.272600e+04
5.618668e+03	-1.223800e+04
5.619049e+03	1.234500e+04
5.619431e+03	2.053800e+04
5.619812e+03	-2.041800e+04
5.620193e+03	6.100000e+01
5.620575e+03	2.872600e+04
5.620956e+03	8.257000e+03
5.621338e+03	-3.270100e+04
5.621719e+03	-8.131000e+03
5.622101e+03	8.243000e+03
5.622482e+03	8.245000e+03
5.622864e+03	-1.632500e+04
5.623245e+03	2.463500e+04
5.623627e+03	4.153000e+03
5.624008e+03	4.143000e+03
5.624390e+03	-2.042100e+04
5.624771e+03	-1.221700e+04
5.625153e+03	-2.450600e+04
5.625534e+03	-3.271500e+04
5.625916e+03	6.800000e+01
5.626297e+03	-8.121000e+03
5.626678e+03	2.463300e+04
5.627060e+03	6.100000e+01
5.627441e+03	4.167000e+03
5.627823e+03	1.645300e+04
5.628204e+03	8.253000e+03
5.628586e+03	2.873000e+04
5.628967e+03	1.235800e+04
5.629349e+03	-2.040800e+04
5.629730e+03	6.200000e+01
5.630112e+03	-1.224200e+04
5.630493e+03	1.644900e+04
5.630875e+03	1.644200e+04
5.631256e+03	-2.862400e+04
5.631638e+03	8.250000e+03
5.632019e+03	-2.043900e+04
5.632401e+03	5.500000e+01
5.632782e+03	-2.042000e+04
5.633163e+03	2.873000e+04
5.633545e+03	2.464500e+04
5.633926e+03	1.645900e+04
5.634308e+03	-2.859900e+04
5.634689e+03	-8.123000e+03
5.635071e+03	-2.450500e+04
5.635452e+03	-2.040600e+04
5.635834e+03	-8.121000e+03
5.636215e+03	-2.042200e+04
5.636597e+03	-1.632600e+04
5.636978e+03	-3.269700e+04
5.637360e+03	1.236200e+04
5.637741e+03	-2.860200e+04
5.638123e+03	2.053600e+04
5.638504e+03	-1.633000e+04
5.638886e+03	-3.270400e+04
5.639267e+03	-8.131000e+03
5.639648e+03	-1.222700e+04
5.640030e+03	1.644900e+04
5.640411e+03	2.873700e+04
5.640793e+03	2.055100e+04
5.641174e+03	-2.859700e+04
5.641556e+03	7.400000e+01
5.641937e+03	8.261000e+03
5.642319e+03	-2.861200e+04
5.642700e+03	-8.157000e+03
5.643082e+03	1.233300e+04
5.643463e+03	-2.451700e+04
5.643845e+03	-3.269900e+04
5.644226e+03	-1.221900e+04
5.644608e+03	2.463800e+04
5.644989e+03	-1.632800e+04
5.645370e+03	-2.453100e+04
5.645752e+03	-2.042400e+04
5.646133e+03	2.055000e+04
5.646515e+03	2.874100e+04
5.646896e+03	4.157000e+03
5.647278e+03	-1.222600e+04
5.647659e+03	-3.270200e+04
5.648041e+03	2.464200e+04
5.648422e+03	-1.632400e+04
5.648804e+03	-8.145000e+03
5.649185e+03	2.054200e+04
5.649567e+03	-2.041800e+04
5.649948e+03	4.142000e+03
5.650330e+03	2.873000e+04
5.650711e+03	-3.270400e+04
5.651093e+03	-8.128000e+03
5.651474e+03	6.500000e+01
5.651855e+03	2.053900e+04
5.652237e+03	-2.861700e+04
5.652618e+03	1.234700e+04
5.653000e+03	1.234900e+04
5.653381e+03	2.873500e+04
5.653763e+03	-2.452100e+04
5.654144e+03	-1.633500e+04
5.654526e+03	-1.631900e+04
5.654907e+03	-2.041300e+04
5.655289e+03	-1.222400e+04
5.655670e+03	-4.033000e+03
5.656052e+03	2.054100e+04
5.656433e+03	1.235000e+04
5.656815e+03	8.253000e+03
5.657196e+03	2.463200e+04
5.657578e+03	2.463000e+04
5.657959e+03	8.247000e+03
5.658340e+03	2.462300e+04
5.658722e+03	4.800000e+01
5.659103e+03	8.249000e+03
5.659485e+03	2.054200e+04
5.659866e+03	-1.632500e+04
5.660248e+03	2.872000e+04
5.660629e+03	2.871100e+04
5.661011e+03	-2.861700e+04
5.661392e+03	1.235000e+04
5.661774e+03	8.257000e+03
5.662155e+03	-2.861100e+04
5.662537e+03	8.241000e+03
5.662918e+03	-2.452300e+04
5.663300e+03	-4.042000e+03
5.663681e+03	-3.272200e+04
5.664063e+03	4.100000e+01
5.664444e+03	2.871000e+04
5.664825e+03	1.643300e+04
5.665207e+03	2.872100e+04
5.665588e+03	-2.861800e+04
5.665970e+03	-8.136000e+03
5.666351e+03	-2.862200e+04
5.666733e+03	8.258000e+03
5.667114e+03	8.264000e+03
5.667496e+03	-2.860300e+04
5.667877e+03	-1.632700e+04
5.668259e+03	-2.044200e+04
5.668640e+03	-1.223600e+04
5.669022e+03	6.300000e+01
5.669403e+03	2.463900e+04
5.669785e+03	2.700000e+01
5.670166e+03	6.500000e+01
5.670547e+03	1.236200e+04
5.670929e+03	-2.450500e+04
5.671310e+03	-1.222900e+04
5.671692e+03	-2.861500e+04
5.672073e+03	-2.860800e+04
5.672455e+03	-2.041300e+04
5.672836e+03	4.167000e+03
5.673218e+03	-8.119000e+03
5.673599e+03	-3.269600e+04
5.673981e+03	1.235300e+04
5.674362e+03	-8.135000e+03
5.674744e+03	2.874400e+04
5.675125e+03	-1.631000e+04
5.675507e+03	-1.631800e+04
5.675888e+03	-3.272400e+04
5.676270e+03	1.644800e+04
5.676651e+03	8.254000e+03
5.677032e+03	-2.043500e+04
5.677414e+03	3.500000e+01
5.677795e+03	4.143000e+03
5.678177e+03	-8.139000e+03
5.678558e+03	4.135000e+03
5.678940e+03	1.643800e+04
5.679321e+03	-2.451500e+04
5.679703e+03	-4.041000e+03
5.680084e+03	-8.139000e+03
5.680466e+03	8.252000e+03
5.680847e+03	-2.041400e+04
5.681229e+03	2.055400e+04
5.681610e+03	2.055700e+04
5.681992e+03	-2.859900e+04
5.682373e+03	7.000000e+01
5.682755e+03	-1.221800e+04
5.683136e+03	2.464500e+04
5.683517e+03	-1.222500e+04
5.683899e+03	1.234700e+04
5.684280e+03	1.234700e+04
5.684662e+03	-1.223100e+04
5.685043e+03	-1.633100e+04
5.685425e+03	8.245000e+03
5.685806e+03	-3.270400e+04
5.686188e+03	8.261000e+03
5.686569e+03	1.235300e+04
5.686951e+03	4.143000e+03
5.687332e+03	5.400000e+01
5.687714e+03	1.643800e+04
5.688095e+03	1.644800e+04
5.688477e+03	-2.450200e+04
5.688858e+03	-8.115000e+03
5.689240e+03	-2.859700e+04
5.689621e+03	8.259000e+03
5.690002e+03	-4.057000e+03
5.690384e+03	-2.860300e+04
5.690765e+03	-1.631300e+04
5.691147e+03	-2.451900e+04
5.691528e+03	2.054600e+04
5.691910e+03	4.170000e+03
5.692291e+03	8.264000e+03
5.692673e+03	-8.128000e+03
5.693054e+03	4.155000e+03
5.693436e+03	-4.046000e+03
5.693817e+03	2.053100e+04
5.694199e+03	-1.222700e+04
5.694580e+03	6.600000e+01
5.694962e+03	-2.860700e+04
5.695343e+03	-1.632900e+04
5.695724e+03	-8.137000e+03
5.696106e+03	6.000000e+01
5.696487e+03	-3.270400e+04
5.696869e+03	-2.450800e+04
5.697250e+03	-2.860500e+04
5.697632e+03	8.258000e+03
5.698013e+03	-2.860200e+04
5.698395e+03	7.000000e+01
5.698776e+03	-2.451600e+04
5.699158e+03	-2.453100e+04
5.699539e+03	-3.270900e+04
5.699921e+03	-1.223000e+04
5.700302e+03	-3.272300e+04
5.700684e+03	-2.862500e+04
5.701065e+03	-2.452000e+04
5.701447e+03	-4.037000e+03
5.701828e+03	-3.270500e+04
5.702209e+03	2.873200e+04
5.702591e+03	-2.044300e+04
5.702972e+03	-2.862800e+04
5.703354e+03	-4.054000e+03
5.703735e+03	-2.454900e+04
5.704117e+03	4.135000e+03
5.704498e+03	2.462900e+04
5.704880e+03	-1.632300e+04
5.705261e+03	-2.861000e+04
5.705643e+03	2.054100e+04
5.706024e+03	2.463200e+04
5.706406e+03	2.053600e+04
5.706787e+03	2.463300e+04
5.707169e+03	-8.142000e+03
5.707550e+03	1.234400e+04
5.707932e+03	-2.861100e+04
5.708313e+03	5.300000e+01
5.708694e+03	-2.452000e+04
5.709076e+03	-2.861600e+04
5.709457e+03	-2.044800e+04
5.709839e+03	2.463900e+04
5.710220e+03	-2.860600e+04
5.710602e+03	-3.270800e+04
5.710983e+03	-2.860800e+04
5.711365e+03	-2.860700e+04
5.711746e+03	-4.044000e+03
5.712128e+03	-2.045400e+04
5.712509e+03	-2.042800e+04
5.712891e+03	8.258000e+03
5.713272e+03	8.263000e+03
5.713654e+03	-1.631500e+04
5.714035e+03	1.235100e+04
5.714417e+03	-2.043500e+04
5.714798e+03	4.145000e+03
5.715179e+03	8.251000e+03
5.715561e+03	-2.451800e+04
5.715942e+03	-1.633300e+04
5.716324e+03	-1.223400e+04
5.716705e+03	1.234700e+04
5.717087e+03	8.253000e+03
5.717468e+03	-1.633200e+04
5.717850e+03	-1.634400e+04
5.718231e+03	1.644300e+04
5.718613e+03	-2.861100e+04
5.718994e+03	-2.042300e+04
5.719376e+03	4.156000e+03
5.719757e+03	-8.129000e+03
5.720139e+03	2.463700e+04
5.720520e+03	-3.271600e+04
5.720901e+03	-2.043800e+04
5.721283e+03	4.120000e+03
5.721664e+03	2.462900e+04
5.722046e+03	-2.451200e+04
5.722427e+03	-3.270100e+04
5.722809e+03	-4.030000e+03
5.723190e+03	-2.042000e+04
5.723572e+03	-3.272400e+04
5.723953e+03	1.233400e+04
5.724335e+03	-4.040000e+03
5.724716e+03	2.463300e+04
5.725098e+03	2.053100e+04
5.725479e+03	-1.632100e+04
5.725861e+03	-2.860300e+04
5.726242e+03	6.500000e+01
5.726624e+03	-1.633200e+04
5.727005e+03	-1.223100e+04
5.727386e+03	2.463600e+04
5.727768e+03	-1.222300e+04
5.728149e+03	2.874100e+04
5.728531e+03	1.645000e+04
5.728912e+03	-1.222900e+04
5.729294e+03	2.873200e+04
5.729675e+03	2.464400e+04
5.730057e+03	-4.025000e+03
5.730438e+03	-1.221500e+04
5.730820e+03	-4.024000e+03
5.731201e+03	-3.270100e+04
5.731583e+03	-3.271100e+04
5.731964e+03	2.054100e+04
5.732346e+03	-1.632200e+04
5.732727e+03	-2.451400e+04
5.733109e+03	1.644800e+04
5.733490e+03	-2.861400e+04
5.733871e+03	-1.634700e+04
5.734253e+03	-3.272600e+04
5.734634e+03	8.245000e+03
5.735016e+03	1.234900e+04
5.735397e+03	4.157000e+03
5.735779e+03	-1.633800e+04
5.736160e+03	6.500000e+01
5.736542e+03	8.267000e+03
5.736923e+03	1.646100e+04
5.737305e+03	-4.024000e+03
5.737686e+03	-2.451500e+04
5.738068e+03	1.232500e+04
5.738449e+03	2.872100e+04
5.738831e+03	-2.042000e+04
5.739212e+03	-2.450800e+04
5.739594e+03	1.236400e+04
5.739975e+03	-2.859400e+04
5.740356e+03	-1.221400e+04
5.740738e+03	-2.041700e+04
5.741119e+03	2.873300e+04
5.741501e+03	-4.037000e+03
5.741882e+03	4.400000e+01
5.742264e+03	1.231600e+04
5.742645e+03	-2.451900e+04
5.743027e+03	-1.222100e+04
5.743408e+03	-4.029000e+03
5.743790e+03	2.873200e+04
5.744171e+03	2.873700e+04
5.744553e+03	6.600000e+01
5.744934e+03	4.153000e+03
5.745316e+03	1.645500e+04
5.745697e+03	-2.859800e+04
5.746078e+03	4.164000e+03
5.746460e+03	2.052400e+04
5.746841e+03	8.250000e+03
5.747223e+03	-3.271100e+04
5.747604e+03	2.463900e+04
5.747986e+03	1.235400e+04
5.748367e+03	-2.451400e+04
5.748749e+03	-3.271100e+04
5.749130e+03	2.872400e+04
5.749512e+03	-2.861100e+04
5.749893e+03	-2.451000e+04
5.750275e+03	-3.270500e+04
5.750656e+03	-2.042900e+04
5.751038e+03	-2.862200e+04
5.751419e+03	4.149000e+03
5.751801e+03	2.872100e+04
5.752182e+03	-8.152000e+03
5.752563e+03	-1.633300e+04
5.752945e+03	8.247000e+03
5.753326e+03	-3.271800e+04
5.753708e+03	4.147000e+03
5.754089e+03	-2.861800e+04
5.754471e+03	-8.134000e+03
5.754852e+03	2.054400e+04
5.755234e+03	-2.860400e+04
5.755615e+03	-1.221500e+04
5.755997e+03	-8.121000e+03
5.756378e+03	2.463500e+04
5.756760e+03	-1.632500e+04
5.757141e+03	4.162000e+03
5.757523e+03	-1.223000e+04
5.757904e+03	1.233400e+04
5.758286e+03	2.461000e+04
5.758667e+03	4.148000e+03
5.759048e+03	2.463900e+04
5.759430e+03	7.100000e+01
5.759811e+03	-3.269400e+04
5.760193e+03	1.235900e+04
5.760574e+03	2.053600e+04
5.760956e+03	-1.634400e+04
5.761337e+03	-2.862600e+04
5.761719e+03	4.140000e+03
5.762100e+03	5.000000e+01
5.762482e+03	2.873000e+04
5.762863e+03	-3.270300e+04
5.763245e+03	5.900000e+01
5.763626e+03	4.135000e+03
5.764008e+03	2.464000e+04
5.764389e+03	1.235000e+04
5.764771e+03	4.147000e+03
5.765152e+03	-3.270400e+04
5.765533e+03	4.162000e+03
5.765915e+03	-1.632700e+04
5.766296e+03	-4.038000e+03
5.766678e+03	-4.031000e+03
5.767059e+03	-8.136000e+03
5.767441e+03	-1.632700e+04
5.767822e+03	2.874700e+04
5.768204e+03	2.055600e+04
5.768585e+03	2.873700e+04
5.768967e+03	4.157000e+03
5.769348e+03	-8.128000e+03
5.769730e+03	-3.271800e+04
5.770111e+03	2.463600e+04
5.770493e+03	2.464200e+04
5.770874e+03	2.054600e+04
5.771255e+03	-4.031000e+03
5.771637e+03	-8.133000e+03
5.772018e+03	2.871800e+04
5.772400e+03	2.052800e+04
5.772781e+03	8.240000e+03
5.773163e+03	8.244000e+03
5.773544e+03	5.000000e+01
5.773926e+03	-8.134000e+03
5.774307e+03	-3.270600e+04
5.774689e+03	-1.632000e+04
5.775070e+03	-2.860400e+04
5.775452e+03	7.000000e+01
5.775833e+03	8.251000e+03
5.776215e+03	2.872200e+04
5.776596e+03	2.872900e+04
5.776978e+03	1.641700e+04
5.777359e+03	1.645100e+04
5.777740e+03	-4.025000e+03
5.778122e+03	-2.451300e+04
5.778503e+03	-1.225100e+04
5.778885e+03	4.153000e+03
5.779266e+03	-2.861900e+04
5.779648e+03	5.800000e+01
5.780029e+03	1.643900e+04
5.780411e+03	2.054500e+04
5.780792e+03	-2.450500e+04
5.781174e+03	2.464000e+04
5.781555e+03	-2.863400e+04
5.781937e+03	-1.632200e+04
5.782318e+03	2.463500e+04
5.782700e+03	2.873100e+04
5.783081e+03	-4.028000e+03
5.783463e+03	2.464900e+04
5.783844e+03	8.265000e+03
5.784225e+03	2.464800e+04
5.784607e+03	-8.115000e+03
5.784988e+03	-1.630600e+04
5.785370e+03	-8.125000e+03
5.785751e+03	1.643800e+04
5.786133e+03	-3.270200e+04
5.786514e+03	2.872800e+04
5.786896e+03	-2.451200e+04
5.787277e+03	8.260000e+03
5.787659e+03	-2.042400e+04
5.788040e+03	2.052700e+04
5.788422e+03	-8.146000e+03
5.788803e+03	4.131000e+03
5.789185e+03	5.000000e+01
5.789566e+03	-4.059000e+03
5.789948e+03	4.148000e+03
5.790329e+03	-8.139000e+03
5.790710e+03	1.234900e+04
5.791092e+03	2.873700e+04
5.791473e+03	-4.043000e+03
5.791855e+03	-2.861800e+04
5.792236e+03	-3.270600e+04
5.792618e+03	4.147000e+03
5.792999e+03	-2.043500e+04
5.793381e+03	1.644000e+04
5.793762e+03	1.644400e+04
5.794144e+03	4.159000e+03
5.794525e+03	-1.632600e+04
5.794907e+03	8.249000e+03
5.795288e+03	2.872500e+04
5.795670e+03	-2.863200e+04
5.796051e+03	-2.860900e+04
5.796433e+03	8.255000e+03
5.796814e+03	1.234000e+04
5.797195e+03	1.234600e+04
5.797577e+03	2.053800e+04
5.797958e+03	-1.224100e+04
5.798340e+03	2.871800e+04
5.798721e+03	-1.224000e+04
5.799103e+03	2.872100e+04
5.799484e+03	-1.223800e+04
5.799866e+03	-2.451800e+04
5.800247e+03	-3.270900e+04
5.800629e+03	1.233800e+04
5.801010e+03	8.247000e+03
5.801392e+03	-2.860600e+04
5.801773e+03	1.645200e+04
5.802155e+03	-4.035000e+03
5.802536e+03	-2.042300e+04
5.802917e+03	4.155000e+03
5.803299e+03	-1.223800e+04
5.803680e+03	-1.222300e+04
5.804062e+03	-1.631500e+04
5.804443e+03	-8.134000e+03
5.804825e+03	2.052700e+04
5.805206e+03	2.873400e+04
5.805588e+03	-2.042200e+04
5.805969e+03	2.052200e+04
5.806351e+03	8.239000e+03
5.806732e+03	8.253000e+03
5.807114e+03	8.252000e+03
5.807495e+03	4.121000e+03
5.807877e+03	-2.041900e+04
5.808258e+03	4.159000e+03
5.808640e+03	2.053700e+04
5.809021e+03	-1.632400e+04
5.809402e+03	1.643000e+04
5.809784e+03	2.463800e+04
5.810165e+03	8.261000e+03
5.810547e+03	2.463900e+04
5.810928e+03	-3.271400e+04
5.811310e+03	-4.039000e+03
5.811691e+03	-4.052000e+03
5.812073e+03	8.239000e+03
5.812454e+03	-8.148000e+03
5.812836e+03	1.232300e+04
5.813217e+03	-1.225100e+04
5.813599e+03	-1.223600e+04
5.813980e+03	4.163000e+03
5.814362e+03	1.235400e+04
5.814743e+03	-1.223600e+04
5.815125e+03	4.155000e+03
5.815506e+03	2.873700e+04
5.815887e+03	1.235200e+04
5.816269e+03	-2.451600e+04
5.816650e+03	2.872300e+04
5.817032e+03	-2.862100e+04
5.817413e+03	-3.272200e+04
5.817795e+03	-1.225500e+04
5.818176e+03	-4.046000e+03
5.818558e+03	1.643400e+04
5.818939e+03	-2.863700e+04
5.819321e+03	-2.862900e+04
5.819702e+03	4.147000e+03
5.820084e+03	1.643500e+04
5.820465e+03	-2.453500e+04
5.820847e+03	-2.452200e+04
5.821228e+03	2.462700e+04
5.821610e+03	8.247000e+03
5.821991e+03	-1.222800e+04
5.822372e+03	2.872200e+04
5.822754e+03	2.053400e+04
5.823135e+03	-2.041700e+04
5.823517e+03	-3.271100e+04
5.823898e+03	1.643000e+04
5.824280e+03	2.461800e+04
5.824661e+03	-4.042000e+03
5.825043e+03	-2.042400e+04
5.825424e+03	-3.270300e+04
5.825806e+03	-2.450000e+04
5.826187e+03	1.646200e+04
5.826569e+03	2.464200e+04
5.826950e+03	-1.224100e+04
5.827332e+03	-2.042100e+04
5.827713e+03	-8.164000e+03
5.828094e+03	4.160000e+03
5.828476e+03	2.054600e+04
5.828857e+03	-1.632500e+04
5.829239e+03	-2.861000e+04
5.829620e+03	5.800000e+01
5.830002e+03	8.231000e+03
5.830383e+03	8.250000e+03
5.830765e+03	6.800000e+01
5.831146e+03	-2.860200e+04
5.831528e+03	2.054300e+04
5.831909e+03	2.871800e+04
5.832291e+03	4.143000e+03
5.832672e+03	1.234700e+04
5.833054e+03	1.645600e+04
5.833435e+03	-2.041000e+04
5.833817e+03	2.872600e+04
5.834198e+03	-2.860700e+04
5.834579e+03	-2.041500e+04
5.834961e+03	2.873300e+04
5.835342e+03	-8.125000e+03
5.835724e+03	2.873500e+04
5.836105e+03	8.235000e+03
5.836487e+03	-8.126000e+03
5.836868e+03	2.055000e+04
5.837250e+03	2.873600e+04
5.837631e+03	8.240000e+03
5.838013e+03	-3.272300e+04
5.838394e+03	-1.223500e+04
5.838776e+03	-3.271200e+04
5.839157e+03	-2.452000e+04
5.839539e+03	-2.042400e+04
5.839920e+03	-3.271000e+04
5.840302e+03	-2.451900e+04
5.840683e+03	4.160000e+03
5.841064e+03	-1.221700e+04
5.841446e+03	-1.221700e+04
5.841827e+03	8.257000e+03
5.842209e+03	-1.222400e+04
5.842590e+03	2.873100e+04
5.842972e+03	1.644000e+04
5.843353e+03	-1.632000e+04
5.843735e+03	1.234800e+04
5.844116e+03	1.643200e+04
5.844498e+03	2.053400e+04
5.844879e+03	2.052900e+04
5.845261e+03	-1.634200e+04
5.845642e+03	8.254000e+03
5.846024e+03	-3.270300e+04
5.846405e+03	-1.632300e+04
5.846787e+03	1.234400e+04
5.847168e+03	8.256000e+03
5.847549e+03	2.054500e+04
5.847931e+03	4.158000e+03
5.848312e+03	-2.452400e+04
5.848694e+03	2.462200e+04
5.849075e+03	-1.225200e+04
5.849457e+03	8.236000e+03
5.849838e+03	8.250000e+03
5.850220e+03	2.873500e+04
5.850601e+03	4.157000e+03
5.850983e+03	-3.271400e+04
5.851364e+03	-2.042800e+04
5.851746e+03	1.643800e+04
5.852127e+03	2.872600e+04
5.852509e+03	2.872100e+04
5.852890e+03	2.053100e+04
5.853271e+03	-1.223300e+04
5.853653e+03	-8.138000e+03
5.854034e+03	6.000000e+01
5.854416e+03	1.234800e+04
5.854797e+03	-1.633100e+04
5.855179e+03	-2.045600e+04
5.855560e+03	1.643900e+04
5.855942e+03	-2.042100e+04
5.856323e+03	-2.861900e+04
5.856705e+03	2.463900e+04
5.857086e+03	2.054900e+04
5.857468e+03	-2.860800e+04
5.857849e+03	-1.633500e+04
5.858231e+03	-2.860800e+04
5.858612e+03	-3.270100e+04
5.858994e+03	2.873600e+04
5.859375e+03	-1.632500e+04
5.859756e+03	2.873400e+04
5.860138e+03	1.235400e+04
5.860519e+03	7.100000e+01
5.860901e+03	1.235800e+04
5.861282e+03	1.234800e+04
5.861664e+03	2.053000e+04
5.862045e+03	-1.632700e+04
5.862427e+03	4.400000e+01
5.862808e+03	-2.043000e+04
5.863190e+03	2.873300e+04
5.863571e+03	1.234700e+04
5.863953e+03	-8.145000e+03
5.864334e+03	-8.168000e+03
5.864716e+03	-2.861300e+04
5.865097e+03	1.235700e+04
5.865479e+03	4.169000e+03
5.865860e+03	-2.450500e+04
5.866241e+03	-8.133000e+03
5.866623e+03	2.462300e+04
5.867004e+03	-1.222200e+04
5.867386e+03	4.164000e+03
5.867767e+03	-8.133000e+03
5.868149e+03	-1.636500e+04
5.868530e+03	-4.037000e+03
5.868912e+03	8.259000e+03
5.869293e+03	-1.222200e+04
5.869675e+03	-8.132000e+03
5.870056e+03	-1.223800e+04
5.870438e+03	2.054000e+04
5.870819e+03	-1.632000e+04
5.871201e+03	-4.030000e+03
5.871582e+03	4.172000e+03
5.871964e+03	7.300000e+01
5.872345e+03	2.873400e+04
5.872726e+03	-2.859200e+04
5.873108e+03	-8.109000e+03
5.873489e+03	-3.269500e+04
5.873871e+03	-8.131000e+03
5.874252e+03	-8.123000e+03
5.874634e+03	2.463700e+04
5.875015e+03	1.234800e+04
5.875397e+03	-2.043100e+04
5.875778e+03	-2.860900e+04
5.876160e+03	8.265000e+03
5.876541e+03	2.054500e+04
5.876923e+03	-1.223100e+04
5.877304e+03	6.000000e+01
5.877686e+03	4.153000e+03
5.878067e+03	2.874200e+04
5.878448e+03	8.258000e+03
5.878830e+03	-1.632900e+04
5.879211e+03	-1.222100e+04
5.879593e+03	2.463700e+04
5.879974e+03	-2.860300e+04
5.880356e+03	7.100000e+01
5.880737e+03	-3.273800e+04
5.881119e+03	2.874400e+04
5.881500e+03	4.171000e+03
5.881882e+03	1.234400e+04
5.882263e+03	-2.451500e+04
5.882645e+03	-1.632100e+04
5.883026e+03	-1.633600e+04
5.883408e+03	-2.451500e+04
5.883789e+03	-2.452600e+04
5.884171e+03	4.149000e+03
5.884552e+03	2.873600e+04
5.884933e+03	1.235500e+04
5.885315e+03	-2.041200e+04
5.885696e+03	4.158000e+03
5.886078e+03	4.155000e+03
5.886459e+03	-3.270400e+04
5.886841e+03	1.643800e+04
5.887222e+03	8.235000e+03
5.887604e+03	2.462600e+04
5.887985e+03	-2.046000e+04
5.888367e+03	-1.633100e+04
5.888748e+03	1.233200e+04
5.889130e+03	1.234200e+04
5.889511e+03	2.054100e+04
5.889893e+03	-3.271200e+04
5.890274e+03	2.054200e+04
5.890656e+03	6.300000e+01
5.891037e+03	2.872300e+04
5.891418e+03	-1.635600e+04
5.891800e+03	-1.635400e+04
5.892181e+03	-2.863000e+04
5.892563e+03	-3.272100e+04
5.892944e+03	4.144000e+03
5.893326e+03	8.224000e+03
5.893707e+03	8.241000e+03
5.894089e+03	-1.222500e+04
5.894470e+03	8.257000e+03
5.894852e+03	2.464000e+04
5.895233e+03	-4.036000e+03
5.895615e+03	1.233700e+04
5.895996e+03	-2.043400e+04
5.896378e+03	4.143000e+03
5.896759e+03	-2.452000e+04
5.897141e+03	8.255000e+03
5.897522e+03	2.872800e+04
5.897903e+03	-8.140000e+03
5.898285e+03	1.234000e+04
5.898666e+03	-4.037000e+03
5.899048e+03	-2.860100e+04
5.899429e+03	1.235700e+04
5.899811e+03	-1.222100e+04
5.900192e+03	4.169000e+03
5.900574e+03	-2.041700e+04
5.900955e+03	-8.138000e+03
5.901337e+03	2.054600e+04
5.901718e+03	-2.454100e+04
5.902100e+03	-2.860400e+04
5.902481e+03	-2.860300e+04
5.902863e+03	2.052700e+04
5.903244e+03	8.257000e+03
5.903625e+03	-1.222800e+04
5.904007e+03	4.160000e+03
5.904388e+03	-3.269600e+04
5.904770e+03	6.400000e+01
5.905151e+03	5.700000e+01
5.905533e+03	-1.222900e+04
5.905914e+03	-3.272000e+04
5.906296e+03	2.054600e+04
5.906677e+03	-8.131000e+03
5.907059e+03	-2.041300e+04
5.907440e+03	-8.123000e+03
5.907822e+03	-8.129000e+03
5.908203e+03	7.800000e+01
5.908585e+03	1.236800e+04
5.908966e+03	1.645600e+04
5.909348e+03	1.643800e+04
5.909729e+03	-2.861100e+04
5.910110e+03	8.266000e+03
5.910492e+03	1.236100e+04
5.910873e+03	1.643800e+04
5.911255e+03	8.260000e+03
5.911636e+03	1.644400e+04
5.912018e+03	-3.270000e+04
5.912399e+03	8.263000e+03
5.912781e+03	-4.036000e+03
5.913162e+03	8.300000e+01
5.913544e+03	-2.039900e+04
5.913925e+03	-2.452600e+04
5.914307e+03	-1.220800e+04
5.914688e+03	-3.269300e+04
5.915070e+03	2.874400e+04
5.915451e+03	2.465900e+04
5.915833e+03	2.873800e+04
5.916214e+03	4.173000e+03
5.916595e+03	7.800000e+01
5.916977e+03	4.169000e+03
5.917358e+03	2.466400e+04
5.917740e+03	1.645900e+04
5.918121e+03	-2.039400e+04
5.918503e+03	8.285000e+03
5.918884e+03	-3.270300e+04
5.919266e+03	1.648400e+04
5.919647e+03	-8.095000e+03
5.920029e+03	-8.092000e+03
5.920410e+03	-1.216700e+04
5.920792e+03	-2.035300e+04
5.921173e+03	1.650900e+04
5.921555e+03	2.468800e+04
5.921936e+03	-3.268500e+04
5.922318e+03	2.467900e+04
5.922699e+03	-1.219800e+04
5.923080e+03	8.277000e+03
5.923462e+03	4.186000e+03
5.923843e+03	-3.271200e+04
5.924225e+03	-2.858300e+04
5.924606e+03	1.237100e+04
5.924988e+03	2.874600e+04
5.925369e+03	8.600000e+01
5.925751e+03	-2.860600e+04
5.926132e+03	8.200000e+01
5.926514e+03	-1.630000e+04
5.926895e+03	-1.223200e+04
5.927277e+03	1.645900e+04
5.927658e+03	-4.028000e+03
5.928040e+03	1.645100e+04
5.928421e+03	2.465300e+04
5.928802e+03	-8.131000e+03
5.929184e+03	-1.631600e+04
5.929565e+03	-2.860400e+04
5.929947e+03	2.464700e+04
5.930328e+03	7.700000e+01
5.930710e+03	2.873000e+04
5.931091e+03	-4.021000e+03
5.931473e+03	1.236600e+04
5.931854e+03	2.054300e+04
5.932236e+03	-2.449900e+04
5.932617e+03	-2.040400e+04
5.932999e+03	4.900000e+01
5.933380e+03	8.255000e+03
5.933762e+03	2.053000e+04
5.934143e+03	-8.117000e+03
5.934525e+03	1.236600e+04
5.934906e+03	4.154000e+03
5.935287e+03	2.464300e+04
5.935669e+03	-4.033000e+03
5.936050e+03	-2.041800e+04
5.936432e+03	-2.859900e+04
5.936813e+03	4.152000e+03
5.937195e+03	2.874400e+04
5.937576e+03	-8.113000e+03
5.937958e+03	-8.122000e+03
5.938339e+03	8.230000e+03
5.938721e+03	-1.222900e+04
5.939102e+03	-2.861000e+04
5.939484e+03	-2.860300e+04
5.939865e+03	-8.136000e+03
5.940247e+03	-4.038000e+03
5.940628e+03	7.000000e+01
5.941010e+03	-2.861000e+04
5.941391e+03	-2.451200e+04
5.941772e+03	-2.041400e+04
5.942154e+03	-2.042700e+04
5.942535e+03	-4.059000e+03
5.942917e+03	-4.046000e+03
5.943298e+03	-1.222500e+04
5.943680e+03	4.164000e+03
5.944061e+03	1.235100e+04
5.944443e+03	1.643900e+04
5.944824e+03	2.054100e+04
5.945206e+03	-2.041300e+04
5.945587e+03	-3.270100e+04
5.945969e+03	2.873100e+04
5.946350e+03	2.873300e+04
5.946732e+03	-2.860600e+04
5.947113e+03	-2.860300e+04
5.947495e+03	-3.269800e+04
5.947876e+03	1.644800e+04
5.948257e+03	2.051700e+04
5.948639e+03	2.463200e+04
5.949020e+03	-1.631500e+04
5.949402e+03	-2.450200e+04
5.949783e+03	-2.040800e+04
5.950165e+03	2.872800e+04
5.950546e+03	-3.271200e+04
5.950928e+03	8.256000e+03
5.951309e+03	-4.036000e+03
5.951691e+03	4.152000e+03
5.952072e+03	1.234200e+04
5.952454e+03	2.462300e+04
5.952835e+03	-2.043800e+04
5.953217e+03	-3.272400e+04
5.953598e+03	-8.143000e+03
5.953979e+03	4.145000e+03
5.954361e+03	-8.149000e+03
5.954742e+03	-1.632800e+04
5.955124e+03	5.200000e+01
5.955505e+03	-2.864100e+04
5.955887e+03	8.249000e+03
5.956268e+03	-2.042800e+04
5.956650e+03	-1.224100e+04
5.957031e+03	-3.270300e+04
5.957413e+03	-1.222200e+04
5.957794e+03	-4.035000e+03
5.958176e+03	1.234700e+04
5.958557e+03	-1.633500e+04
5.958939e+03	2.052400e+04
5.959320e+03	-2.861700e+04
5.959702e+03	-2.452600e+04
5.960083e+03	2.053000e+04
5.960464e+03	-1.633200e+04
5.960846e+03	-3.270600e+04
5.961227e+03	1.235400e+04
5.961609e+03	2.873500e+04
5.961990e+03	2.053000e+04
5.962372e+03	1.643500e+04
5.962753e+03	6.600000e+01
5.963135e+03	-1.222100e+04
5.963516e+03	-8.137000e+03
5.963898e+03	1.233800e+04
5.964279e+03	-3.270800e+04
5.964661e+03	2.053700e+04
5.965042e+03	-2.452200e+04
5.965424e+03	1.643500e+04
5.965805e+03	2.874100e+04
5.966187e+03	-1.221400e+04
5.966568e+03	2.873800e+04
5.966949e+03	5.600000e+01
5.967331e+03	-4.027000e+03
5.967712e+03	2.054400e+04
5.968094e+03	-2.859300e+04
5.968475e+03	1.647300e+04
5.968857e+03	-1.629300e+04
5.969238e+03	2.466200e+04
5.969620e+03	-8.122000e+03
5.970001e+03	1.234400e+04
5.970383e+03	-2.861300e+04
5.970764e+03	-3.270400e+04
5.971146e+03	7.600000e+01
5.971527e+03	-1.631000e+04
5.971909e+03	-1.222600e+04
5.972290e+03	2.053500e+04
5.972672e+03	1.233600e+04
5.973053e+03	3.800000e+01
5.973434e+03	4.148000e+03
5.973816e+03	4.156000e+03
5.974197e+03	8.259000e+03
5.974579e+03	1.644800e+04
5.974960e+03	2.461800e+04
5.975342e+03	-2.043500e+04
5.975723e+03	2.053500e+04
5.976105e+03	-2.451200e+04
5.976486e+03	2.054300e+04
5.976868e+03	-4.052000e+03
5.977249e+03	-8.143000e+03
5.977631e+03	4.144000e+03
5.978012e+03	-1.632600e+04
5.978394e+03	2.054700e+04
5.978775e+03	-2.451300e+04
5.979157e+03	-2.452600e+04
5.979538e+03	-2.861500e+04
5.979919e+03	4.153000e+03
5.980301e+03	8.247000e+03
5.980682e+03	-1.223200e+04
5.981064e+03	-2.861500e+04
5.981445e+03	-4.040000e+03
5.981827e+03	-2.451600e+04
5.982208e+03	6.300000e+01
5.982590e+03	-3.272000e+04
5.982971e+03	2.463100e+04
5.983353e+03	2.054300e+04
5.983734e+03	8.249000e+03
5.984116e+03	-3.270900e+04
5.984497e+03	-1.222300e+04
5.984879e+03	1.234900e+04
5.985260e+03	2.053300e+04
5.985641e+03	2.463200e+04
5.986023e+03	-2.452300e+04
5.986404e+03	4.300000e+01
5.986786e+03	2.872500e+04
5.987167e+03	1.644100e+04
5.987549e+03	2.054400e+04
5.987930e+03	-2.860100e+04
5.988312e+03	-1.221700e+04
5.988693e+03	2.054000e+04
5.989075e+03	-2.453200e+04
5.989456e+03	2.053300e+04
5.989838e+03	-8.153000e+03
5.990219e+03	-4.035000e+03
5.990601e+03	1.644300e+04
5.990982e+03	-1.227500e+04
5.991364e+03	2.873300e+04
5.991745e+03	-1.222400e+04
5.992126e+03	-2.451800e+04
5.992508e+03	-8.140000e+03
5.992889e+03	-8.135000e+03
5.993271e+03	2.054400e+04
5.993652e+03	-3.270400e+04
5.994034e+03	-2.042100e+04
5.994415e+03	5.300000e+01
5.994797e+03	4.145000e+03
5.995178e+03	4.400000e+01
5.995560e+03	-1.633500e+04
5.995941e+03	-3.270500e+04
5.996323e+03	-8.128000e+03
5.996704e+03	-3.271500e+04
5.997086e+03	1.232700e+04
5.997467e+03	2.053100e+04
5.997849e+03	2.462900e+04
5.998230e+03	-1.634000e+04
5.998611e+03	8.233000e+03
5.998993e+03	4.160000e+03
5.999374e+03	-1.222400e+04
5.999756e+03	-2.044300e+04
6.000137e+03	4.152000e+03
6.000519e+03	2.053400e+04
6.000900e+03	2.463800e+04
6.001282e+03	-3.269500e+04
6.001663e+03	-4.026000e+03
6.002045e+03	2.463200e+04
6.002426e+03	-3.272200e+04
6.002808e+03	-3.272300e+04
6.003189e+03	1.644900e+04
6.003571e+03	-8.127000e+03
6.003952e+03	-3.272400e+04
6.004334e+03	-1.632200e+04
6.004715e+03	2.054200e+04
6.005096e+03	-2.453200e+04
6.005478e+03	2.055100e+04
6.005859e+03	7.300000e+01
6.006241e+03	1.235000e+04
6.006622e+03	-1.635500e+04
6.007004e+03	1.643700e+04
6.007385e+03	-2.044000e+04
6.007767e+03	2.053200e+04
6.008148e+03	1.234400e+04
6.008530e+03	-8.141000e+03
6.008911e+03	-8.143000e+03
6.009293e+03	4.162000e+03
6.009674e+03	-1.222000e+04
6.010056e+03	-1.632400e+04
6.010437e+03	-4.066000e+03
6.010818e+03	-2.451900e+04
6.011200e+03	-4.038000e+03
6.011581e+03	1.642700e+04
6.011963e+03	-2.862300e+04
6.012344e+03	4.161000e+03
6.012726e+03	-2.860300e+04
6.013107e+03	-3.270400e+04
6.013489e+03	2.872200e+04
6.013870e+03	-4.045000e+03
6.014252e+03	2.051900e+04
6.014633e+03	8.246000e+03
6.015015e+03	-2.860900e+04
6.015396e+03	-2.862500e+04
6.015778e+03	2.054900e+04
6.016159e+03	-4.015000e+03
6.016541e+03	8.400000e+01
6.016922e+03	1.236500e+04
6.017303e+03	-1.222300e+04
6.017685e+03	-2.451100e+04
6.018066e+03	4.148000e+03
6.018448e+03	2.462900e+04
6.018829e+03	2.054300e+04
6.019211e+03	5.400000e+01
6.019592e+03	-2.862600e+04
6.019974e+03	8.238000e+03
6.020355e+03	2.463500e+04
6.020737e+03	4.164000e+03
6.021118e+03	2.873000e+04
6.021500e+03	1.643300e+04
6.021881e+03	-1.222300e+04
6.022263e+03	2.463500e+04
6.022644e+03	2.053700e+04
6.023026e+03	-8.126000e+03
6.023407e+03	5.600000e+01
6.023788e+03	2.462700e+04
6.024170e+03	-1.631900e+04
6.024551e+03	4.159000e+03
6.024933e+03	-2.453100e+04
6.025314e+03	1.642400e+04
6.025696e+03	-4.054000e+03
6.026077e+03	2.052600e+04
6.026459e+03	-1.634200e+04
6.026840e+03	2.872100e+04
6.027222e+03	-4.054000e+03
6.027603e+03	1.233200e+04
6.027985e+03	-2.451500e+04
6.028366e+03	-1.632100e+04
6.028748e+03	6.700000e+01
6.029129e+03	-2.860400e+04
6.029511e+03	1.234600e+04
6.029892e+03	-3.272200e+04
6.030273e+03	2.052600e+04
6.030655e+03	1.233900e+04
6.031036e+03	-2.450700e+04
6.031418e+03	2.055200e+04
6.031799e+03	8.256000e+03
6.032181e+03	4.145000e+03
6.032562e+03	-2.862900e+04
6.032944e+03	4.000000e+01
6.033325e+03	-1.633900e+04
6.033707e+03	-2.863900e+04
6.034088e+03	2.872100e+04
6.034470e+03	-1.632800e+04
6.034851e+03	8.256000e+03
6.035233e+03	1.235400e+04
6.035614e+03	1.643900e+04
6.035995e+03	1.644000e+04
6.036377e+03	-2.451400e+04
6.036758e+03	-2.042600e+04
6.037140e+03	-1.224900e+04
6.037521e+03	2.462000e+04
6.037903e+03	-2.043000e+04
6.038284e+03	5.000000e+01
6.038666e+03	2.461900e+04
6.039047e+03	1.644300e+04
6.039429e+03	-2.042400e+04
6.039810e+03	-2.861800e+04
6.040192e+03	6.900000e+01
6.040573e+03	-8.124000e+03
6.040955e+03	5.900000e+01
6.041336e+03	-1.224900e+04
6.041718e+03	-3.271500e+04
6.042099e+03	-1.632300e+04
6.042480e+03	-3.270900e+04
6.042862e+03	-2.042000e+04
6.043243e+03	8.261000e+03
6.043625e+03	-3.270100e+04
6.044006e+03	1.233800e+04
6.044388e+03	-4.080000e+03
6.044769e+03	-1.225700e+04
6.045151e+03	-1.633100e+04
6.045532e+03	-4.052000e+03
6.045914e+03	4.149000e+03
6.046295e+03	6.500000e+01
6.046677e+03	2.463100e+04
6.047058e+03	-1.633500e+04
6.047440e+03	-1.632200e+04
6.047821e+03	-2.043200e+04
6.048203e+03	4.153000e+03
6.048584e+03	-2.451200e+04
6.048965e+03	4.149000e+03
6.049347e+03	4.142000e+03
6.049728e+03	-3.271700e+04
6.050110e+03	-1.634400e+04
6.050491e+03	1.644100e+04
6.050873e+03	-2.042600e+04
6.051254e+03	-2.043200e+04
6.051636e+03	-1.223200e+04
6.052017e+03	-1.222800e+04
6.052399e+03	2.873400e+04
6.052780e+03	2.053300e+04
6.053162e+03	-3.274000e+04
6.053543e+03	5.600000e+01
6.053925e+03	-2.451500e+04
6.054306e+03	-2.042000e+04
6.054688e+03	4.149000e+03
6.055069e+03	-1.632400e+04
6.055450e+03	-2.860600e+04
6.055832e+03	-1.632300e+04
6.056213e+03	2.870800e+04
6.056595e+03	2.873000e+04
6.056976e+03	-2.041800e+04
6.057358e+03	2.873400e+04
6.057739e+03	-2.451100e+04
6.058121e+03	-8.123000e+03
6.058502e+03	2.054700e+04
6.058884e+03	2.462200e+04
6.059265e+03	-2.861700e+04
6.059647e+03	1.234900e+04
6.060028e+03	-8.145000e+03
6.060410e+03	-2.451600e+04
6.060791e+03	-2.860700e+04
6.061172e+03	7.000000e+01
6.061554e+03	1.645800e+04
6.061935e+03	1.235800e+04
6.062317e+03	1.642400e+04
6.062698e+03	-4.032000e+03
6.063080e+03	-3.270500e+04
6.063461e+03	-4.035000e+03
6.063843e+03	8.273000e+03
6.064224e+03	-1.629800e+04
6.064606e+03	8.400000e+01
6.064987e+03	1.645600e+04
6.065369e+03	-2.863400e+04
6.065750e+03	-2.863500e+04
6.066132e+03	4.146000e+03
6.066513e+03	-2.860700e+04
6.066895e+03	-1.632100e+04
6.067276e+03	-8.128000e+03
6.067657e+03	4.168000e+03
6.068039e+03	-3.270100e+04
6.068420e+03	2.462900e+04
6.068802e+03	-4.037000e+03
6.069183e+03	2.872600e+04
6.069565e+03	1.234600e+04
6.069946e+03	1.644600e+04
6.070328e+03	4.800000e+01
6.070709e+03	4.163000e+03
6.071091e+03	2.874700e+04
6.071472e+03	-1.631200e+04
6.071854e+03	2.463800e+04
6.072235e+03	1.235300e+04
6.072617e+03	2.464100e+04
6.072998e+03	-2.451500e+04
6.073380e+03	-2.042400e+04
6.073761e+03	-4.046000e+03
6.074142e+03	-2.451100e+04
6.074524e+03	-1.222100e+04
6.074905e+03	8.245000e+03
6.075287e+03	-2.860500e+04
6.075668e+03	2.055400e+04
6.076050e+03	-1.222100e+04
6.076431e+03	-2.451900e+04
6.076813e+03	4.164000e+03
6.077194e+03	1.235000e+04
6.077576e+03	-2.042500e+04
6.077957e+03	-2.861000e+04
6.078339e+03	1.234100e+04
6.078720e+03	5.700000e+01
6.079102e+03	1.644600e+04
6.079483e+03	-4.051000e+03
6.079865e+03	-1.223100e+04
6.080246e+03	-4.032000e+03
6.080627e+03	-8.134000e+03
6.081009e+03	1.643800e+04
6.081390e+03	-3.271400e+04
6.081772e+03	2.463300e+04
6.082153e+03	4.163000e+03
6.082535e+03	-2.860700e+04
6.082916e+03	1.644000e+04
6.083298e+03	-2.861600e+04
6.083679e+03	-2.861500e+04
6.084061e+03	-1.223300e+04
6.084442e+03	8.253000e+03
6.084824e+03	4.150000e+03
6.085205e+03	4.153000e+03
6.085587e+03	-4.030000e+03
6.085968e+03	-8.128000e+03
6.086349e+03	-2.862300e+04
6.086731e+03	-2.042900e+04
6.087112e+03	2.873100e+04
6.087494e+03	-1.632300e+04
6.087875e+03	-2.041800e+04
6.088257e+03	2.873300e+04
6.088638e+03	2.463800e+04
6.089020e+03	-1.632200e+04
6.089401e+03	6.000000e+01
6.089783e+03	-4.044000e+03
6.090164e+03	-1.635500e+04
6.090546e+03	2.870900e+04
6.090927e+03	2.868600e+04
6.091309e+03	1.234600e+04
6.091690e+03	-4.026000e+03
6.092072e+03	2.874600e+04
6.092453e+03	7.000000e+01
6.092834e+03	4.150000e+03
6.093216e+03	-4.054000e+03
6.093597e+03	-2.454000e+04
6.093979e+03	-4.041000e+03
6.094360e+03	-2.041400e+04
6.094742e+03	1.645000e+04
6.095123e+03	6.400000e+01
6.095505e+03	-2.451200e+04
6.095886e+03	-4.040000e+03
6.096268e+03	1.233900e+04
6.096649e+03	-2.041700e+04
6.097031e+03	-3.270000e+04
6.097412e+03	2.055100e+04
6.097794e+03	1.645300e+04
6.098175e+03	-2.042900e+04
6.098557e+03	-2.452100e+04
6.098938e+03	-4.033000e+03
6.099319e+03	-2.042500e+04
6.099701e+03	-2.453200e+04
6.100082e+03	-4.046000e+03
6.100464e+03	2.051900e+04
6.100845e+03	-4.047000e+03
6.101227e+03	-2.042100e+04
6.101608e+03	2.053800e+04
6.101990e+03	4.134000e+03
6.102371e+03	2.053100e+04
6.102753e+03	-1.223600e+04
6.103134e+03	2.873300e+04
6.103516e+03	1.235600e+04
6.103897e+03	4.156000e+03
6.104279e+03	-3.271000e+04
6.104660e+03	8.268000e+03
6.105042e+03	-3.269200e+04
6.105423e+03	2.464100e+04
6.105804e+03	1.644800e+04
6.106186e+03	1.235600e+04
6.106567e+03	8.259000e+03
6.106949e+03	-1.631800e+04
6.107330e+03	6.100000e+01
6.107712e+03	-3.272200e+04
6.108093e+03	-8.135000e+03
6.108475e+03	-3.270200e+04
6.108856e+03	-2.450900e+04
6.109238e+03	-1.222900e+04
6.109619e+03	1.234200e+04
6.110001e+03	1.644400e+04
6.110382e+03	-1.223200e+04
6.110764e+03	2.463800e+04
6.111145e+03	-2.861500e+04
6.111526e+03	2.873500e+04
6.111908e+03	1.646300e+04
6.112289e+03	4.177000e+03
6.112671e+03	-8.119000e+03
6.113052e+03	4.800000e+01
6.113434e+03	-2.861200e+04
6.113815e+03	-4.033000e+03
6.114197e+03	-3.270600e+04
6.114578e+03	-2.452700e+04
6.114960e+03	2.053600e+04
6.115341e+03	-1.222100e+04
6.115723e+03	1.235400e+04
6.116104e+03	4.155000e+03
6.116486e+03	-3.271100e+04
6.116867e+03	8.217000e+03
6.117249e+03	1.235000e+04
6.117630e+03	-8.126000e+03
6.118011e+03	2.463300e+04
6.118393e+03	-2.044100e+04
6.118774e+03	1.644300e+04
6.119156e+03	-2.451700e+04
6.119537e+03	-1.632400e+04
6.119919e+03	-2.860700e+04
6.120300e+03	2.873800e+04
6.120682e+03	-2.861300e+04
6.121063e+03	1.643500e+04
6.121445e+03	4.155000e+03
6.121826e+03	2.053800e+04
6.122208e+03	1.643100e+04
6.122589e+03	-2.861500e+04
6.122971e+03	-2.451400e+04
6.123352e+03	2.873300e+04
6.123734e+03	1.644100e+04
6.124115e+03	8.243000e+03
6.124496e+03	-8.144000e+03
6.124878e+03	-1.632900e+04
6.125259e+03	5.000000e+01
6.125641e+03	2.460900e+04
6.126022e+03	-3.272900e+04
6.126404e+03	2.052600e+04
6.126785e+03	3.100000e+01
6.127167e+03	-2.453100e+04
6.127548e+03	2.873100e+04
6.127930e+03	1.235200e+04
6.128311e+03	-4.034000e+03
6.128693e+03	-1.223000e+04
6.129074e+03	2.053200e+04
6.129456e+03	-1.634400e+04
6.129837e+03	-1.634600e+04
6.130219e+03	-2.861900e+04
6.130600e+03	1.643300e+04
6.130981e+03	1.231700e+04
6.131363e+03	5.500000e+01
6.131744e+03	-1.632700e+04
6.132126e+03	8.230000e+03
6.132507e+03	-1.633600e+04
6.132889e+03	-1.223100e+04
6.133270e+03	1.234100e+04
6.133652e+03	-1.223900e+04
6.134033e+03	-2.861500e+04
6.134415e+03	1.235500e+04
6.134796e+03	2.874100e+04
6.135178e+03	-1.222400e+04
6.135559e+03	1.234800e+04
6.135941e+03	-2.041400e+04
6.136322e+03	-2.451200e+04
6.136703e+03	-2.042200e+04
6.137085e+03	-2.042600e+04
6.137466e+03	2.870600e+04
6.137848e+03	2.462600e+04
6.138229e+03	-4.040000e+03
6.138611e+03	-8.151000e+03
6.138992e+03	-1.223600e+04
6.139374e+03	-3.270400e+04
6.139755e+03	-2.041400e+04
6.140137e+03	2.463700e+04
6.140518e+03	2.052900e+04
6.140900e+03	2.051400e+04
6.141281e+03	2.870900e+04
6.141663e+03	2.053800e+04
6.142044e+03	2.873200e+04
6.142426e+03	2.462700e+04
6.142807e+03	8.251000e+03
6.143188e+03	1.644000e+04
6.143570e+03	8.243000e+03
6.143951e+03	1.645100e+04
6.144333e+03	4.163000e+03
6.144714e+03	-2.452700e+04
6.145096e+03	8.236000e+03
6.145477e+03	-2.865700e+04
6.145859e+03	8.255000e+03
6.146240e+03	8.265000e+03
6.146622e+03	2.055100e+04
6.147003e+03	-2.861100e+04
6.147385e+03	-2.452800e+04
6.147766e+03	-2.042400e+04
6.148148e+03	2.054200e+04
6.148529e+03	1.234700e+04
6.148911e+03	-3.272300e+04
6.149292e+03	-2.451900e+04
6.149673e+03	8.252000e+03
6.150055e+03	2.872900e+04
6.150436e+03	-8.135000e+03
6.150818e+03	-3.271000e+04
6.151199e+03	4.160000e+03
6.151581e+03	-1.222300e+04
6.151962e+03	-4.033000e+03
6.152344e+03	2.464100e+04
6.152725e+03	2.874200e+04
6.153107e+03	-1.221900e+04
6.153488e+03	2.872600e+04
6.153870e+03	2.463300e+04
6.154251e+03	4.161000e+03
6.154633e+03	2.053200e+04
6.155014e+03	-2.042400e+04
6.155396e+03	8.256000e+03
6.155777e+03	4.151000e+03
6.156158e+03	1.235000e+04
6.156540e+03	2.464000e+04
6.156921e+03	2.872400e+04
6.157303e+03	8.246000e+03
6.157684e+03	-2.861900e+04
6.158066e+03	8.249000e+03
6.158447e+03	4.159000e+03
6.158829e+03	-1.633100e+04
6.159210e+03	1.234200e+04
6.159592e+03	2.464500e+04
6.159973e+03	-2.450400e+04
6.160355e+03	-2.450800e+04
6.160736e+03	-8.133000e+03
6.161118e+03	8.242000e+03
6.161499e+03	1.643400e+04
6.161881e+03	-4.024000e+03
6.162262e+03	1.236700e+04
6.162643e+03	-2.040500e+04
6.163025e+03	-2.451600e+04
6.163406e+03	4.160000e+03
6.163788e+03	2.873700e+04
6.164169e+03	-2.042300e+04
6.164551e+03	-3.272100e+04
6.164932e+03	1.234200e+04
6.165314e+03	-2.451900e+04
6.165695e+03	1.642000e+04
6.166077e+03	-2.860700e+04
6.166458e+03	1.235900e+04
6.166840e+03	-4.033000e+03
6.167221e+03	-1.224500e+04
6.167603e+03	2.463100e+04
6.167984e+03	-1.632300e+04
6.168365e+03	2.054800e+04
6.168747e+03	8.257000e+03
6.169128e+03	-2.451400e+04
6.169510e+03	1.645100e+04
6.169891e+03	2.053700e+04
6.170273e+03	-8.140000e+03
6.170654e+03	-1.222800e+04
6.171036e+03	-1.223500e+04
6.171417e+03	-4.031000e+03
6.171799e+03	1.235100e+04
6.172180e+03	-1.633500e+04
6.172562e+03	1.645300e+04
6.172943e+03	-8.129000e+03
6.173325e+03	-3.271300e+04
6.173706e+03	-4.024000e+03
6.174088e+03	4.168000e+03
6.174469e+03	2.463900e+04
6.174850e+03	1.644500e+04
6.175232e+03	-4.052000e+03
6.175613e+03	2.464100e+04
6.175995e+03	-2.450700e+04
6.176376e+03	-2.042000e+04
6.176758e+03	-1.631900e+04
6.177139e+03	2.873900e+04
6.177521e+03	2.052800e+04
6.177902e+03	1.234900e+04
6.178284e+03	-1.631700e+04
6.178665e+03	2.464200e+04
6.179047e+03	2.463500e+04
6.179428e+03	8.237000e+03
6.179810e+03	2.052000e+04
6.180191e+03	-1.224600e+04
6.180573e+03	2.700000e+01
6.180954e+03	-3.271500e+04
6.181335e+03	-1.633100e+04
6.181717e+03	1.643300e+04
6.182098e+03	2.463900e+04
6.182480e+03	-1.631600e+04
6.182861e+03	2.464200e+04
6.183243e+03	-4.038000e+03
6.183624e+03	-1.632700e+04
6.184006e+03	4.160000e+03
6.184387e+03	4.163000e+03
6.184769e+03	-8.127000e+03
6.185150e+03	-1.633000e+04
6.185532e+03	-1.633400e+04
6.185913e+03	-8.133000e+03
6.186295e+03	-1.223200e+04
6.186676e+03	2.462200e+04
6.187058e+03	-8.138000e+03
6.187439e+03	-2.451600e+04
6.187820e+03	-2.041700e+04
6.188202e+03	-4.032000e+03
6.188583e+03	6.300000e+01
6.188965e+03	8.245000e+03
6.189346e+03	1.641900e+04
6.189728e+03	2.050900e+04
6.190109e+03	-3.272000e+04
6.190491e+03	1.234800e+04
6.190872e+03	4.150000e+03
6.191254e+03	4.131000e+03
6.191635e+03	-1.222900e+04
6.192017e+03	-1.223200e+04
6.192398e+03	-3.272900e+04
6.192780e+03	-1.634000e+04
6.193161e+03	-2.862200e+04
6.193542e+03	8.259000e+03
6.193924e+03	1.645500e+04
6.194305e+03	2.054300e+04
6.194687e+03	8.237000e+03
6.195068e+03	-8.133000e+03
6.195450e+03	8.246000e+03
6.195831e+03	-8.143000e+03
6.196213e+03	2.054800e+04
6.196594e+03	-2.040900e+04
6.196976e+03	-4.034000e+03
6.197357e+03	2.462700e+04
6.197739e+03	-1.631300e+04
6.198120e+03	-3.269400e+04
6.198502e+03	-2.860400e+04
6.198883e+03	-1.223300e+04
6.199265e+03	4.144000e+03
6.199646e+03	-1.222600e+04
6.200027e+03	1.235900e+04
6.200409e+03	-2.040900e+04
6.200790e+03	-4.029000e+03
6.201172e+03	8.256000e+03
6.201553e+03	8.256000e+03
6.201935e+03	1.645000e+04
6.202316e+03	-8.128000e+03
6.202698e+03	5.500000e+01
6.203079e+03	-2.863800e+04
6.203461e+03	-2.452900e+04
6.203842e+03	8.241000e+03
6.204224e+03	-2.042500e+04
6.204605e+03	-2.042500e+04
6.204987e+03	-1.635200e+04
6.205368e+03	-2.043400e+04
6.205750e+03	2.052700e+04
6.206131e+03	-3.271700e+04
6.206512e+03	-2.860900e+04
6.206894e+03	-1.631400e+04
6.207275e+03	-2.859500e+04
6.207657e+03	-1.630400e+04
6.208038e+03	2.465300e+04
6.208420e+03	-3.270100e+04
6.208801e+03	-4.028000e+03
6.209183e+03	4.165000e+03
6.209564e+03	-4.035000e+03
6.209946e+03	6.200000e+01
6.210327e+03	-2.450800e+04
6.210709e+03	-1.631300e+04
6.211090e+03	-2.860100e+04
6.211472e+03	-2.041500e+04
6.211853e+03	5.000000e+01
6.212235e+03	-2.860700e+04
6.212616e+03	7.300000e+01
6.212997e+03	8.261000e+03
6.213379e+03	2.873000e+04
6.213760e+03	1.645300e+04
6.214142e+03	2.464600e+04
6.214523e+03	8.251000e+03
6.214905e+03	4.800000e+01
6.215286e+03	-4.042000e+03
6.215668e+03	-4.043000e+03
6.216049e+03	-4.046000e+03
6.216431e+03	-2.043400e+04
6.216812e+03	-2.043300e+04
6.217194e+03	1.642700e+04
6.217575e+03	-1.224900e+04
6.217957e+03	-2.042900e+04
6.218338e+03	2.054600e+04
6.218719e+03	8.265000e+03
6.219101e+03	-8.124000e+03
6.219482e+03	-2.865200e+04
6.219864e+03	-4.028000e+03
6.220245e+03	-3.269500e+04
6.220627e+03	2.873900e+04
6.221008e+03	-2.042700e+04
6.221390e+03	2.053100e+04
6.221771e+03	-3.270900e+04
6.222153e+03	2.873700e+04
6.222534e+03	2.874100e+04
6.222916e+03	1.235600e+04
6.223297e+03	-2.042700e+04
6.223679e+03	8.240000e+03
6.224060e+03	1.644000e+04
6.224442e+03	-4.047000e+03
6.224823e+03	8.251000e+03
6.225204e+03	8.240000e+03
6.225586e+03	6.600000e+01
6.225967e+03	1.236400e+04
6.226349e+03	2.055400e+04
6.226730e+03	5.800000e+01
6.227112e+03	-1.632700e+04
6.227493e+03	-2.861400e+04
6.227875e+03	2.870700e+04
6.228256e+03	-1.633800e+04
6.228638e+03	-3.271500e+04
6.229019e+03	1.234400e+04
6.229401e+03	-2.862600e+04
6.229782e+03	-3.272200e+04
6.230164e+03	-4.037000e+03
6.230545e+03	1.644100e+04
6.230927e+03	-2.043800e+04
6.231308e+03	-2.863300e+04
6.231689e+03	-2.862100e+04
6.232071e+03	-4.039000e+03
6.232452e+03	-2.862000e+04
6.232834e+03	-4.055000e+03
6.233215e+03	-2.864500e+04
6.233597e+03	2.052400e+04
6.233978e+03	-1.633600e+04
6.234360e+03	-2.864500e+04
6.234741e+03	1.234700e+04
6.235123e+03	2.054300e+04
6.235504e+03	1.233900e+04
6.235886e+03	8.226000e+03
6.236267e+03	2.461500e+04
6.236649e+03	1.233700e+04
6.237030e+03	2.873300e+04
6.237412e+03	1.234000e+04
6.237793e+03	-2.041900e+04
6.238174e+03	8.264000e+03
6.238556e+03	-2.860300e+04
6.238937e+03	1.644100e+04
6.239319e+03	-2.860600e+04
6.239700e+03	-1.631300e+04
6.240082e+03	1.235400e+04
6.240463e+03	-2.452000e+04
6.240845e+03	2.464200e+04
6.241226e+03	2.874100e+04
6.241608e+03	8.257000e+03
6.241989e+03	-2.451600e+04
6.242371e+03	-2.861700e+04
6.242752e+03	5.800000e+01
6.243134e+03	-1.632400e+04
6.243515e+03	-2.862100e+04
6.243896e+03	5.600000e+01
6.244278e+03	2.873500e+04
6.244659e+03	8.255000e+03
6.245041e+03	-1.632200e+04
6.245422e+03	2.873300e+04
6.245804e+03	2.053200e+04
6.246185e+03	-1.633800e+04
6.246567e+03	-2.043100e+04
6.246948e+03	-2.043000e+04
6.247330e+03	-4.058000e+03
6.247711e+03	1.643500e+04
6.248093e+03	1.235000e+04
6.248474e+03	2.463000e+04
6.248856e+03	-2.043600e+04
6.249237e+03	-2.043300e+04
6.249619e+03	-4.054000e+03
6.250000e+03	-8.124000e+03
6.250381e+03	-2.040800e+04
6.250763e+03	2.874100e+04
6.251144e+03	4.154000e+03
6.251526e+03	-2.861500e+04
6.251907e+03	1.234800e+04
6.252289e+03	1.644200e+04
6.252670e+03	-3.270800e+04
6.253052e+03	-2.042000e+04
6.253433e+03	-3.271600e+04
6.253815e+03	-1.633300e+04
6.254196e+03	-8.133000e+03
6.254578e+03	8.255000e+03
6.254959e+03	2.874300e+04
6.255341e+03	7.500000e+01
6.255722e+03	8.266000e+03
6.256104e+03	4.168000e+03
6.256485e+03	-1.631600e+04
6.256866e+03	1.644000e+04
6.257248e+03	8.237000e+03
6.257629e+03	-2.451900e+04
6.258011e+03	2.053300e+04
6.258392e+03	2.052700e+04
6.258774e+03	-1.224600e+04
6.259155e+03	2.052900e+04
6.259537e+03	-3.271400e+04
6.259918e+03	-4.037000e+03
6.260300e+03	4.160000e+03
6.260681e+03	-2.042300e+04
6.261063e+03	4.200000e+01
6.261444e+03	-2.042700e+04
6.261826e+03	-1.632700e+04
6.262207e+03	1.233900e+04
6.262589e+03	1.233800e+04
6.262970e+03	2.052600e+04
6.263351e+03	-3.272500e+04
6.263733e+03	2.463500e+04
6.264114e+03	-1.632000e+04
6.264496e+03	2.054500e+04
6.264877e+03	2.053900e+04
6.265259e+03	-2.452600e+04
6.265640e+03	5.200000e+01
6.266022e+03	-1.633600e+04
6.266403e+03	-3.272000e+04
6.266785e+03	-4.038000e+03
6.267166e+03	4.153000e+03
6.267548e+03	-2.454100e+04
6.267929e+03	-1.633300e+04
6.268311e+03	-1.223100e+04
6.268692e+03	1.233300e+04
6.269073e+03	4.600000e+01
6.269455e+03	8.249000e+03
6.269836e+03	2.463200e+04
6.270218e+03	4.146000e+03
6.270599e+03	-2.042800e+04
6.270981e+03	-1.223000e+04
6.271362e+03	-1.222800e+04
6.271744e+03	-1.223200e+04
6.272125e+03	2.054200e+04
6.272507e+03	2.874000e+04
6.272888e+03	4.164000e+03
6.273270e+03	2.463700e+04
6.273651e+03	1.233200e+04
6.274033e+03	3.600000e+01
6.274414e+03	2.462500e+04
6.274796e+03	1.234300e+04
6.275177e+03	8.238000e+03
6.275558e+03	-4.044000e+03
6.275940e+03	1.235700e+04
6.276321e+03	7.100000e+01
6.276703e+03	-2.042200e+04
6.277084e+03	4.153000e+03
6.277466e+03	2.055100e+04
6.277847e+03	-2.860300e+04
6.278229e+03	-2.452600e+04
6.278610e+03	2.873300e+04
6.278992e+03	-1.631500e+04
6.279373e+03	-2.860700e+04
6.279755e+03	-3.271600e+04
6.280136e+03	-3.272600e+04
6.280518e+03	1.234100e+04
6.280899e+03	2.464000e+04
6.281281e+03	8.257000e+03
6.281662e+03	-1.222800e+04
6.282043e+03	-3.270500e+04
6.282425e+03	-1.222400e+04
6.282806e+03	2.053500e+04
6.283188e+03	4.800000e+01
6.283569e+03	-2.451700e+04
6.283951e+03	1.234700e+04
6.284332e+03	4.148000e+03
6.284714e+03	-1.223400e+04
6.285095e+03	-8.134000e+03
6.285477e+03	-2.861500e+04
6.285858e+03	-8.150000e+03
6.286240e+03	1.643100e+04
6.286621e+03	1.644300e+04
6.287003e+03	-2.861300e+04
6.287384e+03	-8.134000e+03
6.287766e+03	2.463700e+04
6.288147e+03	1.235000e+04
6.288528e+03	4.157000e+03
6.288910e+03	1.644800e+04
6.289291e+03	-8.127000e+03
6.289673e+03	1.644900e+04
6.290054e+03	-2.042000e+04
6.290436e+03	1.644100e+04
6.290817e+03	8.246000e+03
6.291199e+03	1.643300e+04
6.291580e+03	2.461300e+04
6.291962e+03	1.232100e+04
6.292343e+03	1.643300e+04
6.292725e+03	-8.129000e+03
6.293106e+03	-4.025000e+03
6.293488e+03	7.000000e+01
6.293869e+03	-1.224700e+04
6.294250e+03	1.645200e+04
6.294632e+03	-1.221800e+04
6.295013e+03	-1.222500e+04
6.295395e+03	8.100000e+01
6.295776e+03	1.237400e+04
6.296158e+03	-2.449500e+04
6.296539e+03	6.300000e+01
6.296921e+03	-8.130000e+03
6.297302e+03	2.872900e+04
6.297684e+03	-8.131000e+03
6.298065e+03	-1.631500e+04
6.298447e+03	-1.632000e+04
6.298828e+03	-1.632200e+04
6.299210e+03	-2.041200e+04
6.299591e+03	-2.861300e+04
6.299973e+03	-2.861700e+04
6.300354e+03	2.463600e+04
6.300735e+03	-3.271600e+04
6.301117e+03	1.644200e+04
6.301498e+03	-2.860500e+04
6.301880e+03	-1.631400e+04
6.302261e+03	-1.632100e+04
6.302643e+03	4.152000e+03
6.303024e+03	-4.030000e+03
6.303406e+03	1.235300e+04
6.303787e+03	1.644200e+04
6.304169e+03	-2.861000e+04
6.304550e+03	2.873700e+04
6.304932e+03	6.700000e+01
6.305313e+03	-4.034000e+03
6.305695e+03	8.249000e+03
6.306076e+03	4.153000e+03
6.306458e+03	1.644800e+04
6.306839e+03	4.161000e+03
6.307220e+03	-2.453000e+04
6.307602e+03	1.644300e+04
6.307983e+03	-1.631900e+04
6.308365e+03	2.052600e+04
6.308746e+03	2.463800e+04
6.309128e+03	-3.270200e+04
6.309509e+03	8.237000e+03
6.309891e+03	2.873700e+04
6.310272e+03	1.644900e+04
6.310654e+03	-2.862600e+04
6.311035e+03	-2.860400e+04
6.311417e+03	-4.032000e+03
6.311798e+03	-4.047000e+03
6.312180e+03	8.259000e+03
6.312561e+03	2.054000e+04
6.312943e+03	-4.043000e+03
6.313324e+03	1.235400e+04
6.313705e+03	-2.451000e+04
6.314087e+03	-1.221500e+04
6.314468e+03	-1.221500e+04
6.314850e+03	-2.451700e+04
6.315231e+03	2.052800e+04
6.315613e+03	-2.043000e+04
6.315994e+03	2.873100e+04
6.316376e+03	1.645500e+04
6.316757e+03	-8.123000e+03
6.317139e+03	2.463600e+04
6.317520e+03	-8.135000e+03
6.317902e+03	8.240000e+03
6.318283e+03	2.053500e+04
6.318665e+03	1.645000e+04
6.319046e+03	-3.270300e+04
6.319427e+03	5.800000e+01
6.319809e+03	-3.270500e+04
6.320190e+03	6.300000e+01
6.320572e+03	-2.863200e+04
6.320953e+03	-8.128000e+03
6.321335e+03	-2.040900e+04
6.321716e+03	4.164000e+03
6.322098e+03	-1.223200e+04
6.322479e+03	-8.153000e+03
6.322861e+03	1.234800e+04
6.323242e+03	2.873400e+04
6.323624e+03	1.643200e+04
6.324005e+03	-2.860600e+04
6.324387e+03	-2.450700e+04
6.324768e+03	4.152000e+03
6.325150e+03	1.644800e+04
6.325531e+03	4.163000e+03
6.325912e+03	-8.145000e+03
6.326294e+03	-4.028000e+03
6.326675e+03	-2.860100e+04
6.327057e+03	2.464000e+04
6.327438e+03	-3.270000e+04
6.327820e+03	7.100000e+01
6.328201e+03	-8.127000e+03
6.328583e+03	8.245000e+03
6.328964e+03	-1.634700e+04
6.329346e+03	5.100000e+01
6.329727e+03	-8.137000e+03
6.330109e+03	6.800000e+01
6.330490e+03	4.170000e+03
6.330872e+03	8.264000e+03
6.331253e+03	-2.451200e+04
6.331635e+03	-2.452000e+04
6.332016e+03	5.900000e+01
6.332397e+03	1.234700e+04
6.332779e+03	-8.144000e+03
6.333160e+03	-2.452800e+04
6.333542e+03	-2.042500e+04
6.333923e+03	-2.863300e+04
6.334305e+03	6.200000e+01
6.334686e+03	6.600000e+01
6.335068e+03	-1.223400e+04
6.335449e+03	2.462000e+04
6.335831e+03	-1.223200e+04
6.336212e+03	-3.272400e+04
6.336594e+03	2.461700e+04
6.336975e+03	2.463200e+04
6.337357e+03	-2.043200e+04
6.337738e+03	-8.145000e+03
6.338120e+03	6.500000e+01
6.338501e+03	4.166000e+03
6.338882e+03	-2.450400e+04
6.339264e+03	-2.041200e+04
6.339645e+03	-1.633000e+04
6.340027e+03	-2.859800e+04
6.340408e+03	-1.631200e+04
6.340790e+03	-4.034000e+03
6.341171e+03	1.236800e+04
6.341553e+03	4.170000e+03
6.341934e+03	1.645800e+04
6.342316e+03	-4.009000e+03
6.342697e+03	4.167000e+03
6.343079e+03	-3.267100e+04
6.343460e+03	-2.037000e+04
6.343842e+03	-2.036700e+04
6.344223e+03	4.205000e+03
6.344604e+03	8.284000e+03
6.344986e+03	1.236600e+04
6.345367e+03	-4.010000e+03
6.345749e+03	2.055100e+04
6.346130e+03	2.874400e+04
6.346512e+03	2.464200e+04
6.346893e+03	2.054800e+04
6.347275e+03	-1.221300e+04
6.347656e+03	5.600000e+01
6.348038e+03	-4.026000e+03
6.348419e+03	8.267000e+03
6.348801e+03	-8.130000e+03
6.349182e+03	-2.860200e+04
6.349564e+03	-1.631200e+04
6.349945e+03	-2.450900e+04
6.350327e+03	8.255000e+03
6.350708e+03	-1.631500e+04
6.351089e+03	2.055700e+04
6.351471e+03	-1.221600e+04
6.351852e+03	2.053500e+04
6.352234e+03	2.874600e+04
6.352615e+03	2.465000e+04
6.352997e+03	2.873200e+04
6.353378e+03	-1.632200e+04
6.353760e+03	-3.270300e+04
6.354141e+03	-1.632500e+04
6.354523e+03	-1.634000e+04
6.354904e+03	5.000000e+01
6.355286e+03	-2.861400e+04
6.355667e+03	1.644100e+04
6.356049e+03	-3.270500e+04
6.356430e+03	2.873300e+04
6.356812e+03	-2.044900e+04
6.357193e+03	-3.270600e+04
6.357574e+03	-4.032000e+03
6.357956e+03	8.247000e+03
6.358337e+03	-1.223400e+04
6.358719e+03	2.873000e+04
6.359100e+03	-2.041700e+04
6.359482e+03	1.235400e+04
6.359863e+03	1.234900e+04
6.360245e+03	-1.222600e+04
6.360626e+03	1.645300e+04
6.361008e+03	-8.126000e+03
6.361389e+03	2.053700e+04
6.361771e+03	2.872400e+04
6.362152e+03	-1.223000e+04
6.362534e+03	-2.041600e+04
6.362915e+03	2.464000e+04
6.363297e+03	-2.452200e+04
6.363678e+03	-1.633100e+04
6.364059e+03	2.463100e+04
6.364441e+03	8.224000e+03
6.364822e+03	-1.632100e+04
6.365204e+03	-2.041400e+04
6.365585e+03	-2.452000e+04
6.365967e+03	-4.036000e+03
6.366348e+03	-1.222400e+04
6.366730e+03	-8.134000e+03
6.367111e+03	-2.862500e+04
6.367493e+03	-8.139000e+03
6.367874e+03	2.054700e+04
6.368256e+03	-2.041300e+04
6.368637e+03	-4.041000e+03
6.369019e+03	-2.452200e+04
6.369400e+03	-2.041700e+04
6.369782e+03	-1.222100e+04
6.370163e+03	-1.631300e+04
6.370544e+03	2.464400e+04
6.370926e+03	-2.861900e+04
6.371307e+03	-8.138000e+03
6.371689e+03	-2.860900e+04
6.372070e+03	-8.127000e+03
6.372452e+03	-8.134000e+03
6.372833e+03	1.642700e+04
6.373215e+03	-4.040000e+03
6.373596e+03	1.643900e+04
6.373978e+03	-2.860800e+04
6.374359e+03	-8.126000e+03
6.374741e+03	-3.270900e+04
6.375122e+03	-8.134000e+03
6.375504e+03	-1.222500e+04
6.375885e+03	1.234800e+04
6.376266e+03	2.462400e+04
6.376648e+03	1.232500e+04
6.377029e+03	-1.632500e+04
6.377411e+03	2.464100e+04
6.377792e+03	-4.031000e+03
6.378174e+03	-1.223200e+04
6.378555e+03	-4.048000e+03
6.378937e+03	-3.269800e+04
6.379318e+03	-2.450500e+04
6.379700e+03	-2.451700e+04
6.380081e+03	-1.223300e+04
6.380463e+03	8.245000e+03
6.380844e+03	1.643600e+04
6.381226e+03	2.464300e+04
6.381607e+03	-1.632100e+04
6.381989e+03	6.700000e+01
6.382370e+03	8.264000e+03
6.382751e+03	1.644800e+04
6.383133e+03	4.152000e+03
6.383514e+03	-2.860600e+04
6.383896e+03	-1.223000e+04
6.384277e+03	-4.058000e+03
6.384659e+03	1.644300e+04
6.385040e+03	2.463800e+04
6.385422e+03	6.100000e+01
6.385803e+03	2.873100e+04
6.386185e+03	-2.451400e+04
6.386566e+03	-2.041700e+04
6.386948e+03	-2.041300e+04
6.387329e+03	2.464000e+04
6.387711e+03	1.641600e+04
6.388092e+03	8.258000e+03
6.388474e+03	2.873700e+04
6.388855e+03	1.643200e+04
6.389236e+03	-3.270600e+04
6.389618e+03	-1.632800e+04
6.389999e+03	-1.221900e+04
6.390381e+03	-1.221500e+04
6.390762e+03	-8.134000e+03
6.391144e+03	-3.268400e+04
6.391525e+03	9.100000e+01
6.391907e+03	-4.010000e+03
6.392288e+03	4.160000e+03
6.392670e+03	-2.040600e+04
6.393051e+03	-1.221000e+04
6.393433e+03	-2.860400e+04
6.393814e+03	1.234900e+04
6.394196e+03	-2.451500e+04
6.394577e+03	-1.633900e+04
6.394959e+03	2.051300e+04
6.395340e+03	-4.041000e+03
6.395721e+03	-2.041700e+04
6.396103e+03	-2.042200e+04
6.396484e+03	2.460300e+04
6.396866e+03	-1.633500e+04
6.397247e+03	-2.452600e+04
6.397629e+03	-2.041900e+04
6.398010e+03	-2.041700e+04
6.398392e+03	-8.141000e+03
6.398773e+03	-2.862400e+04
6.399155e+03	-2.452700e+04
6.399536e+03	4.112000e+03
6.399918e+03	2.462300e+04
6.400299e+03	-1.633500e+04
6.400681e+03	4.157000e+03
6.401062e+03	-2.041800e+04
6.401443e+03	-1.634000e+04
6.401825e+03	-3.271200e+04
6.402206e+03	-2.041700e+04
6.402588e+03	1.644100e+04
6.402969e+03	-1.633100e+04
6.403351e+03	2.873100e+04
6.403732e+03	-1.633000e+04
6.404114e+03	2.051900e+04
6.404495e+03	-1.224000e+04
6.404877e+03	2.053600e+04
6.405258e+03	1.235100e+04
6.405640e+03	-3.270200e+04
6.406021e+03	-2.451300e+04
6.406403e+03	4.152000e+03
6.406784e+03	-1.223400e+04
6.407166e+03	-2.453000e+04
6.407547e+03	2.872200e+04
6.407928e+03	2.054400e+04
6.408310e+03	-2.860700e+04
6.408691e+03	-1.223200e+04
6.409073e+03	1.645000e+04
6.409454e+03	-4.026000e+03
6.409836e+03	6.800000e+01
6.410217e+03	-8.132000e+03
6.410599e+03	-4.040000e+03
6.410980e+03	2.872900e+04
6.411362e+03	2.053800e+04
6.411743e+03	5.900000e+01
6.412125e+03	-2.861700e+04
6.412506e+03	4.100000e+01
6.412888e+03	-2.862800e+04
6.413269e+03	1.643900e+04
6.413651e+03	4.150000e+03
6.414032e+03	-3.272000e+04
6.414413e+03	2.200000e+01
6.414795e+03	-3.272100e+04
6.415176e+03	-1.632400e+04
6.415558e+03	1.644900e+04
6.415939e+03	-2.451400e+04
6.416321e+03	-1.634000e+04
6.416702e+03	5.900000e+01
6.417084e+03	1.235500e+04
6.417465e+03	8.257000e+03
6.417847e+03	2.462200e+04
6.418228e+03	-1.634500e+04
6.418610e+03	-8.144000e+03
6.418991e+03	1.234600e+04
6.419373e+03	1.645000e+04
6.419754e+03	2.874100e+04
6.420136e+03	-2.041000e+04
6.420517e+03	2.873700e+04
6.420898e+03	2.460800e+04
6.421280e+03	1.234600e+04
6.421661e+03	-1.222800e+04
6.422043e+03	2.052200e+04
6.422424e+03	-4.047000e+03
6.422806e+03	-8.134000e+03
6.423187e+03	-4.042000e+03
6.423569e+03	-2.862700e+04
6.423950e+03	8.236000e+03
6.424332e+03	-1.633300e+04
6.424713e+03	2.053800e+04
6.425095e+03	8.255000e+03
6.425476e+03	-4.033000e+03
6.425858e+03	-2.860700e+04
6.426239e+03	8.258000e+03
6.426620e+03	-2.861200e+04
6.427002e+03	-1.633500e+04
6.427383e+03	2.461300e+04
6.427765e+03	-2.453600e+04
6.428146e+03	8.251000e+03
6.428528e+03	-8.128000e+03
6.428909e+03	-1.631600e+04
6.429291e+03	-3.270000e+04
6.429672e+03	8.253000e+03
6.430054e+03	2.054000e+04
6.430435e+03	-2.450600e+04
6.430817e+03	1.645400e+04
6.431198e+03	-2.041400e+04
6.431580e+03	1.645500e+04
6.431961e+03	-1.221800e+04
6.432343e+03	-4.035000e+03
6.432724e+03	2.462100e+04
6.433105e+03	2.052900e+04
6.433487e+03	1.642300e+04
6.433868e+03	-2.862300e+04
6.434250e+03	-2.042400e+04
6.434631e+03	-1.222400e+04
6.435013e+03	8.261000e+03
6.435394e+03	2.054700e+04
6.435776e+03	1.644200e+04
6.436157e+03	-2.044300e+04
6.436539e+03	5.800000e+01
6.436920e+03	-2.451400e+04
6.437302e+03	1.000000e+00
6.437683e+03	6.200000e+01
6.438065e+03	-3.269900e+04
6.438446e+03	2.051400e+04
6.438828e+03	2.055500e+04
6.439209e+03	-3.268200e+04
6.439590e+03	-1.629900e+04
6.439972e+03	2.055700e+04
6.440353e+03	8.242000e+03
6.440735e+03	8.258000e+03
6.441116e+03	-1.222300e+04
6.441498e+03	-2.861800e+04
6.441879e+03	5.000000e+01
6.442261e+03	-4.052000e+03
6.442642e+03	2.872000e+04
6.443024e+03	3.700000e+01
6.443405e+03	-2.044200e+04
6.443787e+03	6.100000e+01
6.444168e+03	2.464600e+04
6.444550e+03	-3.269500e+04
6.444931e+03	-2.041400e+04
6.445313e+03	1.231200e+04
6.445694e+03	2.873400e+04
6.446075e+03	8.256000e+03
6.446457e+03	1.643400e+04
6.446838e+03	8.242000e+03
6.447220e+03	-3.272400e+04
6.447601e+03	-2.043400e+04
6.447983e+03	2.054800e+04
6.448364e+03	-2.450500e+04
6.448746e+03	-1.221900e+04
6.449127e+03	2.874300e+04
6.449509e+03	7.100000e+01
6.449890e+03	-2.041700e+04
6.450272e+03	-2.454900e+04
6.450653e+03	6.000000e+01
6.451035e+03	2.054600e+04
6.451416e+03	2.464300e+04
6.451797e+03	5.800000e+01
6.452179e+03	-2.452000e+04
6.452560e+03	-2.042400e+04
6.452942e+03	-2.454000e+04
6.453323e+03	6.300000e+01
6.453705e+03	-1.632200e+04
6.454086e+03	5.700000e+01
6.454468e+03	4.168000e+03
6.454849e+03	2.874600e+04
6.455231e+03	6.500000e+01
6.455612e+03	8.243000e+03
6.455994e+03	6.900000e+01
6.456375e+03	1.236000e+04
6.456757e+03	4.164000e+03
6.457138e+03	-3.271000e+04
6.457520e+03	-2.861900e+04
6.457901e+03	8.245000e+03
6.458282e+03	6.300000e+01
6.458664e+03	-2.450700e+04
6.459045e+03	-3.270000e+04
6.459427e+03	2.053600e+04
6.459808e+03	1.000000e+01
6.460190e+03	-1.223600e+04
6.460571e+03	1.644300e+04
6.460953e+03	5.800000e+01
6.461334e+03	-2.042800e+04
6.461716e+03	-2.454400e+04
6.462097e+03	-2.041600e+04
6.462479e+03	-1.631500e+04
6.462860e+03	-3.270500e+04
6.463242e+03	8.247000e+03
6.463623e+03	-2.041200e+04
6.464005e+03	6.800000e+01
6.464386e+03	1.234300e+04
6.464767e+03	-1.224200e+04
6.465149e+03	2.052900e+04
6.465530e+03	-4.037000e+03
6.465912e+03	-3.270100e+04
6.466293e+03	2.873800e+04
6.466675e+03	-3.271000e+04
6.467056e+03	-1.632300e+04
6.467438e+03	2.054300e+04
6.467819e+03	-3.271000e+04
6.468201e+03	-4.048000e+03
6.468582e+03	-2.453000e+04
6.468964e+03	-8.150000e+03
6.469345e+03	-8.176000e+03
6.469727e+03	-2.862200e+04
6.470108e+03	-3.271500e+04
6.470490e+03	-4.058000e+03
6.470871e+03	5.700000e+01
6.471252e+03	1.235100e+04
6.471634e+03	-8.137000e+03
6.472015e+03	-2.452000e+04
6.472397e+03	4.162000e+03
6.472778e+03	1.235600e+04
6.473160e+03	2.054700e+04
6.473541e+03	8.253000e+03
6.473923e+03	-2.451600e+04
6.474304e+03	2.055000e+04
6.474686e+03	8.258000e+03
6.475067e+03	-4.056000e+03
6.475449e+03	-8.125000e+03
6.475830e+03	1.235700e+04
6.476212e+03	-1.223000e+04
6.476593e+03	4.131000e+03
6.476974e+03	4.151000e+03
6.477356e+03	-1.631800e+04
6.477737e+03	-1.631600e+04
6.478119e+03	2.464100e+04
6.478500e+03	-4.037000e+03
6.478882e+03	-8.134000e+03
6.479263e+03	8.265000e+03
6.479645e+03	-2.040300e+04
6.480026e+03	-2.040900e+04
6.480408e+03	2.054300e+04
6.480789e+03	4.163000e+03
6.481171e+03	-1.222600e+04
6.481552e+03	-3.270100e+04
6.481934e+03	2.055000e+04
6.482315e+03	-2.451700e+04
6.482697e+03	-1.222800e+04
6.483078e+03	2.873400e+04
6.483459e+03	-8.158000e+03
6.483841e+03	-2.451600e+04
6.484222e+03	-4.032000e+03
6.484604e+03	-1.223200e+04
6.484985e+03	-2.043900e+04
6.485367e+03	1.643500e+04
6.485748e+03	1.234700e+04
6.486130e+03	-3.270800e+04
6.486511e+03	1.643700e+04
6.486893e+03	1.643700e+04
6.487274e+03	6.000000e+01
6.487656e+03	-2.042900e+04
6.488037e+03	-2.862300e+04
6.488419e+03	-1.632400e+04
6.488800e+03	2.054000e+04
6.489182e+03	4.138000e+03
6.489563e+03	1.233900e+04
6.489944e+03	8.255000e+03
6.490326e+03	4.160000e+03
6.490707e+03	-2.861700e+04
6.491089e+03	2.053200e+04
6.491470e+03	-4.040000e+03
6.491852e+03	1.234000e+04
6.492233e+03	-4.070000e+03
6.492615e+03	-1.636000e+04
6.492996e+03	-2.863500e+04
6.493378e+03	2.053400e+04
6.493759e+03	-3.270500e+04
6.494141e+03	2.464900e+04
6.494522e+03	2.055700e+04
6.494904e+03	-2.040800e+04
6.495285e+03	-1.222500e+04
6.495667e+03	-1.631500e+04
6.496048e+03	2.054700e+04
6.496429e+03	1.643500e+04
6.496811e+03	2.871500e+04
6.497192e+03	-1.633600e+04
6.497574e+03	-8.130000e+03
6.497955e+03	-2.860400e+04
6.498337e+03	6.600000e+01
6.498718e+03	-1.632500e+04
6.499100e+03	2.053900e+04
6.499481e+03	-1.223300e+04
6.499863e+03	-8.154000e+03
6.500244e+03	2.461800e+04
6.500626e+03	-4.042000e+03
6.501007e+03	8.246000e+03
6.501389e+03	-2.043000e+04
6.501770e+03	-2.452600e+04
6.502151e+03	-1.227200e+04
6.502533e+03	-8.144000e+03
6.502914e+03	-1.633300e+04
6.503296e+03	4.800000e+01
6.503677e+03	-8.140000e+03
6.504059e+03	1.234000e+04
6.504440e+03	1.645000e+04
6.504822e+03	2.055000e+04
6.505203e+03	2.873000e+04
6.505585e+03	2.463600e+04
6.505966e+03	-2.450200e+04
6.506348e+03	-1.221600e+04
6.506729e+03	5.300000e+01
6.507111e+03	2.463700e+04
6.507492e+03	2.054600e+04
6.507874e+03	-2.861000e+04
6.508255e+03	2.054800e+04
6.508636e+03	-2.040900e+04
6.509018e+03	1.644800e+04
6.509399e+03	1.642400e+04
6.509781e+03	6.500000e+01
6.510162e+03	4.168000e+03
6.510544e+03	-4.025000e+03
6.510925e+03	-2.451300e+04
6.511307e+03	1.230700e+04
6.511688e+03	-8.133000e+03
6.512070e+03	2.054300e+04
6.512451e+03	1.234600e+04
6.512833e+03	4.139000e+03
6.513214e+03	2.051700e+04
6.513596e+03	8.241000e+03
6.513977e+03	1.234100e+04
6.514359e+03	1.642800e+04
6.514740e+03	4.142000e+03
6.515121e+03	2.873600e+04
6.515503e+03	1.235500e+04
6.515884e+03	-4.038000e+03
6.516266e+03	-2.042100e+04
6.516647e+03	-1.221900e+04
6.517029e+03	4.165000e+03
6.517410e+03	8.252000e+03
6.517792e+03	2.051900e+04
6.518173e+03	-4.057000e+03
6.518555e+03	2.872600e+04
6.518936e+03	-8.131000e+03
6.519318e+03	-2.041900e+04
6.519699e+03	-4.046000e+03
6.520081e+03	4.800000e+01
6.520462e+03	-2.860700e+04
6.520844e+03	1.235800e+04
6.521225e+03	6.800000e+01
6.521606e+03	-2.042400e+04
6.521988e+03	4.140000e+03
6.522369e+03	-2.041800e+04
6.522751e+03	6.700000e+01
6.523132e+03	2.873800e+04
6.523514e+03	-2.041700e+04
6.523895e+03	-2.451600e+04
6.524277e+03	-8.126000e+03
6.524658e+03	8.259000e+03
6.525040e+03	-1.223600e+04
6.525421e+03	-2.454800e+04
6.525803e+03	-8.152000e+03
6.526184e+03	-2.042000e+04
6.526566e+03	-3.270000e+04
6.526947e+03	-3.270500e+04
6.527328e+03	2.054100e+04
6.527710e+03	2.873800e+04
6.528091e+03	1.234600e+04
6.528473e+03	-3.273300e+04
6.528854e+03	2.462600e+04
6.529236e+03	2.464000e+04
6.529617e+03	1.645500e+04
6.529999e+03	6.300000e+01
6.530380e+03	8.250000e+03
6.530762e+03	-2.041300e+04
6.531143e+03	-4.044000e+03
6.531525e+03	-2.041000e+04
6.531906e+03	-1.221000e+04
6.532288e+03	-1.221200e+04
6.532669e+03	6.800000e+01
6.533051e+03	-3.271200e+04
6.533432e+03	-2.862800e+04
6.533813e+03	-1.224200e+04
6.534195e+03	4.164000e+03
6.534576e+03	-1.220600e+04
6.534958e+03	2.875800e+04
6.535339e+03	2.875200e+04
6.535721e+03	2.053300e+04
6.536102e+03	1.645000e+04
6.536484e+03	-1.632000e+04
6.536865e+03	-2.861200e+04
6.537247e+03	6.600000e+01
6.537628e+03	-3.271300e+04
6.538010e+03	-4.041000e+03
6.538391e+03	-8.129000e+03
6.538773e+03	2.463400e+04
6.539154e+03	-3.272000e+04
6.539536e+03	-4.048000e+03
6.539917e+03	1.234500e+04
6.540298e+03	-3.270900e+04
6.540680e+03	1.235100e+04
6.541061e+03	-1.222100e+04
6.541443e+03	-1.632000e+04
6.541824e+03	-4.050000e+03
6.542206e+03	5.400000e+01
6.542587e+03	2.463700e+04
6.542969e+03	-4.036000e+03
6.543350e+03	2.872800e+04
6.543732e+03	-3.272400e+04
6.544113e+03	-2.452300e+04
6.544495e+03	1.233800e+04
6.544876e+03	-1.634300e+04
6.545258e+03	-2.041900e+04
6.545639e+03	2.464100e+04
6.546021e+03	-2.042000e+04
6.546402e+03	-2.043000e+04
6.546783e+03	5.600000e+01
6.547165e+03	1.644600e+04
6.547546e+03	-1.222300e+04
6.547928e+03	2.054100e+04
6.548309e+03	-2.862700e+04
6.548691e+03	4.151000e+03
6.549072e+03	4.156000e+03
6.549454e+03	-8.134000e+03
6.549835e+03	-1.632700e+04
6.550217e+03	-8.150000e+03
6.550598e+03	-1.633700e+04
6.550980e+03	-2.452100e+04
6.551361e+03	-1.226100e+04
6.551743e+03	-1.222900e+04
6.552124e+03	-2.041700e+04
6.552506e+03	1.233700e+04
6.552887e+03	-3.271400e+04
6.553268e+03	6.400000e+01
6.553650e+03	6.000000e+01
6.554031e+03	1.644000e+04
6.554413e+03	-2.861700e+04
6.554794e+03	4.136000e+03
6.555176e+03	-4.045000e+03
6.555557e+03	-1.223100e+04
6.555939e+03	1.234600e+04
6.556320e+03	1.644300e+04
6.556702e+03	4.160000e+03
6.557083e+03	-4.030000e+03
6.557465e+03	1.235100e+04
6.557846e+03	-2.043100e+04
6.558228e+03	2.872900e+04
6.558609e+03	-8.127000e+03
6.558990e+03	4.164000e+03
6.559372e+03	-4.032000e+03
6.559753e+03	4.149000e+03
6.560135e+03	-2.861000e+04
6.560516e+03	-2.041300e+04
6.560898e+03	2.054200e+04
6.561279e+03	-8.135000e+03
6.561661e+03	8.251000e+03
6.562042e+03	2.053200e+04
6.562424e+03	-2.452700e+04
6.562805e+03	5.900000e+01
6.563187e+03	-8.137000e+03
6.563568e+03	2.050100e+04
6.563950e+03	1.643900e+04
6.564331e+03	1.644200e+04
6.564713e+03	-2.453200e+04
6.565094e+03	-2.862500e+04
6.565475e+03	-8.133000e+03
6.565857e+03	-2.861300e+04
6.566238e+03	-2.452000e+04
6.566620e+03	4.150000e+03
6.567001e+03	2.053200e+04
6.567383e+03	5.700000e+01
6.567764e+03	-1.223300e+04
6.568146e+03	-4.041000e+03
6.568527e+03	-2.860700e+04
6.568909e+03	2.054500e+04
6.569290e+03	-2.452600e+04
6.569672e+03	-8.151000e+03
6.570053e+03	2.052800e+04
6.570435e+03	8.243000e+03
6.570816e+03	-2.041900e+04
6.571198e+03	-2.860900e+04
6.571579e+03	-3.270600e+04
6.571960e+03	-8.129000e+03
6.572342e+03	2.464300e+04
6.572723e+03	-1.222000e+04
6.573105e+03	1.643800e+04
6.573486e+03	-2.451700e+04
6.573868e+03	-4.025000e+03
6.574249e+03	2.054900e+04
6.574631e+03	-1.223400e+04
6.575012e+03	2.873300e+04
6.575394e+03	1.644400e+04
6.575775e+03	-8.153000e+03
6.576157e+03	-3.271200e+04
6.576538e+03	8.254000e+03
6.576920e+03	2.464000e+04
6.577301e+03	-4.040000e+03
6.577683e+03	1.642700e+04
6.578064e+03	2.873300e+04
6.578445e+03	2.054100e+04
6.578827e+03	4.148000e+03
6.579208e+03	-2.043700e+04
6.579590e+03	-4.043000e+03
6.579971e+03	1.644700e+04
6.580353e+03	-2.860700e+04
6.580734e+03	8.254000e+03
6.581116e+03	1.644100e+04
6.581497e+03	1.643500e+04
6.581879e+03	-2.452100e+04
6.582260e+03	2.463200e+04
6.582642e+03	1.644300e+04
6.583023e+03	4.158000e+03
6.583405e+03	6.000000e+01
6.583786e+03	-2.861200e+04
6.584167e+03	1.644900e+04
6.584549e+03	-1.632500e+04
6.584930e+03	2.052700e+04
6.585312e+03	2.872400e+04
6.585693e+03	-1.224300e+04
6.586075e+03	2.463500e+04
6.586456e+03	2.873500e+04
6.586838e+03	-1.632700e+04
6.587219e+03	-2.454500e+04
6.587601e+03	-4.059000e+03
6.587982e+03	1.233200e+04
6.588364e+03	-2.453300e+04
6.588745e+03	-1.633700e+04
6.589127e+03	-3.271800e+04
6.589508e+03	8.237000e+03
6.589890e+03	-2.862400e+04
6.590271e+03	2.463200e+04
6.590652e+03	-1.632300e+04
6.591034e+03	2.054100e+04
6.591415e+03	-2.042200e+04
6.591797e+03	6.000000e+01
6.592178e+03	2.463400e+04
6.592560e+03	1.234200e+04
6.592941e+03	2.872300e+04
6.593323e+03	1.000000e+00
6.593704e+03	5.700000e+01
6.594086e+03	2.054700e+04
6.594467e+03	2.054600e+04
6.594849e+03	1.234700e+04
6.595230e+03	-1.633600e+04
6.595612e+03	-3.272200e+04
6.595993e+03	-1.632700e+04
6.596375e+03	2.873200e+04
6.596756e+03	-2.042500e+04
6.597137e+03	-3.271400e+04
6.597519e+03	5.900000e+01
6.597900e+03	2.872800e+04
6.598282e+03	-1.635100e+04
6.598663e+03	1.234100e+04
6.599045e+03	2.054000e+04
6.599426e+03	-2.861300e+04
6.599808e+03	2.463500e+04
6.600189e+03	1.235400e+04
6.600571e+03	-2.450500e+04
6.600952e+03	8.263000e+03
6.601334e+03	-4.035000e+03
6.601715e+03	-4.060000e+03
6.602097e+03	2.052200e+04
6.602478e+03	-3.271400e+04
6.602860e+03	2.463600e+04
6.603241e+03	2.054100e+04
6.603622e+03	2.463400e+04
6.604004e+03	2.053800e+04
6.604385e+03	-1.224600e+04
6.604767e+03	-4.038000e+03
6.605148e+03	-8.127000e+03
6.605530e+03	2.463800e+04
6.605911e+03	-2.862100e+04
6.606293e+03	-2.451400e+04
6.606674e+03	-1.631700e+04
6.607056e+03	2.054600e+04
6.607437e+03	-4.047000e+03
6.607819e+03	-2.861700e+04
6.608200e+03	-8.127000e+03
6.608582e+03	2.463700e+04
6.608963e+03	2.054900e+04
6.609344e+03	1.646100e+04
6.609726e+03	-2.040500e+04
6.610107e+03	-8.127000e+03
6.610489e+03	4.147000e+03
6.610870e+03	-3.271100e+04
6.611252e+03	-8.125000e+03
6.611633e+03	1.645700e+04
6.612015e+03	1.645500e+04
6.612396e+03	2.054300e+04
6.612778e+03	8.255000e+03
6.613159e+03	-2.860700e+04
6.613541e+03	-4.035000e+03
6.613922e+03	-8.139000e+03
6.614304e+03	1.232500e+04
6.614685e+03	2.870500e+04
6.615067e+03	4.148000e+03
6.615448e+03	-4.033000e+03
6.615829e+03	2.054300e+04
6.616211e+03	6.000000e+01
6.616592e+03	2.874600e+04
6.616974e+03	1.646200e+04
6.617355e+03	-2.041000e+04
6.617737e+03	-2.042000e+04
6.618118e+03	-8.122000e+03
6.618500e+03	1.235400e+04
6.618881e+03	8.236000e+03
6.619263e+03	5.000000e+01
6.619644e+03	-2.454300e+04
6.620026e+03	-2.451600e+04
6.620407e+03	-2.861200e+04
6.620789e+03	-8.142000e+03
6.621170e+03	-4.033000e+03
6.621552e+03	6.200000e+01
6.621933e+03	-2.453100e+04
6.622314e+03	2.874100e+04
6.622696e+03	-2.040500e+04
6.623077e+03	1.646000e+04
6.623459e+03	1.236000e+04
6.623840e+03	1.235100e+04
6.624222e+03	4.156000e+03
6.624603e+03	-2.451900e+04
6.624985e+03	4.200000e+01
6.625366e+03	-2.451900e+04
6.625748e+03	-2.451600e+04
6.626129e+03	2.872100e+04
6.626511e+03	-2.862600e+04
6.626892e+03	-2.451900e+04
6.627274e+03	-2.042500e+04
6.627655e+03	2.872400e+04
6.628037e+03	2.053800e+04
6.628418e+03	-4.040000e+03
6.628799e+03	-4.045000e+03
6.629181e+03	-2.042400e+04
6.629562e+03	1.235400e+04
6.629944e+03	1.235800e+04
6.630325e+03	-1.631700e+04
6.630707e+03	4.149000e+03
6.631088e+03	-2.452600e+04
6.631470e+03	-1.632900e+04
6.631851e+03	2.463300e+04
6.632233e+03	2.873400e+04
6.632614e+03	-2.451500e+04
6.632996e+03	-1.633200e+04
6.633377e+03	-8.144000e+03
6.633759e+03	-8.136000e+03
6.634140e+03	1.234800e+04
6.634521e+03	8.249000e+03
6.634903e+03	-2.452200e+04
6.635284e+03	-2.041900e+04
6.635666e+03	-8.132000e+03
6.636047e+03	2.463000e+04
6.636429e+03	8.251000e+03
6.636810e+03	-2.042100e+04
6.637192e+03	8.246000e+03
6.637573e+03	-2.863200e+04
6.637955e+03	2.460600e+04
6.638336e+03	4.700000e+01
6.638718e+03	2.054300e+04
6.639099e+03	-4.028000e+03
6.639481e+03	-1.222400e+04
6.639862e+03	1.232400e+04
6.640244e+03	4.155000e+03
6.640625e+03	-2.451200e+04
6.641006e+03	-3.271100e+04
6.641388e+03	2.462500e+04
6.641769e+03	1.644400e+04
6.642151e+03	1.644500e+04
6.642532e+03	-2.862100e+04
6.642914e+03	-3.272900e+04
6.643295e+03	-4.055000e+03
6.643677e+03	-2.864500e+04
6.644058e+03	-2.453100e+04
6.644440e+03	1.644000e+04
6.644821e+03	-3.270900e+04
6.645203e+03	1.644200e+04
6.645584e+03	-3.273100e+04
6.645966e+03	-3.271400e+04
6.646347e+03	4.162000e+03
6.646729e+03	-1.222000e+04
6.647110e+03	-3.270100e+04
6.647491e+03	-8.133000e+03
6.647873e+03	-4.054000e+03
6.648254e+03	-1.632300e+04
6.648636e+03	-2.451500e+04
6.649017e+03	1.234000e+04
6.649399e+03	1.235100e+04
6.649780e+03	1.645000e+04
6.650162e+03	-2.041600e+04
6.650543e+03	8.257000e+03
6.650925e+03	2.463800e+04
6.651306e+03	1.642700e+04
6.651688e+03	5.100000e+01
6.652069e+03	-1.222900e+04
6.652451e+03	8.255000e+03
6.652832e+03	1.235100e+04
6.653214e+03	2.053300e+04
6.653595e+03	8.242000e+03
6.653976e+03	-3.270300e+04
6.654358e+03	-1.632200e+04
6.654739e+03	-3.272900e+04
6.655121e+03	1.645400e+04
6.655502e+03	4.172000e+03
6.655884e+03	2.055200e+04
6.656265e+03	-2.451700e+04
6.656647e+03	-2.860800e+04
6.657028e+03	-2.860800e+04
6.657410e+03	-1.224200e+04
6.657791e+03	-4.043000e+03
6.658173e+03	8.253000e+03
6.658554e+03	-4.054000e+03
6.658936e+03	1.234900e+04
6.659317e+03	-1.221900e+04
6.659698e+03	8.260000e+03
6.660080e+03	2.053900e+04
6.660461e+03	-3.271500e+04
6.660843e+03	-1.224100e+04
6.661224e+03	2.052300e+04
6.661606e+03	6.100000e+01
6.661987e+03	-3.270300e+04
6.662369e+03	-2.861000e+04
6.662750e+03	1.234700e+04
6.663132e+03	-2.451300e+04
6.663513e+03	4.162000e+03
6.663895e+03	-1.222500e+04
6.664276e+03	1.234700e+04
6.664658e+03	-2.452200e+04
6.665039e+03	-2.456100e+04
6.665421e+03	-2.042500e+04
6.665802e+03	4.163000e+03
6.666183e+03	1.645500e+04
6.666565e+03	1.235900e+04
6.666946e+03	6.500000e+01
6.667328e+03	-1.224600e+04
6.667709e+03	1.644000e+04
6.668091e+03	-1.632400e+04
6.668472e+03	-3.270500e+04
6.668854e+03	8.251000e+03
6.669235e+03	2.872000e+04
6.669617e+03	-8.128000e+03
6.669998e+03	2.054200e+04
6.670380e+03	4.150000e+03
6.670761e+03	2.055800e+04
6.671143e+03	-2.859000e+04
6.671524e+03	2.055800e+04
6.671906e+03	6.100000e+01
6.672287e+03	6.500000e+01
6.672668e+03	-1.632000e+04
6.673050e+03	4.139000e+03
6.673431e+03	-8.138000e+03
6.673813e+03	-2.042000e+04
6.674194e+03	-1.633100e+04
6.674576e+03	-1.226000e+04
6.674957e+03	1.644100e+04
6.675339e+03	2.464100e+04
6.675720e+03	-1.222400e+04
6.676102e+03	-2.452500e+04
6.676483e+03	2.461900e+04
6.676865e+03	-3.271200e+04
6.677246e+03	2.461900e+04
6.677628e+03	2.053400e+04
6.678009e+03	1.235500e+04
6.678391e+03	-1.631700e+04
6.678772e+03	-4.038000e+03
6.679153e+03	4.142000e+03
6.679535e+03	-2.043000e+04
6.679916e+03	-2.452200e+04
6.680298e+03	-4.048000e+03
6.680679e+03	8.224000e+03
6.681061e+03	5.500000e+01
6.681442e+03	2.462900e+04
6.681824e+03	2.870500e+04
6.682205e+03	-1.224000e+04
6.682587e+03	-8.133000e+03
6.682968e+03	2.464000e+04
6.683350e+03	-4.033000e+03
6.683731e+03	-2.861400e+04
6.684113e+03	2.463300e+04
6.684494e+03	8.253000e+03
6.684875e+03	4.159000e+03
6.685257e+03	-2.042100e+04
6.685638e+03	-1.632800e+04
6.686020e+03	-2.042800e+04
6.686401e+03	8.234000e+03
6.686783e+03	1.641600e+04
6.687164e+03	-3.271700e+04
6.687546e+03	-3.271500e+04
6.687927e+03	1.234100e+04
6.688309e+03	-1.633400e+04
6.688690e+03	4.139000e+03
6.689072e+03	3.500000e+01
6.689453e+03	-3.271200e+04
6.689835e+03	-2.861100e+04
6.690216e+03	-4.041000e+03
6.690598e+03	-2.452400e+04
6.690979e+03	-8.128000e+03
6.691360e+03	2.873900e+04
6.691742e+03	8.256000e+03
6.692123e+03	-1.632700e+04
6.692505e+03	-8.141000e+03
6.692886e+03	5.600000e+01
6.693268e+03	-1.223000e+04
6.693649e+03	-4.045000e+03
6.694031e+03	-8.164000e+03
6.694412e+03	-3.273300e+04
6.694794e+03	4.148000e+03
6.695175e+03	2.054000e+04
6.695557e+03	8.255000e+03
6.695938e+03	-1.223000e+04
6.696320e+03	-4.037000e+03
6.696701e+03	2.054300e+04
6.697083e+03	2.872500e+04
6.697464e+03	1.234200e+04
6.697845e+03	-2.860400e+04
6.698227e+03	1.235500e+04
6.698608e+03	2.051600e+04
6.698990e+03	-1.222300e+04
6.699371e+03	-2.450600e+04
6.699753e+03	-2.041500e+04
6.700134e+03	4.157000e+03
6.700516e+03	2.873400e+04
6.700897e+03	6.800000e+01
6.701279e+03	-4.031000e+03
6.701660e+03	4.142000e+03
6.702042e+03	1.643900e+04
6.702423e+03	1.644500e+04
6.702805e+03	-1.222000e+04
6.703186e+03	-1.631100e+04
6.703568e+03	4.167000e+03
6.703949e+03	-1.632500e+04
6.704330e+03	2.462000e+04
6.704712e+03	2.871100e+04
6.705093e+03	-2.861000e+04
6.705475e+03	4.161000e+03
6.705856e+03	-1.632800e+04
6.706238e+03	-1.632000e+04
6.706619e+03	2.464500e+04
6.707001e+03	-1.632000e+04
6.707382e+03	2.872500e+04
6.707764e+03	-1.222400e+04
6.708145e+03	-2.450900e+04
6.708527e+03	-1.632500e+04
6.708908e+03	-8.141000e+03
6.709290e+03	-1.223300e+04
6.709671e+03	2.052900e+04
6.710052e+03	4.154000e+03
6.710434e+03	5.800000e+01
6.710815e+03	4.159000e+03
6.711197e+03	-2.859900e+04
6.711578e+03	7.300000e+01
6.711960e+03	-1.632700e+04
6.712341e+03	-2.861100e+04
6.712723e+03	8.263000e+03
6.713104e+03	-1.631800e+04
6.713486e+03	-2.452100e+04
6.713867e+03	-4.030000e+03
6.714249e+03	-4.028000e+03
6.714630e+03	-3.271500e+04
6.715012e+03	1.644500e+04
6.715393e+03	2.464700e+04
6.715775e+03	-1.631500e+04
6.716156e+03	2.463800e+04
6.716537e+03	8.252000e+03
6.716919e+03	-2.042500e+04
6.717300e+03	-4.037000e+03
6.717682e+03	-1.632500e+04
6.718063e+03	-3.272100e+04
6.718445e+03	-1.221000e+04
6.718826e+03	2.056700e+04
6.719208e+03	1.237600e+04
6.719589e+03	-2.449600e+04
6.719971e+03	2.872600e+04
6.720352e+03	2.054500e+04
6.720734e+03	1.235600e+04
6.721115e+03	2.872900e+04
6.721497e+03	2.870900e+04
6.721878e+03	-1.633000e+04
6.722260e+03	-3.272200e+04
6.722641e+03	2.873200e+04
6.723022e+03	-8.126000e+03
6.723404e+03	1.644300e+04
6.723785e+03	1.233700e+04
6.724167e+03	-1.632000e+04
6.724548e+03	2.873200e+04
6.724930e+03	8.251000e+03
6.725311e+03	-2.451400e+04
6.725693e+03	-1.632200e+04
6.726074e+03	-3.269600e+04
6.726456e+03	-2.859900e+04
6.726837e+03	-1.632100e+04
6.727219e+03	1.234400e+04
6.727600e+03	-3.271100e+04
6.727982e+03	-1.632700e+04
6.728363e+03	4.161000e+03
6.728745e+03	-8.137000e+03
6.729126e+03	-2.042000e+04
6.729507e+03	7.100000e+01
6.729889e+03	7.300000e+01
6.730270e+03	-4.029000e+03
6.730652e+03	-2.861200e+04
6.731033e+03	-1.632200e+04
6.731415e+03	-1.222900e+04
6.731796e+03	-3.270700e+04
6.732178e+03	-2.450500e+04
6.732559e+03	-8.123000e+03
6.732941e+03	8.241000e+03
6.733322e+03	5.000000e+01
6.733704e+03	1.643100e+04
6.734085e+03	-1.633200e+04
6.734467e+03	2.872800e+04
6.734848e+03	8.238000e+03
6.735229e+03	6.500000e+01
6.735611e+03	-2.860800e+04
6.735992e+03	2.049800e+04
6.736374e+03	1.645100e+04
6.736755e+03	2.054900e+04
6.737137e+03	-8.127000e+03
6.737518e+03	-2.041900e+04
6.737900e+03	-2.862200e+04
6.738281e+03	-1.632900e+04
6.738663e+03	4.152000e+03
6.739044e+03	-8.148000e+03
6.739426e+03	-1.222600e+04
6.739807e+03	-4.035000e+03
6.740189e+03	5.600000e+01
6.740570e+03	-1.632100e+04
6.740952e+03	6.000000e+01
6.741333e+03	4.152000e+03
6.741714e+03	1.235000e+04
6.742096e+03	2.463800e+04
6.742477e+03	-2.453000e+04
6.742859e+03	-1.633400e+04
6.743240e+03	-2.860700e+04
6.743622e+03	-1.631800e+04
6.744003e+03	1.644300e+04
6.744385e+03	1.233000e+04
6.744766e+03	1.643800e+04
6.745148e+03	-2.860700e+04
6.745529e+03	-1.632000e+04
6.745911e+03	2.461000e+04
6.746292e+03	1.235300e+04
6.746674e+03	1.235900e+04
6.747055e+03	-4.032000e+03
6.747437e+03	1.233600e+04
6.747818e+03	-4.056000e+03
6.748199e+03	2.461300e+04
6.748581e+03	-3.274100e+04
6.748962e+03	-4.055000e+03
6.749344e+03	2.462200e+04
6.749725e+03	-2.042800e+04
6.750107e+03	4.159000e+03
6.750488e+03	8.257000e+03
6.750870e+03	-1.632700e+04
6.751251e+03	1.232300e+04
6.751633e+03	1.233300e+04
6.752014e+03	-1.223200e+04
6.752396e+03	-8.133000e+03
6.752777e+03	8.247000e+03
6.753159e+03	2.872800e+04
6.753540e+03	-8.141000e+03
6.753922e+03	8.212000e+03
6.754303e+03	-3.273700e+04
6.754684e+03	-1.633400e+04
6.755066e+03	1.235000e+04
6.755447e+03	-2.861400e+04
6.755829e+03	-1.222500e+04
6.756210e+03	1.235900e+04
6.756592e+03	1.234900e+04
6.756973e+03	6.200000e+01
6.757355e+03	-4.024000e+03
6.757736e+03	2.054700e+04
6.758118e+03	4.150000e+03
6.758499e+03	1.233900e+04
6.758881e+03	8.242000e+03
6.759262e+03	-8.129000e+03
6.759644e+03	2.462700e+04
6.760025e+03	-1.222500e+04
6.760407e+03	-4.032000e+03
6.760788e+03	2.054000e+04
6.761169e+03	-3.269300e+04
6.761551e+03	1.645700e+04
6.761932e+03	-2.860800e+04
6.762314e+03	-1.631500e+04
6.762695e+03	2.050300e+04
6.763077e+03	4.173000e+03
6.763458e+03	2.465300e+04
6.763840e+03	4.200000e+01
6.764221e+03	1.236600e+04
6.764603e+03	2.874100e+04
6.764984e+03	1.237400e+04
6.765366e+03	1.237900e+04
6.765747e+03	4.152000e+03
6.766129e+03	1.050000e+02
6.766510e+03	8.306000e+03
6.766891e+03	1.649800e+04
6.767273e+03	1.050000e+02
6.767654e+03	8.260000e+03
6.768036e+03	-8.104000e+03
6.768417e+03	2.465800e+04
6.768799e+03	2.874300e+04
6.769180e+03	1.236800e+04
6.769562e+03	8.252000e+03
6.769943e+03	-2.040900e+04
6.770325e+03	-3.270100e+04
6.770706e+03	2.873800e+04
6.771088e+03	-8.117000e+03
6.771469e+03	-3.270800e+04
6.771851e+03	-2.041300e+04
6.772232e+03	1.645300e+04
6.772614e+03	-8.142000e+03
6.772995e+03	-3.269800e+04
6.773376e+03	8.256000e+03
6.773758e+03	6.200000e+01
6.774139e+03	-2.450800e+04
6.774521e+03	2.872400e+04
6.774902e+03	4.156000e+03
6.775284e+03	8.252000e+03
6.775665e+03	2.464700e+04
6.776047e+03	-2.450000e+04
6.776428e+03	-2.041400e+04
6.776810e+03	-4.046000e+03
6.777191e+03	-8.133000e+03
6.777573e+03	-2.451700e+04
6.777954e+03	-1.631300e+04
6.778336e+03	-8.126000e+03
6.778717e+03	-1.632200e+04
6.779099e+03	1.645200e+04
6.779480e+03	2.052600e+04
6.779861e+03	1.645500e+04
6.780243e+03	-2.859600e+04
6.780624e+03	-8.126000e+03
6.781006e+03	2.463000e+04
6.781387e+03	-2.861300e+04
6.781769e+03	2.053900e+04
6.782150e+03	-4.033000e+03
6.782532e+03	8.257000e+03
6.782913e+03	2.874500e+04
6.783295e+03	-3.269400e+04
6.783676e+03	2.464400e+04
6.784058e+03	-2.860600e+04
6.784439e+03	-2.451400e+04
6.784821e+03	-2.042300e+04
6.785202e+03	4.167000e+03
6.785584e+03	-8.124000e+03
6.785965e+03	8.235000e+03
6.786346e+03	2.464100e+04
6.786728e+03	-3.269700e+04
6.787109e+03	-4.030000e+03
6.787491e+03	1.234200e+04
6.787872e+03	-1.633200e+04
6.788254e+03	-1.632300e+04
6.788635e+03	2.463900e+04
6.789017e+03	-2.860700e+04
6.789398e+03	1.235100e+04
6.789780e+03	2.873100e+04
6.790161e+03	-2.451700e+04
6.790543e+03	-1.632800e+04
6.790924e+03	-2.452000e+04
6.791306e+03	-1.222700e+04
6.791687e+03	1.234800e+04
6.792068e+03	4.600000e+01
6.792450e+03	-4.050000e+03
6.792831e+03	5.700000e+01
6.793213e+03	4.157000e+03
6.793594e+03	2.054600e+04
6.793976e+03	-2.041400e+04
6.794357e+03	1.644200e+04
6.794739e+03	2.054200e+04
6.795120e+03	1.235600e+04
6.795502e+03	-2.861100e+04
6.795883e+03	1.641000e+04
6.796265e+03	1.643200e+04
6.796646e+03	-1.224700e+04
6.797028e+03	-8.151000e+03
6.797409e+03	-1.633100e+04
6.797791e+03	5.400000e+01
6.798172e+03	-8.152000e+03
6.798553e+03	2.871200e+04
6.798935e+03	5.000000e+01
6.799316e+03	-3.273300e+04
6.799698e+03	-2.452200e+04
6.800079e+03	-1.632300e+04
6.800461e+03	-2.861300e+04
6.800842e+03	2.872700e+04
6.801224e+03	5.300000e+01
6.801605e+03	1.643200e+04
6.801987e+03	3.700000e+01
6.802368e+03	1.232800e+04
6.802750e+03	2.872400e+04
6.803131e+03	-1.633000e+04
6.803513e+03	1.233000e+04
6.803894e+03	-1.634300e+04
6.804276e+03	-3.271100e+04
6.804657e+03	2.054200e+04
6.805038e+03	-2.452200e+04
6.805420e+03	-2.045100e+04
6.805801e+03	8.252000e+03
6.806183e+03	2.054100e+04
6.806564e+03	4.150000e+03
6.806946e+03	-8.132000e+03
6.807327e+03	8.255000e+03
6.807709e+03	8.245000e+03
6.808090e+03	4.165000e+03
6.808472e+03	-2.859700e+04
6.808853e+03	8.264000e+03
6.809235e+03	2.054100e+04
6.809616e+03	2.464300e+04
6.809998e+03	-2.450800e+04
6.810379e+03	-3.270900e+04
6.810761e+03	-1.222800e+04
6.811142e+03	-4.030000e+03
6.811523e+03	-4.037000e+03
6.811905e+03	-1.633200e+04
6.812286e+03	2.463500e+04
6.812668e+03	-2.861200e+04
6.813049e+03	-2.861000e+04
6.813431e+03	4.148000e+03
6.813812e+03	-1.221500e+04
6.814194e+03	-8.104000e+03
6.814575e+03	1.238100e+04
6.814957e+03	8.900000e+01
6.815338e+03	-2.860400e+04
6.815720e+03	1.235400e+04
6.816101e+03	-2.450700e+04
6.816483e+03	2.873100e+04
6.816864e+03	2.055400e+04
6.817245e+03	-2.450400e+04
6.817627e+03	2.871500e+04
6.818008e+03	1.643500e+04
6.818390e+03	-1.635100e+04
6.818771e+03	-4.027000e+03
6.819153e+03	-2.450200e+04
6.819534e+03	2.054800e+04
6.819916e+03	1.644600e+04
6.820297e+03	-2.861300e+04
6.820679e+03	-3.271300e+04
6.821060e+03	-2.450900e+04
6.821442e+03	-2.450700e+04
6.821823e+03	-1.631700e+04
6.822205e+03	-4.033000e+03
6.822586e+03	2.872800e+04
6.822968e+03	-2.862200e+04
6.823349e+03	-3.273400e+04
6.823730e+03	-2.452900e+04
6.824112e+03	-2.860600e+04
6.824493e+03	1.236300e+04
6.824875e+03	1.236500e+04
6.825256e+03	-2.450600e+04
6.825638e+03	4.148000e+03
6.826019e+03	1.232300e+04
6.826401e+03	4.145000e+03
6.826782e+03	1.645100e+04
6.827164e+03	-1.631500e+04
6.827545e+03	-1.632500e+04
6.827927e+03	-2.860800e+04
6.828308e+03	-8.122000e+03
6.828690e+03	2.874000e+04
6.829071e+03	-8.129000e+03
6.829453e+03	-4.032000e+03
6.829834e+03	2.464000e+04
6.830215e+03	4.151000e+03
6.830597e+03	-8.137000e+03
6.830978e+03	2.873800e+04
6.831360e+03	2.874200e+04
6.831741e+03	2.054700e+04
6.832123e+03	-3.272100e+04
6.832504e+03	2.463100e+04
6.832886e+03	-1.632800e+04
6.833267e+03	4.136000e+03
6.833649e+03	-1.222400e+04
6.834030e+03	-1.222200e+04
6.834412e+03	1.643600e+04
6.834793e+03	3.700000e+01
6.835175e+03	-8.143000e+03
6.835556e+03	2.464100e+04
6.835938e+03	-8.123000e+03
6.836319e+03	-1.222700e+04
6.836700e+03	-8.152000e+03
6.837082e+03	1.643200e+04
6.837463e+03	-2.452800e+04
6.837845e+03	2.873800e+04
6.838226e+03	2.054900e+04
6.838608e+03	2.873300e+04
6.838989e+03	4.600000e+01
6.839371e+03	1.233200e+04
6.839752e+03	-3.272000e+04
6.840134e+03	1.234300e+04
6.840515e+03	4.163000e+03
6.840897e+03	8.263000e+03
6.841278e+03	-8.134000e+03
6.841660e+03	-1.222600e+04
6.842041e+03	1.236100e+04
6.842422e+03	-2.860300e+04
6.842804e+03	-3.271800e+04
6.843185e+03	-3.271200e+04
6.843567e+03	2.462700e+04
6.843948e+03	-3.274700e+04
6.844330e+03	2.052600e+04
6.844711e+03	8.249000e+03
6.845093e+03	-8.135000e+03
6.845474e+03	-2.044100e+04
6.845856e+03	-2.451900e+04
6.846237e+03	2.463500e+04
6.846619e+03	4.128000e+03
6.847000e+03	-2.042600e+04
6.847382e+03	-4.048000e+03
6.847763e+03	2.872600e+04
6.848145e+03	8.259000e+03
6.848526e+03	-2.041500e+04
6.848907e+03	2.053300e+04
6.849289e+03	4.157000e+03
6.849670e+03	-2.860800e+04
6.850052e+03	1.234700e+04
6.850433e+03	-2.042700e+04
6.850815e+03	4.144000e+03
6.851196e+03	-1.226400e+04
6.851578e+03	-2.043000e+04
6.851959e+03	-2.451700e+04
6.852341e+03	-2.042100e+04
6.852722e+03	1.644300e+04
6.853104e+03	-1.221900e+04
6.853485e+03	1.236400e+04
6.853867e+03	-1.221300e+04
6.854248e+03	-2.041200e+04
6.854630e+03	-4.026000e+03
6.855011e+03	-4.022000e+03
6.855392e+03	8.265000e+03
6.855774e+03	-2.860600e+04
6.856155e+03	8.256000e+03
6.856537e+03	-1.222000e+04
6.856918e+03	-4.025000e+03
6.857300e+03	2.054800e+04
6.857681e+03	1.234600e+04
6.858063e+03	-2.862400e+04
6.858444e+03	8.242000e+03
6.858826e+03	6.100000e+01
6.859207e+03	-8.134000e+03
6.859589e+03	-2.455000e+04
6.859970e+03	2.462400e+04
6.860352e+03	-2.455600e+04
6.860733e+03	-8.131000e+03
6.861115e+03	6.600000e+01
6.861496e+03	2.873200e+04
6.861877e+03	2.465200e+04
6.862259e+03	-8.112000e+03
6.862640e+03	2.874500e+04
6.863022e+03	5.000000e+01
6.863403e+03	2.055500e+04
6.863785e+03	2.465300e+04
6.864166e+03	-1.221900e+04
6.864548e+03	-8.133000e+03
6.864929e+03	-2.860400e+04
6.865311e+03	1.645500e+04
6.865692e+03	2.054700e+04
6.866074e+03	-8.132000e+03
6.866455e+03	1.643600e+04
6.866837e+03	2.872300e+04
6.867218e+03	2.459700e+04
6.867599e+03	-2.862500e+04
6.867981e+03	5.300000e+01
6.868362e+03	4.132000e+03
6.868744e+03	2.872400e+04
6.869125e+03	1.644300e+04
6.869507e+03	-1.632600e+04
6.869888e+03	-2.861300e+04
6.870270e+03	4.149000e+03
6.870651e+03	-8.140000e+03
6.871033e+03	-2.861800e+04
6.871414e+03	-1.225400e+04
6.871796e+03	-1.222700e+04
6.872177e+03	1.235600e+04
6.872559e+03	-8.129000e+03
6.872940e+03	6.000000e+01
6.873322e+03	8.259000e+03
6.873703e+03	8.260000e+03
6.874084e+03	-3.270800e+04
6.874466e+03	2.051500e+04
6.874847e+03	-2.862400e+04
6.875229e+03	-2.451600e+04
6.875610e+03	-1.222500e+04
6.875992e+03	4.157000e+03
6.876373e+03	-8.142000e+03
6.876755e+03	2.462200e+04
6.877136e+03	-1.632200e+04
6.877518e+03	-1.222000e+04
6.877899e+03	-1.631800e+04
6.878281e+03	5.500000e+01
6.878662e+03	-4.037000e+03
6.879044e+03	2.873100e+04
6.879425e+03	-2.863200e+04
6.879807e+03	-1.632700e+04
6.880188e+03	-1.223200e+04
6.880569e+03	2.053300e+04
6.880951e+03	-2.862300e+04
6.881332e+03	2.462200e+04
6.881714e+03	1.644500e+04
6.882095e+03	5.700000e+01
6.882477e+03	-2.042800e+04
6.882858e+03	-3.270200e+04
6.883240e+03	-2.451200e+04
6.883621e+03	-2.041700e+04
6.884003e+03	1.645400e+04
6.884384e+03	-2.041400e+04
6.884766e+03	-1.633000e+04
6.885147e+03	-2.861800e+04
6.885529e+03	-2.863500e+04
6.885910e+03	-1.632600e+04
6.886292e+03	6.800000e+01
6.886673e+03	-4.026000e+03
6.887054e+03	1.235700e+04
6.887436e+03	-2.042000e+04
6.887817e+03	2.872500e+04
6.888199e+03	8.242000e+03
6.888580e+03	-2.862300e+04
6.888962e+03	2.463700e+04
6.889343e+03	-4.041000e+03
6.889725e+03	-4.063000e+03
6.890106e+03	-1.633300e+04
6.890488e+03	-4.072000e+03
6.890869e+03	4.152000e+03
6.891251e+03	-2.861700e+04
6.891632e+03	-2.863000e+04
6.892014e+03	-2.860800e+04
6.892395e+03	2.054400e+04
6.892776e+03	4.136000e+03
6.893158e+03	2.463400e+04
6.893539e+03	4.160000e+03
6.893921e+03	6.400000e+01
6.894302e+03	-1.632600e+04
6.894684e+03	-2.454800e+04
6.895065e+03	-2.452400e+04
6.895447e+03	2.872100e+04
6.895828e+03	-4.055000e+03
6.896210e+03	2.872800e+04
6.896591e+03	-2.863200e+04
6.896973e+03	4.155000e+03
6.897354e+03	-4.028000e+03
6.897736e+03	2.464400e+04
6.898117e+03	-8.128000e+03
6.898499e+03	-4.032000e+03
6.898880e+03	-3.271100e+04
6.899261e+03	4.153000e+03
6.899643e+03	2.873300e+04
6.900024e+03	-2.452000e+04
6.900406e+03	-2.044000e+04
6.900787e+03	-4.052000e+03
6.901169e+03	1.234300e+04
6.901550e+03	-2.860500e+04
6.901932e+03	2.464500e+04
6.902313e+03	-1.633500e+04
6.902695e+03	-1.222100e+04
6.903076e+03	-4.021000e+03
6.903458e+03	-2.450400e+04
6.903839e+03	2.872400e+04
6.904221e+03	-2.451700e+04
6.904602e+03	-3.270300e+04
6.904984e+03	-3.270400e+04
6.905365e+03	-4.032000e+03
6.905746e+03	-2.451400e+04
6.906128e+03	-1.223400e+04
6.906509e+03	-4.052000e+03
6.906891e+03	-1.223400e+04
6.907272e+03	-8.131000e+03
6.907654e+03	-1.222800e+04
6.908035e+03	2.052200e+04
6.908417e+03	5.600000e+01
6.908798e+03	-2.451800e+04
6.909180e+03	-2.452600e+04
6.909561e+03	-3.269900e+04
6.909943e+03	-2.450200e+04
6.910324e+03	2.874300e+04
6.910706e+03	5.600000e+01
6.911087e+03	4.100000e+01
6.911469e+03	-1.633500e+04
6.911850e+03	6.500000e+01
6.912231e+03	-1.631500e+04
6.912613e+03	-4.033000e+03
6.912994e+03	1.642400e+04
6.913376e+03	-1.632700e+04
6.913757e+03	2.873300e+04
6.914139e+03	1.643600e+04
6.914520e+03	2.460600e+04
6.914902e+03	-8.141000e+03
6.915283e+03	4.154000e+03
6.915665e+03	-4.030000e+03
6.916046e+03	-1.631300e+04
6.916428e+03	-1.631300e+04
6.916809e+03	-2.041400e+04
6.917191e+03	-2.452000e+04
6.917572e+03	2.872300e+04
6.917953e+03	-1.632900e+04
6.918335e+03	-8.156000e+03
6.918716e+03	-2.043500e+04
6.919098e+03	-2.452200e+04
6.919479e+03	4.100000e+01
6.919861e+03	-4.045000e+03
6.920242e+03	2.054400e+04
6.920624e+03	-4.028000e+03
6.921005e+03	-2.451200e+04
6.921387e+03	-8.158000e+03
6.921768e+03	-2.452200e+04
6.922150e+03	2.053700e+04
6.922531e+03	-2.861600e+04
6.922913e+03	-2.042300e+04
6.923294e+03	-4.040000e+03
6.923676e+03	-3.270000e+04
6.924057e+03	1.645300e+04
6.924438e+03	-3.272300e+04
6.924820e+03	-2.860300e+04
6.925201e+03	2.465200e+04
6.925583e+03	-8.121000e+03
6.925964e+03	6.000000e+01
6.926346e+03	-8.140000e+03
6.926727e+03	4.134000e+03
6.927109e+03	2.052100e+04
6.927490e+03	2.461400e+04
6.927872e+03	1.232400e+04
6.928253e+03	-3.276700e+04
6.928635e+03	1.643100e+04
6.929016e+03	-2.042700e+04
6.929398e+03	3.700000e+01
6.929779e+03	-1.222600e+04
6.930161e+03	-3.270200e+04
6.930542e+03	-2.042700e+04
6.930923e+03	1.644000e+04
6.931305e+03	2.873400e+04
6.931686e+03	2.871100e+04
6.932068e+03	-2.041700e+04
6.932449e+03	1.645600e+04
6.932831e+03	-2.450500e+04
6.933212e+03	-2.041700e+04
6.933594e+03	-2.453100e+04
6.933975e+03	-4.035000e+03
6.934357e+03	-1.222800e+04
6.934738e+03	-1.223700e+04
6.935120e+03	-2.041700e+04
6.935501e+03	-1.222500e+04
6.935883e+03	2.873200e+04
6.936264e+03	2.464100e+04
6.936646e+03	2.464200e+04
6.937027e+03	-2.041500e+04
6.937408e+03	-3.269900e+04
6.937790e+03	4.164000e+03
6.938171e+03	4.144000e+03
6.938553e+03	-2.042500e+04
6.938934e+03	-2.042000e+04
6.939316e+03	-2.453200e+04
6.939697e+03	2.464000e+04
6.940079e+03	2.874000e+04
6.940460e+03	2.463800e+04
6.940842e+03	-1.632800e+04
6.941223e+03	4.156000e+03
6.941605e+03	5.900000e+01
6.941986e+03	1.644000e+04
6.942368e+03	8.234000e+03
6.942749e+03	2.462400e+04
6.943131e+03	-1.632700e+04
6.943512e+03	2.872700e+04
6.943893e+03	-1.223500e+04
6.944275e+03	-8.154000e+03
6.944656e+03	5.300000e+01
6.945038e+03	4.162000e+03
6.945419e+03	-8.126000e+03
6.945801e+03	-4.036000e+03
6.946182e+03	1.643200e+04
6.946564e+03	-2.043200e+04
6.946945e+03	-2.042400e+04
6.947327e+03	-1.634200e+04
6.947708e+03	5.600000e+01
6.948090e+03	-8.131000e+03
6.948471e+03	-4.054000e+03
6.948853e+03	-2.451600e+04
6.949234e+03	2.054800e+04
6.949615e+03	1.644400e+04
6.949997e+03	2.053700e+04
6.950378e+03	-2.860300e+04
6.950760e+03	-4.025000e+03
6.951141e+03	1.645500e+04
6.951523e+03	-1.222400e+04
6.951904e+03	-2.863400e+04
6.952286e+03	1.234300e+04
6.952667e+03	2.053600e+04
6.953049e+03	8.241000e+03
6.953430e+03	-1.633300e+04
6.953812e+03	8.251000e+03
6.954193e+03	-8.129000e+03
6.954575e+03	-2.451600e+04
6.954956e+03	-1.223400e+04
6.955338e+03	1.234400e+04
6.955719e+03	4.600000e+01
6.956100e+03	-3.271000e+04
6.956482e+03	-2.860900e+04
6.956863e+03	-8.132000e+03
6.957245e+03	8.264000e+03
6.957626e+03	1.646200e+04
6.958008e+03	7.800000e+01
6.958389e+03	-2.860300e+04
6.958771e+03	-8.144000e+03
6.959152e+03	-8.134000e+03
6.959534e+03	2.463900e+04
6.959915e+03	-8.134000e+03
6.960297e+03	-4.044000e+03
6.960678e+03	-8.147000e+03
6.961060e+03	2.463200e+04
6.961441e+03	2.463600e+04
6.961823e+03	-1.632500e+04
6.962204e+03	-2.041800e+04
6.962585e+03	8.255000e+03
6.962967e+03	-2.861900e+04
6.963348e+03	4.143000e+03
6.963730e+03	-1.222300e+04
6.964111e+03	-3.270000e+04
6.964493e+03	1.235500e+04
6.964874e+03	-2.041200e+04
6.965256e+03	8.259000e+03
6.965637e+03	4.147000e+03
6.966019e+03	-3.272000e+04
6.966400e+03	-2.452600e+04
6.966782e+03	-8.141000e+03
6.967163e+03	-2.041500e+04
6.967545e+03	2.464400e+04
6.967926e+03	-4.035000e+03
6.968308e+03	1.643100e+04
6.968689e+03	1.234400e+04
6.969070e+03	4.162000e+03
6.969452e+03	-2.450900e+04
6.969833e+03	-2.451300e+04
6.970215e+03	-8.137000e+03
6.970596e+03	-1.635100e+04
6.970978e+03	-2.041900e+04
6.971359e+03	2.873900e+04
6.971741e+03	-2.451300e+04
6.972122e+03	8.244000e+03
6.972504e+03	1.233900e+04
6.972885e+03	-4.036000e+03
6.973267e+03	6.000000e+01
6.973648e+03	-4.044000e+03
6.974030e+03	2.458800e+04
6.974411e+03	-1.635700e+04
6.974792e+03	-1.225400e+04
6.975174e+03	4.149000e+03
6.975555e+03	-1.223000e+04
6.975937e+03	-4.035000e+03
6.976318e+03	-2.451600e+04
6.976700e+03	-2.042800e+04
6.977081e+03	-2.452800e+04
6.977463e+03	2.462300e+04
6.977844e+03	-2.863600e+04
6.978226e+03	2.463600e+04
6.978607e+03	-1.222100e+04
6.978989e+03	8.258000e+03
6.979370e+03	1.644400e+04
6.979752e+03	2.873800e+04
6.980133e+03	-8.124000e+03
6.980515e+03	4.159000e+03
6.980896e+03	-2.452600e+04
6.981277e+03	-2.862400e+04
6.981659e+03	-1.633400e+04
6.982040e+03	-1.632400e+04
6.982422e+03	2.873500e+04
6.982803e+03	6.000000e+01
6.983185e+03	-2.861900e+04
6.983566e+03	-2.452700e+04
6.983948e+03	1.643800e+04
6.984329e+03	5.100000e+01
6.984711e+03	-2.452400e+04
6.985092e+03	2.053800e+04
6.985474e+03	2.872400e+04
6.985855e+03	8.239000e+03
6.986237e+03	1.235000e+04
6.986618e+03	2.873400e+04
6.987000e+03	-3.272000e+04
6.987381e+03	-8.150000e+03
6.987762e+03	-3.271200e+04
6.988144e+03	4.154000e+03
6.988525e+03	1.235000e+04
6.988907e+03	6.500000e+01
6.989288e+03	8.254000e+03
6.989670e+03	-3.272100e+04
6.990051e+03	1.232700e+04
6.990433e+03	1.642900e+04
6.990814e+03	1.000000e+00
6.991196e+03	-1.223400e+04
6.991577e+03	4.157000e+03
6.991959e+03	2.463700e+04
6.992340e+03	6.200000e+01
6.992722e+03	-1.223300e+04
6.993103e+03	-8.140000e+03
6.993485e+03	-1.631700e+04
6.993866e+03	-2.860300e+04
6.994247e+03	-2.452200e+04
6.994629e+03	-2.862300e+04
6.995010e+03	-2.042800e+04
6.995392e+03	-2.861000e+04
6.995773e+03	4.167000e+03
6.996155e+03	-2.860600e+04
6.996536e+03	1.231000e+04
6.996918e+03	2.873000e+04
6.997299e+03	-8.140000e+03
6.997681e+03	8.267000e+03
6.998062e+03	8.200000e+01
6.998444e+03	2.055900e+04
6.998825e+03	-1.631900e+04
6.999207e+03	1.231400e+04
6.999588e+03	-1.224200e+04
6.999969e+03	2.054100e+04
7.000351e+03	2.464000e+04
7.000732e+03	6.000000e+01
7.001114e+03	1.644400e+04
7.001495e+03	-2.043000e+04
7.001877e+03	-1.223200e+04
7.002258e+03	-1.222400e+04
7.002640e+03	8.252000e+03
7.003021e+03	-4.032000e+03
7.003403e+03	4.164000e+03
7.003784e+03	4.154000e+03
7.004166e+03	-1.222600e+04
7.004547e+03	-2.041200e+04
7.004929e+03	-8.131000e+03
7.005310e+03	-2.451900e+04
7.005692e+03	4.154000e+03
7.006073e+03	-1.633200e+04
7.006454e+03	2.872600e+04
7.006836e+03	-1.224600e+04
7.007217e+03	4.145000e+03
7.007599e+03	8.249000e+03
7.007980e+03	-1.225200e+04
7.008362e+03	1.643800e+04
7.008743e+03	-2.860700e+04
7.009125e+03	2.873900e+04
7.009506e+03	4.165000e+03
7.009888e+03	2.464300e+04
7.010269e+03	-8.133000e+03
7.010651e+03	-1.223400e+04
7.011032e+03	-2.861100e+04
7.011414e+03	-2.451700e+04
7.011795e+03	2.873100e+04
7.012177e+03	2.054500e+04
7.012558e+03	2.054600e+04
7.012939e+03	1.235100e+04
7.013321e+03	2.463600e+04
7.013702e+03	8.254000e+03
7.014084e+03	4.158000e+03
7.014465e+03	5.800000e+01
7.014847e+03	-2.042600e+04
7.015228e+03	4.151000e+03
7.015610e+03	2.462800e+04
7.015991e+03	2.052300e+04
7.016373e+03	-2.044900e+04
7.016754e+03	-4.040000e+03
7.017136e+03	-2.451400e+04
7.017517e+03	-2.861400e+04
7.017899e+03	-2.860500e+04
7.018280e+03	-8.119000e+03
7.018662e+03	-2.041000e+04
7.019043e+03	-1.632300e+04
7.019424e+03	8.254000e+03
7.019806e+03	-4.036000e+03
7.020187e+03	-2.451900e+04
7.020569e+03	-2.861700e+04
7.020950e+03	1.233800e+04
7.021332e+03	4.150000e+03
7.021713e+03	-2.042500e+04
7.022095e+03	2.463700e+04
7.022476e+03	-2.451500e+04
7.022858e+03	2.052100e+04
7.023239e+03	2.464600e+04
7.023621e+03	2.465400e+04
7.024002e+03	-4.021000e+03
7.024384e+03	4.154000e+03
7.024765e+03	-4.037000e+03
7.025146e+03	2.054600e+04
7.025528e+03	-2.451600e+04
7.025909e+03	8.250000e+03
7.026291e+03	-1.223400e+04
7.026672e+03	2.052600e+04
7.027054e+03	-2.043200e+04
7.027435e+03	-2.864200e+04
7.027817e+03	4.149000e+03
7.028198e+03	-3.271000e+04
7.028580e+03	1.644300e+04
7.028961e+03	2.873400e+04
7.029343e+03	1.644600e+04
7.029724e+03	5.500000e+01
7.030106e+03	-2.863500e+04
7.030487e+03	4.900000e+01
7.030869e+03	-8.129000e+03
7.031250e+03	-2.450600e+04
7.031631e+03	1.645800e+04
7.032013e+03	-2.040800e+04
7.032394e+03	-8.131000e+03
7.032776e+03	1.644100e+04
7.033157e+03	2.463900e+04
7.033539e+03	2.462400e+04
7.033920e+03	1.234700e+04
7.034302e+03	6.400000e+01
7.034683e+03	-8.147000e+03
7.035065e+03	-2.041700e+04
7.035446e+03	2.464700e+04
7.035828e+03	-8.123000e+03
7.036209e+03	2.463400e+04
7.036591e+03	-2.043100e+04
7.036972e+03	-8.124000e+03
7.037354e+03	-1.631400e+04
7.037735e+03	2.054200e+04
7.038116e+03	1.231900e+04
7.038498e+03	1.644000e+04
7.038879e+03	4.147000e+03
7.039261e+03	-3.271800e+04
7.039642e+03	8.250000e+03
7.040024e+03	-2.862400e+04
7.040405e+03	1.642600e+04
7.040787e+03	-2.451900e+04
7.041168e+03	-8.135000e+03
7.041550e+03	-2.861700e+04
7.041931e+03	4.140000e+03
7.042313e+03	-1.223200e+04
7.042694e+03	2.054000e+04
7.043076e+03	2.873000e+04
7.043457e+03	1.234500e+04
7.043839e+03	-2.041500e+04
7.044220e+03	-2.860700e+04
7.044601e+03	1.234100e+04
7.044983e+03	-8.145000e+03
7.045364e+03	4.500000e+01
7.045746e+03	1.645500e+04
7.046127e+03	-2.449700e+04
7.046509e+03	2.055700e+04
7.046890e+03	4.154000e+03
7.047272e+03	-8.126000e+03
7.047653e+03	7.500000e+01
7.048035e+03	-2.450700e+04
7.048416e+03	-2.863900e+04
7.048798e+03	-4.035000e+03
7.049179e+03	1.644600e+04
7.049561e+03	-3.272300e+04
7.049942e+03	-2.863100e+04
7.050323e+03	4.145000e+03
7.050705e+03	8.247000e+03
7.051086e+03	-8.146000e+03
7.051468e+03	8.250000e+03
7.051849e+03	-2.860100e+04
7.052231e+03	-1.631300e+04
7.052612e+03	-2.860800e+04
7.052994e+03	1.646000e+04
7.053375e+03	-2.859200e+04
7.053757e+03	-1.221300e+04
7.054138e+03	2.055100e+04
7.054520e+03	2.055400e+04
7.054901e+03	-2.860200e+04
7.055283e+03	1.234200e+04
7.055664e+03	3.400000e+01
7.056046e+03	-8.152000e+03
7.056427e+03	2.053400e+04
7.056808e+03	2.463300e+04
7.057190e+03	-8.141000e+03
7.057571e+03	2.461400e+04
7.057953e+03	1.233100e+04
7.058334e+03	-2.042900e+04
7.058716e+03	5.200000e+01
7.059097e+03	2.462900e+04
7.059479e+03	-8.127000e+03
7.059860e+03	2.055000e+04
7.060242e+03	1.235500e+04
7.060623e+03	-1.633300e+04
7.061005e+03	3.600000e+01
7.061386e+03	2.871800e+04
7.061768e+03	-2.042300e+04
7.062149e+03	1.235500e+04
7.062531e+03	-1.631700e+04
7.062912e+03	5.700000e+01
7.063293e+03	-2.042200e+04
7.063675e+03	8.256000e+03
7.064056e+03	-3.271000e+04
7.064438e+03	1.232500e+04
7.064819e+03	5.400000e+01
7.065201e+03	2.462900e+04
7.065582e+03	1.642700e+04
7.065964e+03	-8.153000e+03
7.066345e+03	2.462300e+04
7.066727e+03	-2.452900e+04
7.067108e+03	-2.043500e+04
7.067490e+03	4.152000e+03
7.067871e+03	2.873200e+04
7.068253e+03	-2.861900e+04
7.068634e+03	8.223000e+03
7.069016e+03	-8.135000e+03
7.069397e+03	-1.632400e+04
7.069778e+03	1.644100e+04
7.070160e+03	8.239000e+03
7.070541e+03	-1.224300e+04
7.070923e+03	2.872600e+04
7.071304e+03	2.462300e+04
7.071686e+03	-1.223700e+04
7.072067e+03	4.151000e+03
7.072449e+03	2.053300e+04
7.072830e+03	2.873700e+04
7.073212e+03	2.464600e+04
7.073593e+03	-1.631800e+04
7.073975e+03	4.157000e+03
7.074356e+03	6.000000e+01
7.074738e+03	1.234300e+04
7.075119e+03	8.237000e+03
7.075500e+03	8.233000e+03
7.075882e+03	-4.035000e+03
7.076263e+03	-1.222400e+04
7.076645e+03	1.234700e+04
7.077026e+03	2.054300e+04
7.077408e+03	-2.451100e+04
7.077789e+03	2.463600e+04
7.078171e+03	1.234700e+04
7.078552e+03	-2.862300e+04
7.078934e+03	4.147000e+03
7.079315e+03	8.254000e+03
7.079697e+03	1.234300e+04
7.080078e+03	4.134000e+03
7.080460e+03	2.463600e+04
7.080841e+03	4.161000e+03
7.081223e+03	-3.270100e+04
7.081604e+03	-4.033000e+03
7.081985e+03	2.052500e+04
7.082367e+03	1.644100e+04
7.082748e+03	2.053900e+04
7.083130e+03	4.150000e+03
7.083511e+03	-3.270400e+04
7.083893e+03	-4.027000e+03
7.084274e+03	-1.221700e+04
7.084656e+03	8.261000e+03
7.085037e+03	2.054300e+04
7.085419e+03	5.300000e+01
7.085800e+03	-1.223400e+04
7.086182e+03	2.053800e+04
7.086563e+03	6.200000e+01
7.086945e+03	-2.451300e+04
7.087326e+03	1.235000e+04
7.087708e+03	1.643800e+04
7.088089e+03	2.461900e+04
7.088470e+03	1.642400e+04
7.088852e+03	4.147000e+03
7.089233e+03	8.254000e+03
7.089615e+03	-3.271000e+04
7.089996e+03	4.151000e+03
7.090378e+03	-4.025000e+03
7.090759e+03	-1.221500e+04
7.091141e+03	-4.031000e+03
7.091522e+03	-1.633200e+04
7.091904e+03	-2.452000e+04
7.092285e+03	-2.455200e+04
7.092667e+03	-2.861000e+04
7.093048e+03	1.645500e+04
7.093430e+03	2.055500e+04
7.093811e+03	-3.269100e+04
7.094193e+03	1.236400e+04
7.094574e+03	8.262000e+03
7.094955e+03	-1.223000e+04
7.095337e+03	-8.143000e+03
7.095718e+03	2.052500e+04
7.096100e+03	2.871700e+04
7.096481e+03	-8.144000e+03
7.096863e+03	-2.861400e+04
7.097244e+03	-2.451500e+04
7.097626e+03	-8.135000e+03
7.098007e+03	-8.144000e+03
7.098389e+03	4.148000e+03
7.098770e+03	-3.271500e+04
7.099152e+03	-2.862800e+04
7.099533e+03	-4.049000e+03
7.099915e+03	2.463400e+04
7.100296e+03	1.644800e+04
7.100677e+03	4.165000e+03
7.101059e+03	-8.123000e+03
7.101440e+03	1.235300e+04
7.101822e+03	4.148000e+03
7.102203e+03	-2.862200e+04
7.102585e+03	1.644600e+04
7.102966e+03	8.259000e+03
7.103348e+03	-2.451200e+04
7.103729e+03	4.149000e+03
7.104111e+03	-1.223500e+04
7.104492e+03	8.257000e+03
7.104874e+03	-8.127000e+03
7.105255e+03	-1.632600e+04
7.105637e+03	2.462600e+04
7.106018e+03	2.053600e+04
7.106400e+03	-4.035000e+03
7.106781e+03	4.162000e+03
7.107162e+03	-4.032000e+03
7.107544e+03	-4.043000e+03
7.107925e+03	-4.037000e+03
7.108307e+03	-2.860500e+04
7.108688e+03	2.054800e+04
7.109070e+03	4.163000e+03
7.109451e+03	2.054600e+04
7.109833e+03	-2.860900e+04
7.110214e+03	2.053700e+04
7.110596e+03	8.236000e+03
7.110977e+03	-2.452700e+04
7.111359e+03	-3.270600e+04
7.111740e+03	2.874000e+04
7.112122e+03	-2.860300e+04
7.112503e+03	8.260000e+03
7.112885e+03	2.463900e+04
7.113266e+03	2.461800e+04
7.113647e+03	-2.452000e+04
7.114029e+03	-1.632000e+04
7.114410e+03	-1.223000e+04
7.114792e+03	-1.224300e+04
7.115173e+03	-4.042000e+03
7.115555e+03	-2.862600e+04
7.115936e+03	-8.158000e+03
7.116318e+03	2.871600e+04
7.116699e+03	-2.862600e+04
7.117081e+03	-1.222400e+04
7.117462e+03	-1.221900e+04
7.117844e+03	-3.270300e+04
7.118225e+03	2.872600e+04
7.118607e+03	2.052700e+04
7.118988e+03	-3.271900e+04
7.119370e+03	5.500000e+01
7.119751e+03	8.249000e+03
7.120132e+03	-8.137000e+03
7.120514e+03	4.150000e+03
7.120895e+03	-2.041800e+04
7.121277e+03	6.500000e+01
7.121658e+03	1.234200e+04
7.122040e+03	1.641400e+04
7.122421e+03	-1.226400e+04
7.122803e+03	-4.047000e+03
7.123184e+03	-1.632300e+04
7.123566e+03	-2.861100e+04
7.123947e+03	-1.222900e+04
7.124329e+03	-2.451000e+04
7.124710e+03	1.236000e+04
7.125092e+03	8.264000e+03
7.125473e+03	-2.451400e+04
7.125855e+03	-2.452800e+04
7.126236e+03	-8.127000e+03
7.126617e+03	-2.860700e+04
7.126999e+03	8.246000e+03
7.127380e+03	2.462800e+04
7.127762e+03	-8.130000e+03
7.128143e+03	2.464500e+04
7.128525e+03	-2.860500e+04
7.128906e+03	2.053900e+04
7.129288e+03	-4.030000e+03
7.129669e+03	1.645100e+04
7.130051e+03	2.872500e+04
7.130432e+03	-8.154000e+03
7.130814e+03	5.200000e+01
7.131195e+03	4.155000e+03
7.131577e+03	2.873100e+04
7.131958e+03	-1.634400e+04
7.132339e+03	-1.633200e+04
7.132721e+03	-2.861400e+04
7.133102e+03	-8.148000e+03
7.133484e+03	-1.633900e+04
7.133865e+03	1.643900e+04
7.134247e+03	2.463100e+04
7.134628e+03	-1.633300e+04
7.135010e+03	-3.271600e+04
7.135391e+03	2.462300e+04
7.135773e+03	-1.633300e+04
7.136154e+03	-1.631600e+04
7.136536e+03	4.169000e+03
7.136917e+03	-8.128000e+03
7.137299e+03	-8.174000e+03
7.137680e+03	-4.038000e+03
7.138062e+03	-4.033000e+03
7.138443e+03	6.300000e+01
7.138824e+03	2.053900e+04
7.139206e+03	-1.633000e+04
7.139587e+03	1.644300e+04
7.139969e+03	-2.041500e+04
7.140350e+03	1.644600e+04
7.140732e+03	1.642700e+04
7.141113e+03	1.645500e+04
7.141495e+03	2.055800e+04
7.141876e+03	4.170000e+03
7.142258e+03	-8.135000e+03
7.142639e+03	-2.861000e+04
7.143021e+03	1.644500e+04
7.143402e+03	-4.050000e+03
7.143784e+03	-1.223900e+04
7.144165e+03	1.233800e+04
7.144547e+03	-4.037000e+03
7.144928e+03	-3.270300e+04
7.145309e+03	-3.270700e+04
7.145691e+03	2.463100e+04
7.146072e+03	-1.632300e+04
7.146454e+03	-4.037000e+03
7.146835e+03	2.872000e+04
7.147217e+03	2.463400e+04
7.147598e+03	-2.861000e+04
7.147980e+03	5.600000e+01
7.148361e+03	-8.135000e+03
7.148743e+03	-8.131000e+03
7.149124e+03	1.644300e+04
7.149506e+03	-2.042100e+04
7.149887e+03	8.254000e+03
7.150269e+03	1.234100e+04
7.150650e+03	5.600000e+01
7.151032e+03	-3.270300e+04
7.151413e+03	8.256000e+03
7.151794e+03	2.053000e+04
7.152176e+03	5.200000e+01
7.152557e+03	4.152000e+03
7.152939e+03	2.463300e+04
7.153320e+03	1.644200e+04
7.153702e+03	-2.452000e+04
7.154083e+03	-8.142000e+03
7.154465e+03	1.233800e+04
7.154846e+03	-2.042600e+04
7.155228e+03	-3.271400e+04
7.155609e+03	-3.272700e+04
7.155991e+03	2.462800e+04
7.156372e+03	-8.138000e+03
7.156754e+03	4.155000e+03
7.157135e+03	4.162000e+03
7.157516e+03	4.161000e+03
7.157898e+03	-1.632800e+04
7.158279e+03	-1.226000e+04
7.158661e+03	-2.863600e+04
7.159042e+03	-1.633300e+04
7.159424e+03	-1.633200e+04
7.159805e+03	5.600000e+01
7.160187e+03	-2.451000e+04
7.160568e+03	-2.450700e+04
7.160950e+03	2.873900e+04
7.161331e+03	1.235100e+04
7.161713e+03	4.153000e+03
7.162094e+03	5.700000e+01
7.162476e+03	-1.223000e+04
7.162857e+03	2.053700e+04
7.163239e+03	-2.452100e+04
7.163620e+03	4.159000e+03
7.164001e+03	-2.041400e+04
7.164383e+03	2.054100e+04
7.164764e+03	-2.452700e+04
7.165146e+03	6.100000e+01
7.165527e+03	-2.861800e+04
7.165909e+03	-2.860900e+04
7.166290e+03	1.645300e+04
7.166672e+03	2.872400e+04
7.167053e+03	2.054400e+04
7.167435e+03	2.055200e+04
7.167816e+03	2.054400e+04
7.168198e+03	8.247000e+03
7.168579e+03	1.235100e+04
7.168961e+03	2.872500e+04
7.169342e+03	-1.636100e+04
7.169724e+03	1.231800e+04
7.170105e+03	-1.633300e+04
7.170486e+03	-8.133000e+03
7.170868e+03	6.700000e+01
7.171249e+03	-1.221500e+04
7.171631e+03	2.055000e+04
7.172012e+03	4.149000e+03
7.172394e+03	-1.223000e+04
7.172775e+03	-2.452700e+04
7.173157e+03	5.600000e+01
7.173538e+03	2.873700e+04
7.173920e+03	2.873000e+04
7.174301e+03	1.642200e+04
7.174683e+03	-4.047000e+03
7.175064e+03	-4.042000e+03
7.175446e+03	-3.270800e+04
7.175827e+03	8.242000e+03
7.176209e+03	2.872800e+04
7.176590e+03	1.644000e+04
7.176971e+03	-4.043000e+03
7.177353e+03	-1.631600e+04
7.177734e+03	1.235600e+04
7.178116e+03	-2.861700e+04
7.178497e+03	2.873000e+04
7.178879e+03	-2.861000e+04
7.179260e+03	2.054000e+04
7.179642e+03	-1.223300e+04
7.180023e+03	1.642600e+04
7.180405e+03	2.000000e+01
7.180786e+03	1.233900e+04
7.181168e+03	1.644100e+04
7.181549e+03	-4.067000e+03
7.181931e+03	2.054600e+04
7.182312e+03	-2.450600e+04
7.182693e+03	2.463400e+04
7.183075e+03	2.462300e+04
7.183456e+03	1.234400e+04
7.183838e+03	-1.222600e+04
7.184219e+03	-2.861300e+04
7.184601e+03	-3.271100e+04
7.184982e+03	4.172000e+03
7.185364e+03	-2.041000e+04
7.185745e+03	1.644900e+04
7.186127e+03	-2.859300e+04
7.186508e+03	-4.027000e+03
7.186890e+03	8.274000e+03
7.187271e+03	-4.014000e+03
7.187653e+03	-1.631100e+04
7.188034e+03	-1.628800e+04
7.188416e+03	-2.448300e+04
7.188797e+03	4.188000e+03
7.189178e+03	2.469000e+04
7.189560e+03	8.312000e+03
7.189941e+03	1.650100e+04
7.190323e+03	4.199000e+03
7.190704e+03	-8.110000e+03
7.191086e+03	-2.038400e+04
7.191467e+03	1.236800e+04
7.191849e+03	1.237100e+04
7.192230e+03	-2.858700e+04
7.192612e+03	2.872400e+04
7.192993e+03	2.056100e+04
7.193375e+03	1.645700e+04
7.193756e+03	-8.120000e+03
7.194138e+03	2.465600e+04
7.194519e+03	5.800000e+01
7.194901e+03	2.874500e+04
7.195282e+03	-2.860000e+04
7.195663e+03	2.054000e+04
7.196045e+03	2.875000e+04
7.196426e+03	-2.450300e+04
7.196808e+03	2.874100e+04
7.197189e+03	-2.040700e+04
7.197571e+03	-1.632100e+04
7.197952e+03	-1.631700e+04
7.198334e+03	-8.124000e+03
7.198715e+03	-2.040700e+04
7.199097e+03	2.465200e+04
7.199478e+03	-1.631900e+04
7.199860e+03	1.643900e+04
7.200241e+03	1.235200e+04
7.200623e+03	-3.271800e+04
7.201004e+03	2.873500e+04
7.201386e+03	-8.125000e+03
7.201767e+03	-3.269600e+04
7.202148e+03	-1.221800e+04
7.202530e+03	4.157000e+03
7.202911e+03	-8.123000e+03
7.203293e+03	-1.222200e+04
7.203674e+03	6.700000e+01
7.204056e+03	2.464600e+04
7.204437e+03	-2.452900e+04
7.204819e+03	8.259000e+03
7.205200e+03	8.262000e+03
7.205582e+03	2.460700e+04
7.205963e+03	-2.450400e+04
7.206345e+03	8.267000e+03
7.206726e+03	-3.269900e+04
7.207108e+03	2.874100e+04
7.207489e+03	-2.451000e+04
7.207870e+03	1.235800e+04
7.208252e+03	-4.023000e+03
7.208633e+03	6.500000e+01
7.209015e+03	1.642500e+04
7.209396e+03	-2.041800e+04
7.209778e+03	1.644400e+04
7.210159e+03	-1.632600e+04
7.210541e+03	6.300000e+01
7.210922e+03	2.873300e+04
7.211304e+03	4.155000e+03
7.211685e+03	2.872800e+04
7.212067e+03	-1.633900e+04
7.212448e+03	-1.632800e+04
7.212830e+03	-4.036000e+03
7.213211e+03	8.213000e+03
7.213593e+03	-8.127000e+03
7.213974e+03	-2.450400e+04
7.214355e+03	2.054300e+04
7.214737e+03	4.140000e+03
7.215118e+03	2.463500e+04
7.215500e+03	4.133000e+03
7.215881e+03	-2.041800e+04
7.216263e+03	-1.632200e+04
7.216644e+03	2.462300e+04
7.217026e+03	8.257000e+03
7.217407e+03	1.235400e+04
7.217789e+03	2.464200e+04
7.218170e+03	-4.030000e+03
7.218552e+03	-1.633300e+04
7.218933e+03	-1.632800e+04
7.219315e+03	-2.451100e+04
7.219696e+03	-3.270900e+04
7.220078e+03	-8.152000e+03
7.220459e+03	5.800000e+01
7.220840e+03	-2.451200e+04
7.221222e+03	8.259000e+03
7.221603e+03	8.258000e+03
7.221985e+03	-2.861300e+04
7.222366e+03	-4.061000e+03
7.222748e+03	-3.272000e+04
7.223129e+03	1.234200e+04
7.223511e+03	4.143000e+03
7.223892e+03	-1.633900e+04
7.224274e+03	-8.140000e+03
7.224655e+03	-2.451900e+04
7.225037e+03	4.147000e+03
7.225418e+03	-3.270400e+04
7.225800e+03	2.874200e+04
7.226181e+03	-8.131000e+03
7.226563e+03	2.872700e+04
7.226944e+03	2.873800e+04
7.227325e+03	-1.632800e+04
7.227707e+03	8.237000e+03
7.228088e+03	-8.141000e+03
7.228470e+03	-1.632900e+04
7.228851e+03	-2.041000e+04
7.229233e+03	8.260000e+03
7.229614e+03	-1.223300e+04
7.229996e+03	1.236100e+04
7.230377e+03	2.465000e+04
7.230759e+03	-4.033000e+03
7.231140e+03	2.053300e+04
7.231522e+03	-8.143000e+03
7.231903e+03	-4.061000e+03
7.232285e+03	1.234400e+04
7.232666e+03	-2.451900e+04
7.233047e+03	-2.452100e+04
7.233429e+03	4.156000e+03
7.233810e+03	-1.222300e+04
7.234192e+03	-2.860200e+04
7.234573e+03	-2.040800e+04
7.234955e+03	2.464400e+04
7.235336e+03	4.145000e+03
7.235718e+03	6.600000e+01
7.236099e+03	2.874100e+04
7.236481e+03	2.052100e+04
7.236862e+03	-1.221200e+04
7.237244e+03	2.466000e+04
7.237625e+03	-1.630100e+04
7.238007e+03	-1.631000e+04
7.238388e+03	2.873800e+04
7.238770e+03	-2.450500e+04
7.239151e+03	-8.126000e+03
7.239532e+03	4.138000e+03
7.239914e+03	-1.633200e+04
7.240295e+03	2.463200e+04
7.240677e+03	-1.222300e+04
7.241058e+03	2.464200e+04
7.241440e+03	-4.042000e+03
7.241821e+03	1.236100e+04
7.242203e+03	1.646100e+04
7.242584e+03	-2.450500e+04
7.242966e+03	1.233700e+04
7.243347e+03	2.052000e+04
7.243729e+03	4.143000e+03
7.244110e+03	-2.042600e+04
7.244492e+03	-2.862000e+04
7.244873e+03	-2.044100e+04
7.245255e+03	2.461600e+04
7.245636e+03	2.054200e+04
7.246017e+03	-2.860600e+04
7.246399e+03	-2.042000e+04
7.246780e+03	-1.632800e+04
7.247162e+03	6.000000e+01
7.247543e+03	-2.454200e+04
7.247925e+03	-2.451600e+04
7.248306e+03	2.464000e+04
7.248688e+03	-8.142000e+03
7.249069e+03	2.873800e+04
7.249451e+03	-2.450300e+04
7.249832e+03	1.645300e+04
7.250214e+03	-3.270800e+04
7.250595e+03	-3.270300e+04
7.250977e+03	-2.860400e+04
7.251358e+03	-1.632200e+04
7.251740e+03	-2.043100e+04
7.252121e+03	-8.134000e+03
7.252502e+03	-2.861000e+04
7.252884e+03	1.234300e+04
7.253265e+03	4.146000e+03
7.253647e+03	5.900000e+01
7.254028e+03	-1.632600e+04
7.254410e+03	2.873700e+04
7.254791e+03	1.235500e+04
7.255173e+03	1.643500e+04
7.255554e+03	-8.136000e+03
7.255936e+03	4.158000e+03
7.256317e+03	8.238000e+03
7.256699e+03	-2.041000e+04
7.257080e+03	-2.450100e+04
7.257462e+03	1.235700e+04
7.257843e+03	-1.634800e+04
7.258224e+03	8.245000e+03
7.258606e+03	4.157000e+03
7.258987e+03	-1.631800e+04
7.259369e+03	1.644800e+04
7.259750e+03	2.873000e+04
7.260132e+03	-8.129000e+03
7.260513e+03	2.463800e+04
7.260895e+03	-1.632700e+04
7.261276e+03	-8.132000e+03
7.261658e+03	-2.042000e+04
7.262039e+03	-1.632600e+04
7.262421e+03	-1.632300e+04
7.262802e+03	-4.031000e+03
7.263184e+03	1.235100e+04
7.263565e+03	-1.634700e+04
7.263947e+03	-2.043000e+04
7.264328e+03	1.233400e+04
7.264709e+03	-1.633300e+04
7.265091e+03	1.644800e+04
7.265472e+03	-1.222700e+04
7.265854e+03	-3.272200e+04
7.266235e+03	1.233900e+04
7.266617e+03	4.148000e+03
7.266998e+03	-8.142000e+03
7.267380e+03	-4.060000e+03
7.267761e+03	2.462300e+04
7.268143e+03	4.153000e+03
7.268524e+03	2.873000e+04
7.268906e+03	1.644000e+04
7.269287e+03	1.234300e+04
7.269669e+03	-3.271300e+04
7.270050e+03	2.462600e+04
7.270432e+03	-2.453300e+04
7.270813e+03	4.153000e+03
7.271194e+03	-4.040000e+03
7.271576e+03	-2.452200e+04
7.271957e+03	5.200000e+01
7.272339e+03	2.460700e+04
7.272720e+03	2.462900e+04
7.273102e+03	-2.042200e+04
7.273483e+03	8.246000e+03
7.273865e+03	-3.271300e+04
7.274246e+03	-2.861700e+04
7.274628e+03	4.155000e+03
7.275009e+03	8.258000e+03
7.275391e+03	-1.631700e+04
7.275772e+03	-4.035000e+03
7.276154e+03	2.463700e+04
7.276535e+03	7.300000e+01
7.276917e+03	8.265000e+03
7.277298e+03	1.234400e+04
7.277679e+03	-2.860300e+04
7.278061e+03	-3.269300e+04
7.278442e+03	-1.222100e+04
7.278824e+03	-8.129000e+03
7.279205e+03	2.055200e+04
7.279587e+03	2.054900e+04
7.279968e+03	-2.041900e+04
7.280350e+03	2.463500e+04
7.280731e+03	2.054000e+04
7.281113e+03	-8.124000e+03
7.281494e+03	-1.221900e+04
7.281876e+03	2.463600e+04
7.282257e+03	4.144000e+03
7.282639e+03	-2.042200e+04
7.283020e+03	4.400000e+01
7.283401e+03	-3.270200e+04
7.283783e+03	8.266000e+03
7.284164e+03	-2.861000e+04
7.284546e+03	1.235800e+04
7.284927e+03	-8.107000e+03
7.285309e+03	2.466200e+04
7.285690e+03	-3.269000e+04
7.286072e+03	4.130000e+03
7.286453e+03	-2.860300e+04
7.286835e+03	-3.269600e+04
7.287216e+03	-4.030000e+03
7.287598e+03	1.235100e+04
7.287979e+03	-8.131000e+03
7.288361e+03	2.463400e+04
7.288742e+03	-8.162000e+03
7.289124e+03	2.872000e+04
7.289505e+03	-2.453000e+04
7.289886e+03	-3.272000e+04
7.290268e+03	1.643800e+04
7.290649e+03	-2.862200e+04
7.291031e+03	-1.633700e+04
7.291412e+03	2.463000e+04
7.291794e+03	-3.271000e+04
7.292175e+03	-3.271000e+04
7.292557e+03	-2.452000e+04
7.292938e+03	8.245000e+03
7.293320e+03	-2.452600e+04
7.293701e+03	1.644300e+04
7.294083e+03	1.235400e+04
7.294464e+03	2.054900e+04
7.294846e+03	2.054600e+04
7.295227e+03	5.900000e+01
7.295609e+03	4.800000e+01
7.295990e+03	-1.223500e+04
7.296371e+03	5.700000e+01
7.296753e+03	1.645000e+04
7.297134e+03	1.644900e+04
7.297516e+03	-1.634900e+04
7.297897e+03	-1.222200e+04
7.298279e+03	2.874500e+04
7.298660e+03	2.054800e+04
7.299042e+03	2.053400e+04
7.299423e+03	4.148000e+03
7.299805e+03	-4.052000e+03
7.300186e+03	-1.633000e+04
7.300568e+03	-8.132000e+03
7.300949e+03	-4.034000e+03
7.301331e+03	1.234900e+04
7.301712e+03	-2.861200e+04
7.302094e+03	-1.632400e+04
7.302475e+03	2.463400e+04
7.302856e+03	1.234900e+04
7.303238e+03	-2.041700e+04
7.303619e+03	5.900000e+01
7.304001e+03	-2.043500e+04
7.304382e+03	8.244000e+03
7.304764e+03	1.234500e+04
7.305145e+03	4.159000e+03
7.305527e+03	-2.451000e+04
7.305908e+03	1.235000e+04
7.306290e+03	-2.863100e+04
7.306671e+03	1.644300e+04
7.307053e+03	6.100000e+01
7.307434e+03	-8.144000e+03
7.307816e+03	-1.632600e+04
7.308197e+03	2.464300e+04
7.308578e+03	-2.041400e+04
7.308960e+03	2.054400e+04
7.309341e+03	-1.631800e+04
7.309723e+03	-1.222300e+04
7.310104e+03	4.146000e+03
7.310486e+03	1.235100e+04
7.310867e+03	-2.040800e+04
7.311249e+03	2.054800e+04
7.311630e+03	1.234200e+04
7.312012e+03	2.873800e+04
7.312393e+03	2.874000e+04
7.312775e+03	2.054300e+04
7.313156e+03	2.873400e+04
7.313538e+03	-2.861400e+04
7.313919e+03	1.232200e+04
7.314301e+03	-4.046000e+03
7.314682e+03	-2.042300e+04
7.315063e+03	-1.633000e+04
7.315445e+03	-2.042100e+04
7.315826e+03	-1.631800e+04
7.316208e+03	1.645500e+04
7.316589e+03	-3.269900e+04
7.316971e+03	2.873100e+04
7.317352e+03	-2.454800e+04
7.317734e+03	-2.862600e+04
7.318115e+03	-8.144000e+03
7.318497e+03	-8.124000e+03
7.318878e+03	-3.269600e+04
7.319260e+03	1.645000e+04
7.319641e+03	2.463900e+04
7.320023e+03	2.054700e+04
7.320404e+03	-2.042200e+04
7.320786e+03	6.300000e+01
7.321167e+03	6.700000e+01
7.321548e+03	-1.223000e+04
7.321930e+03	1.643800e+04
7.322311e+03	2.872000e+04
7.322693e+03	1.642500e+04
7.323074e+03	2.053300e+04
7.323456e+03	2.871800e+04
7.323837e+03	-4.031000e+03
7.324219e+03	8.264000e+03
7.324600e+03	-2.451200e+04
7.324982e+03	2.873000e+04
7.325363e+03	8.264000e+03
7.325745e+03	2.464800e+04
7.326126e+03	-3.270600e+04
7.326508e+03	4.144000e+03
7.326889e+03	1.233800e+04
7.327271e+03	-2.452700e+04
7.327652e+03	-3.270100e+04
7.328033e+03	2.874100e+04
7.328415e+03	1.234500e+04
7.328796e+03	-2.452000e+04
7.329178e+03	1.235100e+04
7.329559e+03	-1.632400e+04
7.329941e+03	-2.451500e+04
7.330322e+03	8.244000e+03
7.330704e+03	2.054100e+04
7.331085e+03	-1.222100e+04
7.331467e+03	-8.125000e+03
7.331848e+03	7.000000e+01
7.332230e+03	2.054100e+04
7.332611e+03	6.200000e+01
7.332993e+03	-1.630700e+04
7.333374e+03	4.174000e+03
7.333756e+03	1.644700e+04
7.334137e+03	8.252000e+03
7.334518e+03	-1.632400e+04
7.334900e+03	-2.044100e+04
7.335281e+03	-2.450900e+04
7.335663e+03	-3.270200e+04
7.336044e+03	2.871100e+04
7.336426e+03	4.156000e+03
7.336807e+03	6.500000e+01
7.337189e+03	-1.632200e+04
7.337570e+03	-4.040000e+03
7.337952e+03	-2.046100e+04
7.338333e+03	-8.134000e+03
7.338715e+03	-8.129000e+03
7.339096e+03	-1.223300e+04
7.339478e+03	4.140000e+03
7.339859e+03	-2.451200e+04
7.340240e+03	8.259000e+03
7.340622e+03	2.872600e+04
7.341003e+03	-1.633100e+04
7.341385e+03	-2.860300e+04
7.341766e+03	-8.121000e+03
7.342148e+03	8.257000e+03
7.342529e+03	-2.453900e+04
7.342911e+03	2.053200e+04
7.343292e+03	-4.042000e+03
7.343674e+03	-8.160000e+03
7.344055e+03	4.500000e+01
7.344437e+03	-3.271900e+04
7.344818e+03	2.461400e+04
7.345200e+03	-8.154000e+03
7.345581e+03	1.232900e+04
7.345963e+03	1.234000e+04
7.346344e+03	8.249000e+03
7.346725e+03	1.643500e+04
7.347107e+03	-3.272000e+04
7.347488e+03	1.643900e+04
7.347870e+03	-2.451900e+04
7.348251e+03	-8.130000e+03
7.348633e+03	2.873400e+04
7.349014e+03	-2.863200e+04
7.349396e+03	2.054200e+04
7.349777e+03	-8.121000e+03
7.350159e+03	-1.221900e+04
7.350540e+03	-2.861200e+04
7.350922e+03	-1.222200e+04
7.351303e+03	-1.222000e+04
7.351685e+03	-4.031000e+03
7.352066e+03	1.235200e+04
7.352448e+03	-2.452300e+04
7.352829e+03	-1.634200e+04
7.353210e+03	-3.270700e+04
7.353592e+03	-3.271000e+04
7.353973e+03	2.050600e+04
7.354355e+03	-8.158000e+03
7.354736e+03	4.142000e+03
7.355118e+03	-4.040000e+03
7.355499e+03	5.500000e+01
7.355881e+03	-3.272800e+04
7.356262e+03	-1.631900e+04
7.356644e+03	-1.631600e+04
7.357025e+03	-8.133000e+03
7.357407e+03	1.232100e+04
7.357788e+03	5.800000e+01
7.358170e+03	-1.633000e+04
7.358551e+03	2.462400e+04
7.358933e+03	2.052400e+04
7.359314e+03	-1.223600e+04
7.359695e+03	4.162000e+03
7.360077e+03	2.054700e+04
7.360458e+03	8.255000e+03
7.360840e+03	-2.451700e+04
7.361221e+03	1.643300e+04
7.361603e+03	-4.049000e+03
7.361984e+03	-1.223400e+04
7.362366e+03	1.643200e+04
7.362747e+03	-2.452100e+04
7.363129e+03	5.600000e+01
7.363510e+03	-1.224500e+04
7.363892e+03	2.872400e+04
7.364273e+03	8.240000e+03
7.364655e+03	4.154000e+03
7.365036e+03	-3.270400e+04
7.365417e+03	-2.451200e+04
7.365799e+03	2.464300e+04
7.366180e+03	-8.130000e+03
7.366562e+03	2.873500e+04
7.366943e+03	-2.040800e+04
7.367325e+03	2.055000e+04
7.367706e+03	1.234100e+04
7.368088e+03	-2.042200e+04
7.368469e+03	-8.149000e+03
7.368851e+03	6.500000e+01
7.369232e+03	1.235900e+04
7.369614e+03	-4.037000e+03
7.369995e+03	-2.451500e+04
7.370377e+03	-2.041000e+04
7.370758e+03	6.200000e+01
7.371140e+03	2.871900e+04
7.371521e+03	8.255000e+03
7.371902e+03	-4.041000e+03
7.372284e+03	-4.068000e+03
7.372665e+03	-2.042700e+04
7.373047e+03	4.157000e+03
7.373428e+03	1.235200e+04
7.373810e+03	-2.861900e+04
7.374191e+03	-2.452300e+04
7.374573e+03	2.464100e+04
7.374954e+03	6.200000e+01
7.375336e+03	-1.224800e+04
7.375717e+03	-1.632200e+04
7.376099e+03	2.463900e+04
7.376480e+03	1.643600e+04
7.376862e+03	2.461900e+04
7.377243e+03	-2.452700e+04
7.377625e+03	-8.144000e+03
7.378006e+03	5.700000e+01
7.378387e+03	-4.048000e+03
7.378769e+03	5.500000e+01
7.379150e+03	1.644300e+04
7.379532e+03	-2.043300e+04
7.379913e+03	2.054400e+04
7.380295e+03	-4.022000e+03
7.380676e+03	-2.040400e+04
7.381058e+03	-1.631100e+04
7.381439e+03	-2.041200e+04
7.381821e+03	2.464200e+04
7.382202e+03	-1.222700e+04
7.382584e+03	-1.632700e+04
7.382965e+03	2.463100e+04
7.383347e+03	1.234200e+04
7.383728e+03	4.147000e+03
7.384110e+03	8.239000e+03
7.384491e+03	1.641400e+04
7.384872e+03	-8.159000e+03
7.385254e+03	1.642100e+04
7.385635e+03	2.052100e+04
7.386017e+03	8.217000e+03
7.386398e+03	-1.225200e+04
7.386780e+03	2.462700e+04
7.387161e+03	2.054500e+04
7.387543e+03	8.266000e+03
7.387924e+03	4.173000e+03
7.388306e+03	-1.221500e+04
7.388687e+03	-2.450900e+04
7.389069e+03	-1.631500e+04
7.389450e+03	-1.631400e+04
7.389832e+03	1.235400e+04
7.390213e+03	1.233900e+04
7.390594e+03	1.232000e+04
7.390976e+03	1.233200e+04
7.391357e+03	1.642000e+04
7.391739e+03	-2.042400e+04
7.392120e+03	-1.632700e+04
7.392502e+03	1.232700e+04
7.392883e+03	-1.222800e+04
7.393265e+03	8.259000e+03
7.393646e+03	2.463800e+04
7.394028e+03	-8.144000e+03
7.394409e+03	2.051900e+04
7.394791e+03	2.053000e+04
7.395172e+03	-2.451500e+04
7.395554e+03	-3.270500e+04
7.395935e+03	-1.223200e+04
7.396317e+03	-1.223500e+04
7.396698e+03	2.053600e+04
7.397079e+03	1.234200e+04
7.397461e+03	-1.224700e+04
7.397842e+03	1.642300e+04
7.398224e+03	4.148000e+03
7.398605e+03	-2.861200e+04
7.398987e+03	8.252000e+03
7.399368e+03	-4.038000e+03
7.399750e+03	-2.861100e+04
7.400131e+03	1.234200e+04
7.400513e+03	4.147000e+03
7.400894e+03	4.163000e+03
7.401276e+03	2.873900e+04
7.401657e+03	6.400000e+01
7.402039e+03	6.600000e+01
7.402420e+03	-1.632500e+04
7.402802e+03	-1.634600e+04
7.403183e+03	-8.131000e+03
7.403564e+03	2.463500e+04
7.403946e+03	4.133000e+03
7.404327e+03	2.463100e+04
7.404709e+03	-2.451400e+04
7.405090e+03	-1.222400e+04
7.405472e+03	8.255000e+03
7.405853e+03	2.053500e+04
7.406235e+03	-1.224300e+04
7.406616e+03	4.140000e+03
7.406998e+03	1.643900e+04
7.407379e+03	-3.270900e+04
7.407761e+03	2.053700e+04
7.408142e+03	2.053200e+04
7.408524e+03	-1.632300e+04
7.408905e+03	1.645100e+04
7.409287e+03	-8.128000e+03
7.409668e+03	-2.452300e+04
7.410049e+03	-2.043400e+04
7.410431e+03	-1.632900e+04
7.410812e+03	4.162000e+03
7.411194e+03	-8.125000e+03
7.411575e+03	-4.033000e+03
7.411957e+03	-8.132000e+03
7.412338e+03	-2.042400e+04
7.412720e+03	-1.633100e+04
7.413101e+03	-1.223600e+04
7.413483e+03	-1.634100e+04
7.413864e+03	-1.632800e+04
7.414246e+03	4.160000e+03
7.414627e+03	2.464600e+04
7.415009e+03	-3.269300e+04
7.415390e+03	7.300000e+01
7.415771e+03	-1.223300e+04
7.416153e+03	-3.271000e+04
7.416534e+03	-2.450600e+04
7.416916e+03	2.874100e+04
7.417297e+03	-8.131000e+03
7.417679e+03	2.873900e+04
7.418060e+03	-1.221900e+04
7.418442e+03	-1.222900e+04
7.418823e+03	-2.452000e+04
7.419205e+03	-1.221900e+04
7.419586e+03	-4.030000e+03
7.419968e+03	-2.861800e+04
7.420349e+03	-1.633700e+04
7.420731e+03	2.464200e+04
7.421112e+03	1.236400e+04
7.421494e+03	4.174000e+03
7.421875e+03	-1.221600e+04
7.422256e+03	2.464000e+04
7.422638e+03	-1.222900e+04
7.423019e+03	-1.633300e+04
7.423401e+03	8.236000e+03
7.423782e+03	2.463300e+04
7.424164e+03	-4.030000e+03
7.424545e+03	2.874200e+04
7.424927e+03	6.800000e+01
7.425308e+03	1.235000e+04
7.425690e+03	6.200000e+01
7.426071e+03	-1.222900e+04
7.426453e+03	-3.272400e+04
7.426834e+03	5.900000e+01
7.427216e+03	-2.041500e+04
7.427597e+03	-3.271200e+04
7.427979e+03	6.000000e+01
7.428360e+03	2.055500e+04
7.428741e+03	4.173000e+03
7.429123e+03	-1.222000e+04
7.429504e+03	-2.043800e+04
7.429886e+03	-3.269600e+04
7.430267e+03	1.646100e+04
7.430649e+03	-2.859900e+04
7.431030e+03	2.873100e+04
7.431412e+03	-2.451900e+04
7.431793e+03	2.464100e+04
7.432175e+03	-1.222600e+04
7.432556e+03	-2.043300e+04
7.432938e+03	2.871200e+04
7.433319e+03	-1.223300e+04
7.433701e+03	-4.039000e+03
7.434082e+03	-2.452000e+04
7.434464e+03	-2.861800e+04
7.434845e+03	-2.451900e+04
7.435226e+03	-2.861100e+04
7.435608e+03	1.234700e+04
7.435989e+03	8.247000e+03
7.436371e+03	1.234400e+04
7.436752e+03	2.053800e+04
7.437134e+03	2.053900e+04
7.437515e+03	2.463000e+04
7.437897e+03	-2.452300e+04
7.438278e+03	6.100000e+01
7.438660e+03	2.054100e+04
7.439041e+03	5.400000e+01
7.439423e+03	-2.043000e+04
7.439804e+03	5.600000e+01
7.440186e+03	2.462400e+04
7.440567e+03	4.126000e+03
7.440948e+03	-8.148000e+03
7.441330e+03	1.233900e+04
7.441711e+03	4.154000e+03
7.442093e+03	2.872600e+04
7.442474e+03	-1.225600e+04
7.442856e+03	-2.861800e+04
7.443237e+03	-2.043000e+04
7.443619e+03	-2.045000e+04
7.444000e+03	-2.452600e+04
7.444382e+03	2.049900e+04
7.444763e+03	1.644200e+04
7.445145e+03	-2.860500e+04
7.445526e+03	2.054500e+04
7.445908e+03	-2.861700e+04
7.446289e+03	3.800000e+01
7.446671e+03	8.247000e+03
7.447052e+03	-2.861200e+04
7.447433e+03	2.463200e+04
7.447815e+03	1.232800e+04
7.448196e+03	1.000000e+00
7.448578e+03	5.000000e+01
7.448959e+03	2.463900e+04
7.449341e+03	-8.127000e+03
7.449722e+03	2.053800e+04
7.450104e+03	-2.452600e+04
7.450485e+03	5.200000e+01
7.450867e+03	-4.042000e+03
7.451248e+03	4.159000e+03
7.451630e+03	6.500000e+01
7.452011e+03	-1.632400e+04
7.452393e+03	2.053400e+04
7.452774e+03	-2.451700e+04
7.453156e+03	4.164000e+03
7.453537e+03	-2.041300e+04
7.453918e+03	-8.130000e+03
7.454300e+03	-2.860400e+04
7.454681e+03	-2.040700e+04
7.455063e+03	-1.221800e+04
7.455444e+03	-4.036000e+03
7.455826e+03	-8.138000e+03
7.456207e+03	-8.131000e+03
7.456589e+03	2.873100e+04
7.456970e+03	2.871800e+04
7.457352e+03	2.463300e+04
7.457733e+03	6.100000e+01
7.458115e+03	8.247000e+03
7.458496e+03	1.233900e+04
7.458878e+03	1.643700e+04
7.459259e+03	2.462200e+04
7.459641e+03	2.873000e+04
7.460022e+03	-2.861300e+04
7.460403e+03	1.232900e+04
7.460785e+03	5.600000e+01
7.461166e+03	-2.451500e+04
7.461548e+03	-1.632800e+04
7.461929e+03	6.000000e+01
7.462311e+03	1.235300e+04
7.462692e+03	-8.128000e+03
7.463074e+03	-1.223000e+04
7.463455e+03	-1.634100e+04
7.463837e+03	8.243000e+03
7.464218e+03	-2.043700e+04
7.464600e+03	-3.270800e+04
7.464981e+03	8.263000e+03
7.465363e+03	-2.860100e+04
7.465744e+03	1.235300e+04
7.466125e+03	2.464000e+04
7.466507e+03	-3.270600e+04
7.466888e+03	4.147000e+03
7.467270e+03	2.464200e+04
7.467651e+03	-1.221800e+04
7.468033e+03	2.873800e+04
7.468414e+03	-1.632500e+04
7.468796e+03	-8.121000e+03
7.469177e+03	-2.859600e+04
7.469559e+03	-3.269600e+04
7.469940e+03	2.053600e+04
7.470322e+03	-2.862800e+04
7.470703e+03	2.871700e+04
7.471085e+03	2.053000e+04
7.471466e+03	-1.223200e+04
7.471848e+03	8.238000e+03
7.472229e+03	1.234200e+04
7.472610e+03	-4.033000e+03
7.472992e+03	-2.041900e+04
7.473373e+03	8.247000e+03
7.473755e+03	2.872600e+04
7.474136e+03	2.463200e+04
7.474518e+03	-1.632700e+04
7.474899e+03	8.250000e+03
7.475281e+03	-4.032000e+03
7.475662e+03	4.168000e+03
7.476044e+03	-1.221200e+04
7.476425e+03	8.269000e+03
7.476807e+03	-2.860400e+04
7.477188e+03	-1.632700e+04
7.477570e+03	4.165000e+03
7.477951e+03	2.054800e+04
7.478333e+03	-3.271700e+04
7.478714e+03	8.230000e+03
7.479095e+03	1.234200e+04
7.479477e+03	4.161000e+03
7.479858e+03	2.874100e+04
7.480240e+03	-8.129000e+03
7.480621e+03	2.462900e+04
7.481003e+03	4.150000e+03
7.481384e+03	4.149000e+03
7.481766e+03	4.152000e+03
7.482147e+03	4.160000e+03
7.482529e+03	2.054300e+04
7.482910e+03	-4.042000e+03
7.483292e+03	-2.042000e+04
7.483673e+03	1.235300e+04
7.484055e+03	-2.041800e+04
7.484436e+03	-2.452100e+04
7.484818e+03	-8.141000e+03
7.485199e+03	8.251000e+03
7.485580e+03	2.054400e+04
7.485962e+03	-2.042000e+04
7.486343e+03	-4.076000e+03
7.486725e+03	2.053700e+04
7.487106e+03	-2.042100e+04
7.487488e+03	-2.452100e+04
7.487869e+03	-2.861200e+04
7.488251e+03	-1.632000e+04
7.488632e+03	-2.451300e+04
7.489014e+03	-2.043000e+04
7.489395e+03	2.053700e+04
7.489777e+03	4.168000e+03
7.490158e+03	2.465000e+04
7.490540e+03	6.600000e+01
7.490921e+03	-4.050000e+03
7.491302e+03	-8.130000e+03
7.491684e+03	-4.033000e+03
7.492065e+03	4.155000e+03
7.492447e+03	1.232900e+04
7.492828e+03	-1.634100e+04
7.493210e+03	2.463000e+04
7.493591e+03	4.151000e+03
7.493973e+03	6.100000e+01
7.494354e+03	-1.222900e+04
7.494736e+03	5.800000e+01
7.495117e+03	2.873900e+04
7.495499e+03	-2.860900e+04
7.495880e+03	-2.043800e+04
7.496262e+03	-4.034000e+03
7.496643e+03	-1.632500e+04
7.497025e+03	2.463400e+04
7.497406e+03	8.263000e+03
7.497787e+03	4.164000e+03
7.498169e+03	2.053900e+04
7.498550e+03	-3.269800e+04
7.498932e+03	1.235700e+04
7.499313e+03	8.245000e+03
7.499695e+03	-4.038000e+03
7.500076e+03	-2.861700e+04
7.500458e+03	-3.273100e+04
7.500839e+03	-4.037000e+03
7.501221e+03	4.155000e+03
7.501602e+03	2.872100e+04
7.501984e+03	1.234000e+04
7.502365e+03	-4.038000e+03
7.502747e+03	-4.035000e+03
7.503128e+03	-1.223200e+04
7.503510e+03	-2.043700e+04
7.503891e+03	4.000000e+01
7.504272e+03	-4.055000e+03
7.504654e+03	4.145000e+03
7.505035e+03	2.461600e+04
7.505417e+03	-8.149000e+03
7.505798e+03	4.151000e+03
7.506180e+03	-8.163000e+03
7.506561e+03	5.700000e+01
7.506943e+03	-2.041700e+04
7.507324e+03	-8.132000e+03
7.507706e+03	1.645400e+04
7.508087e+03	2.055500e+04
7.508469e+03	2.874400e+04
7.508850e+03	2.873900e+04
7.509232e+03	2.054500e+04
7.509613e+03	1.235300e+04
7.509995e+03	-2.451000e+04
7.510376e+03	1.644500e+04
7.510757e+03	-2.044000e+04
7.511139e+03	-4.035000e+03
7.511520e+03	-2.451600e+04
7.511902e+03	1.233300e+04
7.512283e+03	-3.273400e+04
7.512665e+03	1.231200e+04
7.513046e+03	-2.862300e+04
7.513428e+03	5.700000e+01
7.513809e+03	-2.042700e+04
7.514191e+03	2.871500e+04
7.514572e+03	1.643500e+04
7.514954e+03	1.644400e+04
7.515335e+03	6.100000e+01
7.515717e+03	-1.224500e+04
7.516098e+03	-3.271000e+04
7.516480e+03	-2.451200e+04
7.516861e+03	4.156000e+03
7.517242e+03	2.463600e+04
7.517624e+03	-2.860500e+04
7.518005e+03	-2.041400e+04
7.518387e+03	-2.860800e+04
7.518768e+03	-2.860700e+04
7.519150e+03	-8.135000e+03
7.519531e+03	-2.451800e+04
7.519913e+03	2.464200e+04
7.520294e+03	-2.041400e+04
7.520676e+03	-2.451600e+04
7.521057e+03	-4.052000e+03
7.521439e+03	2.871900e+04
7.521820e+03	-2.451100e+04
7.522202e+03	2.464800e+04
7.522583e+03	-3.269500e+04
7.522964e+03	4.163000e+03
7.523346e+03	1.643100e+04
7.523727e+03	-8.134000e+03
7.524109e+03	-3.270200e+04
7.524490e+03	-1.222300e+04
7.524872e+03	-3.270600e+04
7.525253e+03	-4.030000e+03
7.525635e+03	2.464600e+04
7.526016e+03	-1.632100e+04
7.526398e+03	8.244000e+03
7.526779e+03	1.644800e+04
7.527161e+03	2.053800e+04
7.527542e+03	4.149000e+03
7.527924e+03	4.167000e+03
7.528305e+03	-4.025000e+03
7.528687e+03	-8.130000e+03
7.529068e+03	-4.076000e+03
7.529449e+03	2.872300e+04
7.529831e+03	4.157000e+03
7.530212e+03	2.464000e+04
7.530594e+03	-2.041500e+04
7.530975e+03	2.873400e+04
7.531357e+03	1.643800e+04
7.531738e+03	-2.861100e+04
7.532120e+03	-3.270400e+04
7.532501e+03	4.157000e+03
7.532883e+03	-3.271700e+04
7.533264e+03	5.600000e+01
7.533646e+03	6.700000e+01
7.534027e+03	1.235600e+04
7.534409e+03	5.100000e+01
7.534790e+03	2.873300e+04
7.535172e+03	-3.269800e+04
7.535553e+03	-1.631700e+04
7.535934e+03	1.644600e+04
7.536316e+03	-1.633000e+04
7.536697e+03	-8.137000e+03
7.537079e+03	8.261000e+03
7.537460e+03	-1.222200e+04
7.537842e+03	-8.150000e+03
7.538223e+03	2.464200e+04
7.538605e+03	1.644800e+04
7.538986e+03	-4.061000e+03
7.539368e+03	4.161000e+03
7.539749e+03	1.234600e+04
7.540131e+03	1.234100e+04
7.540512e+03	6.800000e+01
7.540894e+03	1.235100e+04
7.541275e+03	2.051900e+04
7.541657e+03	1.235200e+04
7.542038e+03	2.463900e+04
7.542419e+03	-1.223200e+04
7.542801e+03	-1.223800e+04
7.543182e+03	2.463400e+04
7.543564e+03	-1.631700e+04
7.543945e+03	-2.451100e+04
7.544327e+03	-4.032000e+03
7.544708e+03	6.800000e+01
7.545090e+03	-3.271300e+04
7.545471e+03	6.000000e+01
7.545853e+03	-2.450700e+04
7.546234e+03	2.873800e+04
7.546616e+03	-8.136000e+03
7.546997e+03	-1.223200e+04
7.547379e+03	2.462100e+04
7.547760e+03	-3.270200e+04
7.548141e+03	4.169000e+03
7.548523e+03	2.874200e+04
7.548904e+03	2.873300e+04
7.549286e+03	4.156000e+03
7.549667e+03	8.251000e+03
7.550049e+03	-1.224200e+04
7.550430e+03	-1.223300e+04
7.550812e+03	-8.133000e+03
7.551193e+03	1.235300e+04
7.551575e+03	-2.450600e+04
7.551956e+03	4.164000e+03
7.552338e+03	8.247000e+03
7.552719e+03	-1.633000e+04
7.553101e+03	-2.453500e+04
7.553482e+03	-1.222800e+04
7.553864e+03	2.054800e+04
7.554245e+03	1.644800e+04
7.554626e+03	1.233800e+04
7.555008e+03	-1.223100e+04
7.555389e+03	4.156000e+03
7.555771e+03	2.463500e+04
7.556152e+03	5.100000e+01
7.556534e+03	-3.270400e+04
7.556915e+03	-2.450300e+04
7.557297e+03	2.055300e+04
7.557678e+03	-1.632000e+04
7.558060e+03	-3.271800e+04
7.558441e+03	-4.035000e+03
7.558823e+03	2.054700e+04
7.559204e+03	-1.222500e+04
7.559586e+03	-2.453500e+04
7.559967e+03	-3.271000e+04
7.560349e+03	-3.270300e+04
7.560730e+03	4.155000e+03
7.561111e+03	2.463100e+04
7.561493e+03	-2.861300e+04
7.561874e+03	5.900000e+01
7.562256e+03	4.162000e+03
7.562637e+03	-8.127000e+03
7.563019e+03	-8.125000e+03
7.563400e+03	-4.025000e+03
7.563782e+03	-8.124000e+03
7.564163e+03	2.874800e+04
7.564545e+03	8.500000e+01
7.564926e+03	-2.858900e+04
7.565308e+03	8.262000e+03
7.565689e+03	-2.861100e+04
7.566071e+03	2.464500e+04
7.566452e+03	6.900000e+01
7.566834e+03	-3.269800e+04
7.567215e+03	2.464000e+04
7.567596e+03	1.645300e+04
7.567978e+03	-2.860300e+04
7.568359e+03	-8.168000e+03
7.568741e+03	-2.450200e+04
7.569122e+03	-1.630600e+04
7.569504e+03	-2.451100e+04
7.569885e+03	-1.222500e+04
7.570267e+03	2.874500e+04
7.570648e+03	-8.122000e+03
7.571030e+03	-2.041500e+04
7.571411e+03	2.874100e+04
7.571793e+03	-1.221300e+04
7.572174e+03	2.465100e+04
7.572556e+03	2.054400e+04
7.572937e+03	1.235100e+04
7.573318e+03	2.054800e+04
7.573700e+03	-3.270600e+04
7.574081e+03	8.240000e+03
7.574463e+03	-3.272000e+04
7.574844e+03	2.871500e+04
7.575226e+03	2.052400e+04
7.575607e+03	-4.036000e+03
7.575989e+03	-3.269600e+04
7.576370e+03	-3.269500e+04
7.576752e+03	4.162000e+03
7.577133e+03	4.123000e+03
7.577515e+03	-2.041700e+04
7.577896e+03	2.055100e+04
7.578278e+03	-8.126000e+03
7.578659e+03	2.871200e+04
7.579041e+03	-1.222300e+04
7.579422e+03	1.645300e+04
7.579803e+03	-2.860700e+04
7.580185e+03	-8.130000e+03
7.580566e+03	1.234400e+04
7.580948e+03	-2.863100e+04
7.581329e+03	-2.451500e+04
7.581711e+03	-3.270500e+04
7.582092e+03	-2.042300e+04
7.582474e+03	-8.147000e+03
7.582855e+03	1.234200e+04
7.583237e+03	8.247000e+03
7.583618e+03	1.232000e+04
7.584000e+03	-3.271500e+04
7.584381e+03	-3.271000e+04
7.584763e+03	1.643600e+04
7.585144e+03	-3.272300e+04
7.585526e+03	-1.223800e+04
7.585907e+03	-1.222600e+04
7.586288e+03	-1.631800e+04
7.586670e+03	2.054300e+04
7.587051e+03	2.872300e+04
7.587433e+03	2.053300e+04
7.587814e+03	8.249000e+03
7.588196e+03	-2.452000e+04
7.588577e+03	8.252000e+03
7.588959e+03	1.235100e+04
7.589340e+03	-1.222500e+04
7.589722e+03	-3.271300e+04
7.590103e+03	-8.159000e+03
7.590485e+03	1.230100e+04
7.590866e+03	2.871500e+04
7.591248e+03	-4.038000e+03
7.591629e+03	-2.451600e+04
7.592011e+03	1.234700e+04
7.592392e+03	4.156000e+03
7.592773e+03	2.054000e+04
7.593155e+03	-2.861100e+04
7.593536e+03	-2.450800e+04
7.593918e+03	-1.221600e+04
7.594299e+03	-2.450500e+04
7.594681e+03	-2.451200e+04
7.595062e+03	2.053200e+04
7.595444e+03	-1.226100e+04
7.595825e+03	2.871800e+04
7.596207e+03	-2.452400e+04
7.596588e+03	-8.141000e+03
7.596970e+03	-1.633400e+04
7.597351e+03	1.232800e+04
7.597733e+03	-4.052000e+03
7.598114e+03	-1.223500e+04
7.598495e+03	8.255000e+03
7.598877e+03	-8.126000e+03
7.599258e+03	-2.041500e+04
7.599640e+03	2.463300e+04
7.600021e+03	-3.273100e+04
7.600403e+03	-4.041000e+03
7.600784e+03	2.054800e+04
7.601166e+03	2.874700e+04
7.601547e+03	8.269000e+03
7.601929e+03	1.236100e+04
7.602310e+03	1.644600e+04
7.602692e+03	2.873700e+04
7.603073e+03	-2.860400e+04
7.603455e+03	1.235600e+04
7.603836e+03	6.500000e+01
7.604218e+03	2.872700e+04
7.604599e+03	-3.272300e+04
7.604980e+03	-3.270600e+04
7.605362e+03	8.257000e+03
7.605743e+03	2.053800e+04
7.606125e+03	-1.633900e+04
7.606506e+03	8.240000e+03
7.606888e+03	8.245000e+03
7.607269e+03	-2.862500e+04
7.607651e+03	1.644400e+04
7.608032e+03	-3.270300e+04
7.608414e+03	1.644500e+04
7.608795e+03	-3.271400e+04
7.609177e+03	-2.862600e+04
7.609558e+03	-3.271700e+04
7.609940e+03	-1.223800e+04
7.610321e+03	2.462400e+04
7.610703e+03	2.055400e+04
7.611084e+03	-2.040200e+04
7.611465e+03	-2.451000e+04
7.611847e+03	1.237200e+04
7.612228e+03	-1.219300e+04
7.612610e+03	-3.999000e+03
7.612991e+03	-3.267600e+04
7.613373e+03	-2.859700e+04
7.613754e+03	-1.633400e+04
7.614136e+03	-4.036000e+03
7.614517e+03	-3.271700e+04
7.614899e+03	6.300000e+01
7.615280e+03	-2.452400e+04
7.615662e+03	-1.633100e+04
7.616043e+03	-2.452900e+04
7.616425e+03	-2.452600e+04
7.616806e+03	-4.035000e+03
7.617188e+03	-1.223400e+04
7.617569e+03	2.873300e+04
7.617950e+03	-4.038000e+03
7.618332e+03	-4.047000e+03
7.618713e+03	2.874000e+04
7.619095e+03	-8.130000e+03
7.619476e+03	4.150000e+03
7.619858e+03	4.169000e+03
7.620239e+03	2.055100e+04
7.620621e+03	-2.863100e+04
7.621002e+03	4.158000e+03
7.621384e+03	2.463900e+04
7.621765e+03	2.053800e+04
7.622147e+03	4.154000e+03
7.622528e+03	1.234600e+04
7.622910e+03	2.054500e+04
7.623291e+03	6.700000e+01
7.623672e+03	8.251000e+03
7.624054e+03	-1.223800e+04
7.624435e+03	-2.452700e+04
7.624817e+03	1.233300e+04
7.625198e+03	1.232400e+04
7.625580e+03	1.643600e+04
7.625961e+03	-2.041900e+04
7.626343e+03	6.000000e+01
7.626724e+03	-3.272600e+04
7.627106e+03	2.054400e+04
7.627487e+03	2.054800e+04
7.627869e+03	-3.270900e+04
7.628250e+03	-3.271400e+04
7.628632e+03	-1.223000e+04
7.629013e+03	-1.633100e+04
7.629395e+03	-8.128000e+03
7.629776e+03	2.464300e+04
7.630157e+03	-2.452000e+04
7.630539e+03	4.135000e+03
7.630920e+03	-4.049000e+03
7.631302e+03	4.164000e+03
7.631683e+03	1.236400e+04
7.632065e+03	-2.040800e+04
7.632446e+03	-8.148000e+03
7.632828e+03	4.164000e+03
7.633209e+03	-2.040800e+04
7.633591e+03	-3.270100e+04
7.633972e+03	-2.042400e+04
7.634354e+03	1.643100e+04
7.634735e+03	2.461700e+04
7.635117e+03	-1.633800e+04
7.635498e+03	1.644500e+04
7.635880e+03	2.053900e+04
7.636261e+03	-4.065000e+03
7.636642e+03	2.054800e+04
7.637024e+03	-4.026000e+03
7.637405e+03	-8.134000e+03
7.637787e+03	8.234000e+03
7.638168e+03	-1.223400e+04
7.638550e+03	-2.450900e+04
7.638931e+03	2.055500e+04
7.639313e+03	2.874500e+04
7.639694e+03	-8.128000e+03
7.640076e+03	-3.270500e+04
7.640457e+03	-2.450700e+04
7.640839e+03	-2.860100e+04
7.641220e+03	1.235600e+04
7.641602e+03	-3.270900e+04
7.641983e+03	-2.452200e+04
7.642365e+03	-2.452700e+04
7.642746e+03	2.464500e+04
7.643127e+03	-2.860100e+04
7.643509e+03	2.054300e+04
7.643890e+03	4.300000e+01
7.644272e+03	4.107000e+03
7.644653e+03	-2.042600e+04
7.645035e+03	-1.222500e+04
7.645416e+03	2.053800e+04
7.645798e+03	6.100000e+01
7.646179e+03	-1.222100e+04
7.646561e+03	2.054400e+04
7.646942e+03	4.152000e+03
7.647324e+03	-1.634500e+04
7.647705e+03	4.200000e+01
7.648087e+03	-4.043000e+03
7.648468e+03	-2.862200e+04
7.648849e+03	1.234400e+04
7.649231e+03	8.250000e+03
7.649612e+03	2.053500e+04
7.649994e+03	2.872600e+04
7.650375e+03	8.254000e+03
7.650757e+03	1.235300e+04
7.651138e+03	6.000000e+01
7.651520e+03	-1.633700e+04
7.651901e+03	-2.861800e+04
7.652283e+03	1.644700e+04
7.652664e+03	-8.120000e+03
7.653046e+03	2.464900e+04
7.653427e+03	4.160000e+03
7.653809e+03	-1.633000e+04
7.654190e+03	1.644200e+04
7.654572e+03	-1.633200e+04
7.654953e+03	1.234000e+04
7.655334e+03	2.052400e+04
7.655716e+03	-4.030000e+03
7.656097e+03	1.645000e+04
7.656479e+03	-1.223600e+04
7.656860e+03	4.164000e+03
7.657242e+03	-1.632200e+04
7.657623e+03	1.644500e+04
7.658005e+03	2.464700e+04
7.658386e+03	-1.223200e+04
7.658768e+03	-2.860700e+04
7.659149e+03	1.235500e+04
7.659531e+03	-1.222300e+04
7.659912e+03	4.186000e+03
7.660294e+03	-1.629000e+04
7.660675e+03	-2.448600e+04
7.661057e+03	1.236100e+04
7.661438e+03	-2.040700e+04
7.661819e+03	-1.221400e+04
7.662201e+03	5.400000e+01
7.662582e+03	-2.861300e+04
7.662964e+03	-3.271100e+04
7.663345e+03	2.053600e+04
7.663727e+03	1.644400e+04
7.664108e+03	4.600000e+01
7.664490e+03	-2.042700e+04
7.664871e+03	1.644500e+04
7.665253e+03	5.800000e+01
7.665634e+03	-2.862000e+04
7.666016e+03	-2.862400e+04
7.666397e+03	-2.044800e+04
7.666779e+03	1.644100e+04
7.667160e+03	-8.126000e+03
7.667542e+03	-3.270300e+04
7.667923e+03	2.462600e+04
7.668304e+03	2.872400e+04
7.668686e+03	2.873500e+04
7.669067e+03	-2.451700e+04
7.669449e+03	-8.150000e+03
7.669830e+03	-2.861100e+04
7.670212e+03	4.163000e+03
7.670593e+03	-2.860900e+04
7.670975e+03	4.150000e+03
7.671356e+03	2.052900e+04
7.671738e+03	-2.861300e+04
7.672119e+03	-1.632100e+04
7.672501e+03	8.258000e+03
7.672882e+03	-4.028000e+03
7.673264e+03	-2.040900e+04
7.673645e+03	-4.027000e+03
7.674026e+03	-2.451300e+04
7.674408e+03	-2.861500e+04
7.674789e+03	2.053100e+04
7.675171e+03	2.462100e+04
7.675552e+03	2.054500e+04
7.675934e+03	-8.126000e+03
7.676315e+03	-2.452600e+04
7.676697e+03	1.644900e+04
7.677078e+03	7.000000e+01
7.677460e+03	-2.861500e+04
7.677841e+03	-2.451500e+04
7.678223e+03	-1.631600e+04
7.678604e+03	6.000000e+01
7.678986e+03	-3.272300e+04
7.679367e+03	4.160000e+03
7.679749e+03	-2.861100e+04
7.680130e+03	1.234600e+04
7.680511e+03	6.500000e+01
7.680893e+03	-2.860400e+04
7.681274e+03	1.235500e+04
7.681656e+03	-3.270800e+04
7.682037e+03	-3.273100e+04
7.682419e+03	-8.140000e+03
7.682800e+03	2.464100e+04
7.683182e+03	2.054500e+04
7.683563e+03	8.251000e+03
7.683945e+03	1.645000e+04
7.684326e+03	-2.041400e+04
7.684708e+03	1.642400e+04
7.685089e+03	8.253000e+03
7.685471e+03	1.235700e+04
7.685852e+03	-1.632000e+04
7.686234e+03	4.153000e+03
7.686615e+03	-2.451900e+04
7.686996e+03	2.054200e+04
7.687378e+03	6.800000e+01
7.687759e+03	8.264000e+03
7.688141e+03	-2.860100e+04
7.688522e+03	6.300000e+01
7.688904e+03	-3.272900e+04
7.689285e+03	2.051200e+04
7.689667e+03	-8.138000e+03
7.690048e+03	6.800000e+01
7.690430e+03	8.260000e+03
7.690811e+03	8.247000e+03
7.691193e+03	-2.044400e+04
7.691574e+03	4.138000e+03
7.691956e+03	-1.224600e+04
7.692337e+03	8.250000e+03
7.692719e+03	5.500000e+01
7.693100e+03	-2.454600e+04
7.693481e+03	-8.147000e+03
7.693863e+03	-3.271000e+04
7.694244e+03	1.234800e+04
7.694626e+03	8.226000e+03
7.695007e+03	-2.860800e+04
7.695389e+03	-1.221400e+04
7.695770e+03	-8.118000e+03
7.696152e+03	2.054800e+04
7.696533e+03	-2.452600e+04
7.696915e+03	-8.153000e+03
7.697296e+03	5.100000e+01
7.697678e+03	2.872900e+04
7.698059e+03	8.256000e+03
7.698441e+03	8.254000e+03
7.698822e+03	-2.453800e+04
7.699204e+03	2.054000e+04
7.699585e+03	1.235500e+04
7.699966e+03	-2.042300e+04
7.700348e+03	8.249000e+03
7.700729e+03	7.300000e+01
7.701111e+03	-1.221400e+04
7.701492e+03	6.700000e+01
7.701874e+03	4.145000e+03
7.702255e+03	-1.223200e+04
7.702637e+03	2.463200e+04
7.703018e+03	2.872500e+04
7.703400e+03	1.234300e+04
7.703781e+03	2.462900e+04
7.704163e+03	-3.271500e+04
7.704544e+03	6.100000e+01
7.704926e+03	6.000000e+01
7.705307e+03	-8.138000e+03
7.705688e+03	-2.861300e+04
7.706070e+03	-1.632000e+04
7.706451e+03	2.463400e+04
7.706833e+03	-2.451100e+04
7.707214e+03	-1.631200e+04
7.707596e+03	4.176000e+03
7.707977e+03	-2.449400e+04
7.708359e+03	-4.015000e+03
7.708740e+03	2.055200e+04
7.709122e+03	1.643800e+04
7.709503e+03	5.000000e+01
7.709885e+03	-1.223900e+04
7.710266e+03	-8.145000e+03
7.710648e+03	1.643400e+04
7.711029e+03	-2.451100e+04
7.711411e+03	-1.222000e+04
7.711792e+03	-3.270000e+04
7.712173e+03	2.873900e+04
7.712555e+03	2.053900e+04
7.712936e+03	-2.042100e+04
7.713318e+03	-2.041400e+04
7.713699e+03	-2.861000e+04
7.714081e+03	4.800000e+01
7.714462e+03	2.871400e+04
7.714844e+03	-2.453200e+04
7.715225e+03	-2.452000e+04
7.715607e+03	8.246000e+03
7.715988e+03	-4.060000e+03
7.716370e+03	-4.038000e+03
7.716751e+03	-2.861100e+04
7.717133e+03	2.052600e+04
7.717514e+03	5.800000e+01
7.717896e+03	2.464800e+04
7.718277e+03	-3.269300e+04
7.718658e+03	-2.860200e+04
7.719040e+03	-1.223000e+04
7.719421e+03	8.245000e+03
7.719803e+03	8.233000e+03
7.720184e+03	2.462500e+04
7.720566e+03	-3.270900e+04
7.720947e+03	-1.632600e+04
7.721329e+03	2.464000e+04
7.721710e+03	1.235200e+04
7.722092e+03	-2.861100e+04
7.722473e+03	-8.129000e+03
7.722855e+03	-2.041500e+04
7.723236e+03	-2.041800e+04
7.723618e+03	-1.632700e+04
7.723999e+03	-1.634000e+04
7.724381e+03	1.233900e+04
7.724762e+03	-2.860800e+04
7.725143e+03	2.054400e+04
7.725525e+03	-3.271300e+04
7.725906e+03	2.463500e+04
7.726288e+03	2.463600e+04
7.726669e+03	-4.052000e+03
7.727051e+03	-1.634200e+04
7.727432e+03	4.900000e+01
7.727814e+03	-4.053000e+03
7.728195e+03	1.233800e+04
7.728577e+03	-4.047000e+03
7.728958e+03	-2.861300e+04
7.729340e+03	2.873600e+04
7.729721e+03	-8.133000e+03
7.730103e+03	-1.223200e+04
7.730484e+03	-4.035000e+03
7.730865e+03	1.644300e+04
7.731247e+03	-1.223600e+04
7.731628e+03	1.642300e+04
7.732010e+03	-4.054000e+03
7.732391e+03	2.872900e+04
7.732773e+03	-3.271500e+04
7.733154e+03	1.642600e+04
7.733536e+03	1.643700e+04
7.733917e+03	-2.452200e+04
7.734299e+03	8.247000e+03
7.734680e+03	-1.632600e+04
7.735062e+03	-2.860600e+04
7.735443e+03	4.168000e+03
7.735825e+03	-3.269700e+04
7.736206e+03	1.644600e+04
7.736588e+03	2.459200e+04
7.736969e+03	2.054000e+04
7.737350e+03	-1.632200e+04
7.737732e+03	-1.222800e+04
7.738113e+03	2.053500e+04
7.738495e+03	2.462100e+04
7.738876e+03	5.800000e+01
7.739258e+03	1.645500e+04
7.739639e+03	2.874800e+04
7.740021e+03	2.465000e+04
7.740402e+03	4.155000e+03
7.740784e+03	6.000000e+01
7.741165e+03	-2.450700e+04
7.741547e+03	-1.631900e+04
7.741928e+03	2.872300e+04
7.742310e+03	-2.042100e+04
7.742691e+03	-2.451700e+04
7.743073e+03	-4.045000e+03
7.743454e+03	-1.632900e+04
7.743835e+03	2.872600e+04
7.744217e+03	-2.452300e+04
7.744598e+03	-2.451800e+04
7.744980e+03	-1.632700e+04
7.745361e+03	-1.225000e+04
7.745743e+03	-2.862100e+04
7.746124e+03	-8.134000e+03
7.746506e+03	-4.043000e+03
7.746887e+03	2.871500e+04
7.747269e+03	-4.039000e+03
7.747650e+03	-1.222800e+04
7.748032e+03	-2.042300e+04
7.748413e+03	1.233400e+04
7.748795e+03	2.461800e+04
7.749176e+03	-1.223400e+04
7.749558e+03	-1.223000e+04
7.749939e+03	8.251000e+03
7.750320e+03	4.157000e+03
7.750702e+03	2.873800e+04
7.751083e+03	4.164000e+03
7.751465e+03	-4.028000e+03
7.751846e+03	2.874400e+04
7.752228e+03	-8.116000e+03
7.752609e+03	-2.859800e+04
7.752991e+03	-1.632000e+04
7.753372e+03	2.053200e+04
7.753754e+03	-1.222700e+04
7.754135e+03	-4.043000e+03
7.754517e+03	1.232200e+04
7.754898e+03	-3.271200e+04
7.755280e+03	2.873200e+04
7.755661e+03	-8.126000e+03
7.756042e+03	7.300000e+01
7.756424e+03	-4.023000e+03
7.756805e+03	-4.028000e+03
7.757187e+03	-2.861200e+04
7.757568e+03	1.643900e+04
7.757950e+03	1.233200e+04
7.758331e+03	2.872100e+04
7.758713e+03	-3.271000e+04
7.759094e+03	2.873600e+04
7.759476e+03	-4.030000e+03
7.759857e+03	-3.270600e+04
7.760239e+03	2.462800e+04
7.760620e+03	2.461600e+04
7.761002e+03	-2.862300e+04
7.761383e+03	1.235400e+04
7.761765e+03	-8.120000e+03
7.762146e+03	-1.221600e+04
7.762527e+03	2.055000e+04
7.762909e+03	-1.222100e+04
7.763290e+03	-1.222400e+04
7.763672e+03	2.464200e+04
7.764053e+03	-2.860200e+04
7.764435e+03	7.100000e+01
7.764816e+03	2.054200e+04
7.765198e+03	4.139000e+03
7.765579e+03	4.160000e+03
7.765961e+03	2.054100e+04
7.766342e+03	-3.272000e+04
7.766724e+03	-2.451000e+04
7.767105e+03	4.163000e+03
7.767487e+03	-2.041600e+04
7.767868e+03	-1.222400e+04
7.768250e+03	-4.052000e+03
7.768631e+03	4.158000e+03
7.769012e+03	-2.041100e+04
7.769394e+03	1.235200e+04
7.769775e+03	-2.042700e+04
7.770157e+03	-8.139000e+03
7.770538e+03	2.053100e+04
7.770920e+03	-2.042300e+04
7.771301e+03	1.642700e+04
7.771683e+03	2.873700e+04
7.772064e+03	2.464900e+04
7.772446e+03	-1.631500e+04
7.772827e+03	4.160000e+03
7.773209e+03	-2.860700e+04
7.773590e+03	1.234800e+04
7.773972e+03	2.872500e+04
7.774353e+03	-4.033000e+03
7.774735e+03	1.645100e+04
7.775116e+03	-1.632500e+04
7.775497e+03	3.800000e+01
7.775879e+03	1.235300e+04
7.776260e+03	2.464100e+04
7.776642e+03	1.644800e+04
7.777023e+03	-2.860400e+04
7.777405e+03	-3.270700e+04
7.777786e+03	2.054200e+04
7.778168e+03	4.169000e+03
7.778549e+03	4.165000e+03
7.778931e+03	2.872900e+04
7.779312e+03	4.165000e+03
7.779694e+03	-8.124000e+03
7.780075e+03	-4.038000e+03
7.780457e+03	-2.453300e+04
7.780838e+03	-3.272500e+04
7.781219e+03	-2.042000e+04
7.781601e+03	-1.222900e+04
7.781982e+03	-3.272700e+04
7.782364e+03	-2.453200e+04
7.782745e+03	-2.043600e+04
7.783127e+03	2.049800e+04
7.783508e+03	2.462500e+04
7.783890e+03	-2.861100e+04
7.784271e+03	-1.222600e+04
7.784653e+03	-2.861800e+04
7.785034e+03	-1.223500e+04
7.785416e+03	-1.633000e+04
7.785797e+03	-3.273100e+04
7.786179e+03	1.235700e+04
7.786560e+03	-2.450000e+04
7.786942e+03	1.645900e+04
7.787323e+03	-1.631900e+04
7.787704e+03	-3.276100e+04
7.788086e+03	-1.223000e+04
7.788467e+03	-1.632500e+04
7.788849e+03	1.644400e+04
7.789230e+03	2.053900e+04
7.789612e+03	-4.050000e+03
7.789993e+03	-4.052000e+03
7.790375e+03	2.873000e+04
7.790756e+03	-4.044000e+03
7.791138e+03	4.800000e+01
7.791519e+03	2.463600e+04
7.791901e+03	-8.129000e+03
7.792282e+03	-2.861600e+04
7.792664e+03	-3.272400e+04
7.793045e+03	2.463800e+04
7.793427e+03	-1.223000e+04
7.793808e+03	4.135000e+03
7.794189e+03	6.100000e+01
7.794571e+03	-1.222600e+04
7.794952e+03	1.234500e+04
7.795334e+03	-1.633500e+04
7.795715e+03	-3.270200e+04
7.796097e+03	-8.118000e+03
7.796478e+03	2.465000e+04
7.796860e+03	8.261000e+03
7.797241e+03	-1.631800e+04
7.797623e+03	-2.451200e+04
7.798004e+03	2.464700e+04
7.798386e+03	2.465100e+04
7.798767e+03	1.645500e+04
7.799149e+03	1.234200e+04
7.799530e+03	-3.271400e+04
7.799912e+03	2.873000e+04
7.800293e+03	2.873600e+04
7.800674e+03	6.700000e+01
7.801056e+03	8.258000e+03
7.801437e+03	-4.030000e+03
7.801819e+03	8.257000e+03
7.802200e+03	-3.270700e+04
7.802582e+03	-3.271600e+04
7.802963e+03	-1.225100e+04
7.803345e+03	-4.033000e+03
7.803726e+03	-2.860300e+04
7.804108e+03	-2.041600e+04
7.804489e+03	1.233600e+04
7.804871e+03	8.236000e+03
7.805252e+03	2.053200e+04
7.805634e+03	-2.452000e+04
7.806015e+03	1.234200e+04
7.806396e+03	4.147000e+03
7.806778e+03	1.642700e+04
7.807159e+03	-1.633300e+04
7.807541e+03	2.054500e+04
7.807922e+03	-1.631300e+04
7.808304e+03	2.874300e+04
7.808685e+03	-1.222400e+04
7.809067e+03	8.249000e+03
7.809448e+03	-2.861700e+04
7.809830e+03	4.150000e+03
7.810211e+03	-1.223300e+04
7.810593e+03	6.500000e+01
7.810974e+03	7.000000e+01
7.811356e+03	4.167000e+03
7.811737e+03	2.873500e+04
7.812119e+03	-2.047100e+04
7.812500e+03	2.873600e+04
7.812881e+03	1.235600e+04
7.813263e+03	-2.451400e+04
7.813644e+03	2.462900e+04
7.814026e+03	-1.632700e+04
7.814407e+03	-8.131000e+03
7.814789e+03	6.200000e+01
7.815170e+03	-4.046000e+03
7.815552e+03	-1.223300e+04
7.815933e+03	1.643600e+04
7.816315e+03	-4.050000e+03
7.816696e+03	-8.127000e+03
7.817078e+03	-1.222400e+04
7.817459e+03	1.230100e+04
7.817841e+03	6.600000e+01
7.818222e+03	6.700000e+01
7.818604e+03	1.643300e+04
7.818985e+03	-3.271800e+04
7.819366e+03	2.052500e+04
7.819748e+03	1.233900e+04
7.820129e+03	2.054200e+04
7.820511e+03	-2.861700e+04
7.820892e+03	2.873800e+04
7.821274e+03	-2.450500e+04
7.821655e+03	-1.631900e+04
7.822037e+03	2.872000e+04
7.822418e+03	1.643100e+04
7.822800e+03	-3.271600e+04
7.823181e+03	-1.222500e+04
7.823563e+03	2.463700e+04
7.823944e+03	4.147000e+03
7.824326e+03	1.644100e+04
7.824707e+03	-3.270600e+04
7.825089e+03	-1.221900e+04
7.825470e+03	1.236000e+04
7.825851e+03	-2.451200e+04
7.826233e+03	-8.144000e+03
7.826614e+03	1.234700e+04
7.826996e+03	-2.861500e+04
7.827377e+03	-2.042700e+04
7.827759e+03	2.872100e+04
7.828140e+03	-4.046000e+03
7.828522e+03	-4.041000e+03
7.828903e+03	-1.633300e+04
7.829285e+03	-4.051000e+03
7.829666e+03	-8.141000e+03
7.830048e+03	2.054200e+04
7.830429e+03	6.600000e+01
7.830811e+03	-2.861200e+04
7.831192e+03	1.233900e+04
7.831573e+03	1.644000e+04
7.831955e+03	2.053700e+04
7.832336e+03	2.463500e+04
7.832718e+03	-3.271100e+04
7.833099e+03	-3.271500e+04
7.833481e+03	1.235300e+04
7.833862e+03	-4.028000e+03
7.834244e+03	2.054300e+04
7.834625e+03	2.053300e+04
7.835007e+03	2.873300e+04
7.835388e+03	-3.270400e+04
7.835770e+03	1.235000e+04
7.836151e+03	2.054300e+04
7.836533e+03	1.235500e+04
7.836914e+03	-8.129000e+03
7.837296e+03	8.243000e+03
7.837677e+03	2.054500e+04
7.838058e+03	1.645500e+04
7.838440e+03	-8.124000e+03
7.838821e+03	-2.042300e+04
7.839203e+03	4.130000e+03
7.839584e+03	-1.633300e+04
7.839966e+03	-1.223300e+04
7.840347e+03	-8.139000e+03
7.840729e+03	-8.148000e+03
7.841110e+03	-3.272000e+04
7.841492e+03	2.463200e+04
7.841873e+03	-8.141000e+03
7.842255e+03	2.463400e+04
7.842636e+03	2.873800e+04
7.843018e+03	1.644400e+04
7.843399e+03	-2.862400e+04
7.843781e+03	1.236000e+04
7.844162e+03	-4.021000e+03
7.844543e+03	-3.269900e+04
7.844925e+03	4.900000e+01
7.845306e+03	1.233200e+04
7.845688e+03	1.641500e+04
7.846069e+03	-3.271200e+04
7.846451e+03	1.234900e+04
7.846832e+03	-1.222200e+04
7.847214e+03	2.464900e+04
7.847595e+03	-2.040700e+04
7.847977e+03	2.054700e+04
7.848358e+03	-4.027000e+03
7.848740e+03	-4.025000e+03
7.849121e+03	-2.041400e+04
7.849503e+03	-3.271400e+04
7.849884e+03	-1.223600e+04
7.850266e+03	-1.632400e+04
7.850647e+03	-2.450900e+04
7.851028e+03	7.300000e+01
7.851410e+03	8.268000e+03
7.851791e+03	8.266000e+03
7.852173e+03	-2.860600e+04
7.852554e+03	4.162000e+03
7.852936e+03	-2.860700e+04
7.853317e+03	1.643800e+04
7.853699e+03	-2.451600e+04
7.854080e+03	4.158000e+03
7.854462e+03	-3.271600e+04
7.854843e+03	-2.861300e+04
7.855225e+03	2.054300e+04
7.855606e+03	-1.632600e+04
7.855988e+03	2.052600e+04
7.856369e+03	2.870800e+04
7.856750e+03	2.462900e+04
7.857132e+03	2.053300e+04
7.857513e+03	-1.224600e+04
7.857895e+03	2.871400e+04
7.858276e+03	-2.453200e+04
7.858658e+03	-3.272700e+04
7.859039e+03	8.234000e+03
7.859421e+03	-3.272100e+04
7.859802e+03	2.872700e+04
7.860184e+03	2.463500e+04
7.860565e+03	-4.032000e+03
7.860947e+03	2.464400e+04
7.861328e+03	6.500000e+01
7.861710e+03	2.462100e+04
7.862091e+03	-8.132000e+03
7.862473e+03	2.054800e+04
7.862854e+03	1.235200e+04
7.863235e+03	-2.451900e+04
7.863617e+03	-2.041700e+04
7.863998e+03	6.500000e+01
7.864380e+03	-2.042600e+04
7.864761e+03	2.463100e+04
7.865143e+03	-2.452100e+04
7.865524e+03	-4.063000e+03
7.865906e+03	2.053800e+04
7.866287e+03	2.054000e+04
7.866669e+03	2.051900e+04
7.867050e+03	-8.138000e+03
7.867432e+03	8.249000e+03
7.867813e+03	-2.862300e+04
7.868195e+03	-1.633300e+04
7.868576e+03	1.000000e+00
7.868958e+03	2.873800e+04
7.869339e+03	7.600000e+01
7.869720e+03	-2.450200e+04
7.870102e+03	2.054500e+04
7.870483e+03	2.462900e+04
7.870865e+03	-8.147000e+03
7.871246e+03	2.053800e+04
7.871628e+03	-8.126000e+03
7.872009e+03	-3.270400e+04
7.872391e+03	-2.861100e+04
7.872772e+03	8.257000e+03
7.873154e+03	2.054000e+04
7.873535e+03	-8.162000e+03
7.873917e+03	1.643600e+04
7.874298e+03	-8.142000e+03
7.874680e+03	-1.634900e+04
7.875061e+03	-2.862900e+04
7.875443e+03	-2.043000e+04
7.875824e+03	5.300000e+01
7.876205e+03	8.251000e+03
7.876587e+03	-1.222500e+04
7.876968e+03	-1.632300e+04
7.877350e+03	-1.632700e+04
7.877731e+03	-1.222700e+04
7.878113e+03	2.873400e+04
7.878494e+03	4.154000e+03
7.878876e+03	5.800000e+01
7.879257e+03	1.235300e+04
7.879639e+03	1.235600e+04
7.880020e+03	6.400000e+01
7.880402e+03	-1.223300e+04
7.880783e+03	-8.138000e+03
7.881165e+03	-1.633900e+04
7.881546e+03	-1.224700e+04
7.881927e+03	5.300000e+01
7.882309e+03	-2.862100e+04
7.882690e+03	1.234600e+04
7.883072e+03	-4.037000e+03
7.883453e+03	-2.861300e+04
7.883835e+03	1.235600e+04
7.884216e+03	-4.027000e+03
7.884598e+03	-1.222300e+04
7.884979e+03	2.872900e+04
7.885361e+03	1.234200e+04
7.885742e+03	4.149000e+03
7.886124e+03	-2.862200e+04
7.886505e+03	-8.147000e+03
7.886887e+03	-8.151000e+03
7.887268e+03	2.462600e+04
7.887650e+03	1.643700e+04
7.888031e+03	-8.142000e+03
7.888412e+03	-1.223800e+04
7.888794e+03	2.872100e+04
7.889175e+03	-3.274100e+04
7.889557e+03	-2.042600e+04
7.889938e+03	1.234600e+04
7.890320e+03	-2.042800e+04
7.890701e+03	-1.223200e+04
7.891083e+03	1.234000e+04
7.891464e+03	1.641800e+04
7.891846e+03	2.053900e+04
7.892227e+03	4.159000e+03
7.892609e+03	1.644400e+04
7.892990e+03	2.872700e+04
7.893372e+03	-2.451900e+04
7.893753e+03	8.252000e+03
7.894135e+03	-2.451700e+04
7.894516e+03	2.872500e+04
7.894897e+03	-4.050000e+03
7.895279e+03	2.463500e+04
7.895660e+03	-1.222300e+04
7.896042e+03	2.054200e+04
7.896423e+03	5.200000e+01
7.896805e+03	-1.634000e+04
7.897186e+03	-8.140000e+03
7.897568e+03	8.261000e+03
7.897949e+03	2.464700e+04
7.898331e+03	-3.270500e+04
7.898712e+03	-1.222300e+04
7.899094e+03	-3.269900e+04
7.899475e+03	-1.222800e+04
7.899857e+03	-3.272600e+04
7.900238e+03	-2.861700e+04
7.900620e+03	-1.633400e+04
7.901001e+03	4.144000e+03
7.901382e+03	-1.223800e+04
7.901764e+03	-2.451900e+04
7.902145e+03	1.644500e+04
7.902527e+03	1.234900e+04
7.902908e+03	-1.632500e+04
7.903290e+03	-1.632800e+04
7.903671e+03	2.463900e+04
7.904053e+03	-8.123000e+03
7.904434e+03	2.874300e+04
7.904816e+03	1.645300e+04
7.905197e+03	-1.222400e+04
7.905579e+03	4.148000e+03
7.905960e+03	-3.271800e+04
7.906342e+03	-1.632200e+04
7.906723e+03	2.463400e+04
7.907105e+03	8.238000e+03
7.907486e+03	2.873800e+04
7.907867e+03	-1.221900e+04
7.908249e+03	2.053600e+04
7.908630e+03	-4.041000e+03
7.909012e+03	2.873900e+04
7.909393e+03	4.158000e+03
7.909775e+03	1.642700e+04
7.910156e+03	-2.861000e+04
7.910538e+03	2.463400e+04
7.910919e+03	-2.862800e+04
7.911301e+03	-2.451600e+04
7.911682e+03	-1.632500e+04
7.912064e+03	2.462400e+04
7.912445e+03	1.642900e+04
7.912827e+03	-2.453100e+04
7.913208e+03	-4.058000e+03
7.913589e+03	-3.273300e+04
7.913971e+03	1.232900e+04
7.914352e+03	8.251000e+03
7.914734e+03	1.235300e+04
7.915115e+03	-4.036000e+03
7.915497e+03	1.643300e+04
7.915878e+03	4.900000e+01
7.916260e+03	2.053300e+04
7.916641e+03	1.234900e+04
7.917023e+03	1.645000e+04
7.917404e+03	-3.270600e+04
7.917786e+03	5.100000e+01
7.918167e+03	-2.453400e+04
7.918549e+03	-3.271300e+04
7.918930e+03	8.254000e+03
7.919312e+03	-1.222600e+04
7.919693e+03	2.463400e+04
7.920074e+03	-1.223200e+04
7.920456e+03	2.463100e+04
7.920837e+03	8.245000e+03
7.921219e+03	8.235000e+03
7.921600e+03	-4.059000e+03
7.921982e+03	-8.137000e+03
7.922363e+03	1.235200e+04
7.922745e+03	-1.222000e+04
7.923126e+03	7.100000e+01
7.923508e+03	2.874100e+04
7.923889e+03	-3.270400e+04
7.924271e+03	-8.130000e+03
7.924652e+03	-3.269600e+04
7.925034e+03	-2.859700e+04
7.925415e+03	-3.269900e+04
7.925797e+03	8.237000e+03
7.926178e+03	1.235200e+04
7.926559e+03	-3.270500e+04
7.926941e+03	2.870300e+04
7.927322e+03	-1.222900e+04
7.927704e+03	-8.127000e+03
7.928085e+03	2.463700e+04
7.928467e+03	2.873100e+04
7.928848e+03	1.235100e+04
7.929230e+03	-1.632300e+04
7.929611e+03	4.149000e+03
7.929993e+03	4.600000e+01
7.930374e+03	1.644200e+04
7.930756e+03	1.234700e+04
7.931137e+03	4.500000e+01
7.931519e+03	-4.053000e+03
7.931900e+03	1.234300e+04
7.932282e+03	-2.861500e+04
7.932663e+03	-2.042200e+04
7.933044e+03	-3.271200e+04
7.933426e+03	1.234000e+04
7.933807e+03	-2.043200e+04
7.934189e+03	4.139000e+03
7.934570e+03	1.642800e+04
7.934952e+03	4.153000e+03
7.935333e+03	-2.041500e+04
7.935715e+03	-1.222000e+04
7.936096e+03	6.300000e+01
7.936478e+03	2.462700e+04
7.936859e+03	8.263000e+03
7.937241e+03	-1.221200e+04
7.937622e+03	7.100000e+01
7.938004e+03	2.053300e+04
7.938385e+03	-3.269900e+04
7.938766e+03	-8.126000e+03
7.939148e+03	-3.270500e+04
7.939529e+03	-2.859100e+04
7.939911e+03	1.237300e+04
7.940292e+03	1.646500e+04
7.940674e+03	4.162000e+03
7.941055e+03	-8.151000e+03
7.941437e+03	-1.632500e+04
7.941818e+03	2.463700e+04
7.942200e+03	6.100000e+01
7.942581e+03	-3.270400e+04
7.942963e+03	-3.271000e+04
7.943344e+03	5.600000e+01
7.943726e+03	-1.632800e+04
7.944107e+03	-2.861800e+04
7.944489e+03	-1.632200e+04
7.944870e+03	-2.041400e+04
7.945251e+03	1.644300e+04
7.945633e+03	4.147000e+03
7.946014e+03	-2.042700e+04
7.946396e+03	-2.452500e+04
7.946777e+03	1.235100e+04
7.947159e+03	2.464000e+04
7.947540e+03	2.462500e+04
7.947922e+03	4.900000e+01
7.948303e+03	4.153000e+03
7.948685e+03	2.462100e+04
7.949066e+03	-3.273800e+04
7.949448e+03	-2.862400e+04
7.949829e+03	-1.631900e+04
7.950211e+03	-1.631300e+04
7.950592e+03	-2.860400e+04
7.950974e+03	-1.223900e+04
7.951355e+03	-2.861600e+04
7.951736e+03	-1.222500e+04
7.952118e+03	1.234600e+04
7.952499e+03	-1.633500e+04
7.952881e+03	-2.042200e+04
7.953262e+03	-1.223200e+04
7.953644e+03	-2.862000e+04
7.954025e+03	2.462800e+04
7.954407e+03	8.250000e+03
7.954788e+03	-2.450900e+04
7.955170e+03	-1.221500e+04
7.955551e+03	-4.023000e+03
7.955933e+03	-1.222200e+04
7.956314e+03	2.052500e+04
7.956696e+03	-8.149000e+03
7.957077e+03	-8.165000e+03
7.957459e+03	1.234600e+04
7.957840e+03	-2.450900e+04
7.958221e+03	2.873800e+04
7.958603e+03	6.300000e+01
7.958984e+03	-2.861200e+04
7.959366e+03	4.160000e+03
7.959747e+03	-3.270100e+04
7.960129e+03	1.235000e+04
7.960510e+03	8.246000e+03
7.960892e+03	-3.270800e+04
7.961273e+03	-1.223600e+04
7.961655e+03	8.235000e+03
7.962036e+03	-3.270900e+04
7.962418e+03	2.463400e+04
7.962799e+03	-1.223300e+04
7.963181e+03	-1.223200e+04
7.963562e+03	2.463600e+04
7.963943e+03	-4.035000e+03
7.964325e+03	1.234600e+04
7.964706e+03	-1.224200e+04
7.965088e+03	2.051100e+04
7.965469e+03	-2.862600e+04
7.965851e+03	-2.042900e+04
7.966232e+03	-1.224900e+04
7.966614e+03	-2.455000e+04
7.966995e+03	4.500000e+01
7.967377e+03	8.257000e+03
7.967758e+03	-2.040900e+04
7.968140e+03	2.054400e+04
7.968521e+03	2.462400e+04
7.968903e+03	-4.027000e+03
7.969284e+03	-4.027000e+03
7.969666e+03	2.873400e+04
7.970047e+03	1.645300e+04
7.970428e+03	-2.450900e+04
7.970810e+03	2.053100e+04
7.971191e+03	-2.042000e+04
7.971573e+03	8.254000e+03
7.971954e+03	-1.225400e+04
7.972336e+03	5.700000e+01
7.972717e+03	-2.451300e+04
7.973099e+03	-2.451300e+04
7.973480e+03	2.872800e+04
7.973862e+03	2.052800e+04
7.974243e+03	-1.224700e+04
7.974625e+03	1.232800e+04
7.975006e+03	2.872100e+04
7.975388e+03	5.600000e+01
7.975769e+03	2.463100e+04
7.976151e+03	-2.862300e+04
7.976532e+03	8.241000e+03
7.976913e+03	2.872900e+04
7.977295e+03	1.644200e+04
7.977676e+03	-2.042400e+04
7.978058e+03	8.243000e+03
7.978439e+03	-1.633500e+04
7.978821e+03	4.152000e+03
7.979202e+03	-3.270600e+04
7.979584e+03	-2.860500e+04
7.979965e+03	1.235800e+04
7.980347e+03	-8.125000e+03
7.980728e+03	-3.270500e+04
7.981110e+03	5.300000e+01
7.981491e+03	4.149000e+03
7.981873e+03	1.234300e+04
7.982254e+03	-1.223700e+04
7.982636e+03	-4.041000e+03
7.983017e+03	-3.270900e+04
7.983398e+03	2.872400e+04
7.983780e+03	-1.636600e+04
7.984161e+03	-1.635300e+04
7.984543e+03	2.871900e+04
7.984924e+03	-4.034000e+03
7.985306e+03	1.235400e+04
7.985687e+03	-2.863200e+04
7.986069e+03	-2.450900e+04
7.986450e+03	-1.221500e+04
7.986832e+03	-1.632300e+04
7.987213e+03	1.235800e+04
7.987595e+03	2.465900e+04
7.987976e+03	2.056300e+04
7.988358e+03	2.055200e+04
7.988739e+03	-1.635800e+04
7.989120e+03	-2.862000e+04
7.989502e+03	5.200000e+01
7.989883e+03	1.645300e+04
7.990265e+03	-2.860100e+04
7.990646e+03	8.259000e+03
7.991028e+03	1.644100e+04
7.991409e+03	-4.050000e+03
7.991791e+03	8.254000e+03
7.992172e+03	-4.033000e+03
7.992554e+03	1.643800e+04
7.992935e+03	-1.223700e+04
7.993317e+03	-2.041500e+04
7.993698e+03	-1.631400e+04
7.994080e+03	6.300000e+01
7.994461e+03	8.246000e+03
7.994843e+03	-1.631600e+04
7.995224e+03	-2.450900e+04
7.995605e+03	-2.860600e+04
7.995987e+03	-2.041000e+04
7.996368e+03	-2.041800e+04
7.996750e+03	2.052000e+04
7.997131e+03	8.254000e+03
7.997513e+03	2.054300e+04
7.997894e+03	2.463500e+04
7.998276e+03	6.200000e+01
7.998657e+03	6.600000e+01
7.999039e+03	-2.041700e+04
7.999420e+03	-4.045000e+03
7.999802e+03	-1.225500e+04
8.000183e+03	-2.862000e+04
8.000565e+03	2.054500e+04
8.000946e+03	1.235300e+04
8.001328e+03	2.052600e+04
8.001709e+03	-1.223200e+04
8.002090e+03	-1.223000e+04
8.002472e+03	-3.272200e+04
8.002853e+03	-1.222600e+04
8.003235e+03	6.500000e+01
8.003616e+03	1.234900e+04
8.003998e+03	8.241000e+03
8.004379e+03	-3.271300e+04
8.004761e+03	-2.450800e+04
8.005142e+03	-2.041700e+04
8.005524e+03	-8.139000e+03
8.005905e+03	1.235600e+04
8.006287e+03	2.054500e+04
8.006668e+03	1.900000e+01
8.007050e+03	-8.135000e+03
8.007431e+03	5.200000e+01
8.007813e+03	-2.861300e+04
8.008194e+03	-1.222600e+04
8.008575e+03	1.644400e+04
8.008957e+03	-8.128000e+03
8.009338e+03	-8.130000e+03
8.009720e+03	8.237000e+03
8.010101e+03	-8.158000e+03
8.010483e+03	-2.044300e+04
8.010864e+03	8.246000e+03
8.011246e+03	2.872500e+04
8.011627e+03	-3.272000e+04
8.012009e+03	4.400000e+01
8.012390e+03	4.700000e+01
8.012772e+03	1.234100e+04
8.013153e+03	-3.272900e+04
8.013535e+03	-4.028000e+03
8.013916e+03	7.300000e+01
8.014297e+03	-1.223200e+04
8.014679e+03	7.000000e+01
8.015060e+03	2.874900e+04
8.015442e+03	-3.269600e+04
8.015823e+03	-2.861100e+04
8.016205e+03	-8.129000e+03
8.016586e+03	4.166000e+03
8.016968e+03	-1.631100e+04
8.017349e+03	2.464500e+04
8.017731e+03	-3.270200e+04
8.018112e+03	-4.028000e+03
8.018494e+03	1.235000e+04
8.018875e+03	-1.632500e+04
8.019257e+03	1.644000e+04
8.019638e+03	-2.042200e+04
8.020020e+03	4.164000e+03
8.020401e+03	-2.861400e+04
8.020782e+03	-1.222500e+04
8.021164e+03	1.645300e+04
8.021545e+03	-1.223400e+04
8.021927e+03	-1.222500e+04
8.022308e+03	-1.631600e+04
8.022690e+03	-2.861100e+04
8.023071e+03	8.257000e+03
8.023453e+03	2.873900e+04
8.023834e+03	2.054300e+04
8.024216e+03	-1.632500e+04
8.024597e+03	-2.860700e+04
8.024979e+03	1.235600e+04
8.025360e+03	-2.451800e+04
8.025742e+03	-2.860700e+04
8.026123e+03	-4.028000e+03
8.026505e+03	-2.861400e+04
8.026886e+03	-3.271600e+04
8.027267e+03	2.871100e+04
8.027649e+03	7.300000e+01
8.028030e+03	-3.269000e+04
8.028412e+03	-2.860300e+04
8.028793e+03	4.100000e+01
8.029175e+03	-2.861600e+04
8.029556e+03	1.643900e+04
8.029938e+03	-4.025000e+03
8.030319e+03	-2.860900e+04
8.030701e+03	1.234700e+04
8.031082e+03	-8.126000e+03
8.031464e+03	-2.860600e+04
8.031845e+03	-2.449500e+04
8.032227e+03	-2.859600e+04
8.032608e+03	2.873900e+04
8.032990e+03	8.276000e+03
8.033371e+03	8.261000e+03
8.033752e+03	-1.629800e+04
8.034134e+03	4.188000e+03
8.034515e+03	4.164000e+03
8.034897e+03	-2.447000e+04
8.035278e+03	2.469100e+04
8.035660e+03	1.240300e+04
8.036041e+03	-3.266300e+04
8.036423e+03	-1.223100e+04
8.036804e+03	2.466700e+04
8.037186e+03	-2.039700e+04
8.037567e+03	1.235500e+04
8.037949e+03	-2.040000e+04
8.038330e+03	4.147000e+03
8.038712e+03	7.800000e+01
8.039093e+03	2.874900e+04
8.039474e+03	-4.037000e+03
8.039856e+03	-8.115000e+03
8.040237e+03	-4.026000e+03
8.040619e+03	2.464100e+04
8.041000e+03	-2.040300e+04
8.041382e+03	-3.269800e+04
8.041763e+03	-4.067000e+03
8.042145e+03	2.873300e+04
8.042526e+03	-1.631300e+04
8.042908e+03	4.174000e+03
8.043289e+03	-3.269400e+04
8.043671e+03	2.872700e+04
8.044052e+03	-2.043400e+04
8.044434e+03	2.462300e+04
8.044815e+03	-2.042700e+04
8.045197e+03	2.873300e+04
8.045578e+03	2.464200e+04
8.045959e+03	-8.128000e+03
8.046341e+03	-2.453100e+04
8.046722e+03	2.873400e+04
8.047104e+03	6.600000e+01
8.047485e+03	-1.224000e+04
8.047867e+03	-1.223400e+04
8.048248e+03	-2.861300e+04
8.048630e+03	4.147000e+03
8.049011e+03	-8.141000e+03
8.049393e+03	-3.272400e+04
8.049774e+03	1.643900e+04
8.050156e+03	-3.270400e+04
8.050537e+03	2.873300e+04
8.050919e+03	-1.224100e+04
8.051300e+03	1.232300e+04
8.051682e+03	1.642600e+04
8.052063e+03	-2.452300e+04
8.052444e+03	1.233700e+04
8.052826e+03	2.049900e+04
8.053207e+03	2.050100e+04
8.053589e+03	1.642900e+04
8.053970e+03	1.235000e+04
8.054352e+03	2.464300e+04
8.054733e+03	-8.127000e+03
8.055115e+03	-8.131000e+03
8.055496e+03	-4.039000e+03
8.055878e+03	6.200000e+01
8.056259e+03	-4.033000e+03
8.056641e+03	2.463500e+04
8.057022e+03	8.246000e+03
8.057404e+03	1.644900e+04
8.057785e+03	1.235400e+04
8.058167e+03	-4.042000e+03
8.058548e+03	2.053800e+04
8.058929e+03	4.163000e+03
8.059311e+03	2.873500e+04
8.059692e+03	-4.045000e+03
8.060074e+03	1.234100e+04
8.060455e+03	-8.143000e+03
8.060837e+03	-2.862800e+04
8.061218e+03	-2.861500e+04
8.061600e+03	-1.223100e+04
8.061981e+03	-8.144000e+03
8.062363e+03	-8.141000e+03
8.062744e+03	4.156000e+03
8.063126e+03	2.873300e+04
8.063507e+03	-3.270800e+04
8.063889e+03	-2.042400e+04
8.064270e+03	2.873400e+04
8.064651e+03	-4.027000e+03
8.065033e+03	-2.450700e+04
8.065414e+03	-8.135000e+03
8.065796e+03	-2.451400e+04
8.066177e+03	2.463800e+04
8.066559e+03	1.233600e+04
8.066940e+03	7.300000e+01
8.067322e+03	-1.221300e+04
8.067703e+03	-2.451300e+04
8.068085e+03	8.251000e+03
8.068466e+03	7.300000e+01
8.068848e+03	-1.222100e+04
8.069229e+03	-8.157000e+03
8.069611e+03	4.157000e+03
8.069992e+03	2.054000e+04
8.070374e+03	-2.044200e+04
8.070755e+03	-2.452200e+04
8.071136e+03	-2.451700e+04
8.071518e+03	-2.452000e+04
8.071899e+03	5.200000e+01
8.072281e+03	-2.042700e+04
8.072662e+03	-1.632700e+04
8.073044e+03	5.700000e+01
8.073425e+03	-1.223400e+04
8.073807e+03	1.233700e+04
8.074188e+03	-2.862600e+04
8.074570e+03	2.872500e+04
8.074951e+03	1.234400e+04
8.075333e+03	2.462200e+04
8.075714e+03	-1.225400e+04
8.076096e+03	-3.271100e+04
8.076477e+03	-3.271100e+04
8.076859e+03	4.149000e+03
8.077240e+03	2.054600e+04
8.077621e+03	2.054700e+04
8.078003e+03	2.053600e+04
8.078384e+03	-4.031000e+03
8.078766e+03	2.464500e+04
8.079147e+03	-1.633200e+04
8.079529e+03	-2.860600e+04
8.079910e+03	2.464700e+04
8.080292e+03	-2.042800e+04
8.080673e+03	1.235200e+04
8.081055e+03	-1.631800e+04
8.081436e+03	-2.044300e+04
8.081818e+03	2.464100e+04
8.082199e+03	-2.861000e+04
8.082581e+03	2.875200e+04
8.082962e+03	-2.039000e+04
8.083344e+03	2.876300e+04
8.083725e+03	2.465900e+04
8.084106e+03	5.900000e+01
8.084488e+03	2.054400e+04
8.084869e+03	-2.043200e+04
8.085251e+03	6.600000e+01
8.085632e+03	-3.269600e+04
8.086014e+03	-1.222600e+04
8.086395e+03	-2.861700e+04
8.086777e+03	2.054500e+04
8.087158e+03	-1.222900e+04
8.087540e+03	-2.863000e+04
8.087921e+03	-2.041900e+04
8.088303e+03	2.464300e+04
8.088684e+03	-2.041400e+04
8.089066e+03	6.200000e+01
8.089447e+03	-2.451000e+04
8.089829e+03	1.236000e+04
8.090210e+03	-4.025000e+03
8.090591e+03	8.256000e+03
8.090973e+03	8.258000e+03
8.091354e+03	-4.024000e+03
8.091736e+03	2.055200e+04
8.092117e+03	1.644800e+04
8.092499e+03	-2.862700e+04
8.092880e+03	2.052600e+04
8.093262e+03	2.872400e+04
8.093643e+03	2.053500e+04
8.094025e+03	-1.223500e+04
8.094406e+03	4.700000e+01
8.094788e+03	2.052100e+04
8.095169e+03	-1.633500e+04
8.095551e+03	-1.223000e+04
8.095932e+03	-2.041500e+04
8.096313e+03	-8.125000e+03
8.096695e+03	2.054600e+04
8.097076e+03	5.800000e+01
8.097458e+03	-4.060000e+03
8.097839e+03	1.644600e+04
8.098221e+03	-3.270500e+04
8.098602e+03	2.872200e+04
8.098984e+03	-1.224100e+04
8.099365e+03	-3.271600e+04
8.099747e+03	-3.272100e+04
8.100128e+03	-4.036000e+03
8.100510e+03	-8.135000e+03
8.100891e+03	-1.225200e+04
8.101273e+03	1.234900e+04
8.101654e+03	-2.451500e+04
8.102036e+03	2.462300e+04
8.102417e+03	-8.139000e+03
8.102798e+03	5.400000e+01
8.103180e+03	-4.065000e+03
8.103561e+03	1.644100e+04
8.103943e+03	-3.270500e+04
8.104324e+03	-3.270300e+04
8.104706e+03	-4.033000e+03
8.105087e+03	-2.861900e+04
8.105469e+03	2.871300e+04
8.105850e+03	-1.223000e+04
8.106232e+03	-1.222800e+04
8.106613e+03	2.054300e+04
8.106995e+03	-2.861000e+04
8.107376e+03	8.244000e+03
8.107758e+03	-3.272600e+04
8.108139e+03	-2.042200e+04
8.108521e+03	4.164000e+03
8.108902e+03	-2.859800e+04
8.109283e+03	2.874600e+04
8.109665e+03	-2.860900e+04
8.110046e+03	2.871000e+04
8.110428e+03	-4.038000e+03
8.110809e+03	-8.136000e+03
8.111191e+03	-8.135000e+03
8.111572e+03	2.053500e+04
8.111954e+03	-2.454000e+04
8.112335e+03	1.644600e+04
8.112717e+03	-2.861100e+04
8.113098e+03	-8.135000e+03
8.113480e+03	6.500000e+01
8.113861e+03	-3.270400e+04
8.114243e+03	-1.632800e+04
8.114624e+03	1.644800e+04
8.115006e+03	-1.631500e+04
8.115387e+03	-2.041400e+04
8.115768e+03	-2.452600e+04
8.116150e+03	2.872400e+04
8.116531e+03	2.053200e+04
8.116913e+03	2.461000e+04
8.117294e+03	-4.042000e+03
8.117676e+03	2.872600e+04
8.118057e+03	-2.861600e+04
8.118439e+03	2.464100e+04
8.118820e+03	1.235300e+04
8.119202e+03	-4.052000e+03
8.119583e+03	4.149000e+03
8.119965e+03	-2.451400e+04
8.120346e+03	8.249000e+03
8.120728e+03	-1.225800e+04
8.121109e+03	1.643000e+04
8.121490e+03	8.246000e+03
8.121872e+03	-3.271500e+04
8.122253e+03	1.233700e+04
8.122635e+03	1.643300e+04
8.123016e+03	-3.270900e+04
8.123398e+03	-2.860900e+04
8.123779e+03	-1.223100e+04
8.124161e+03	-2.452400e+04
8.124542e+03	2.873500e+04
8.124924e+03	6.500000e+01
8.125305e+03	2.053100e+04
8.125687e+03	8.234000e+03
8.126068e+03	2.462800e+04
8.126450e+03	1.643000e+04
8.126831e+03	-1.223200e+04
8.127213e+03	-2.041900e+04
8.127594e+03	2.873200e+04
8.127975e+03	-2.861600e+04
8.128357e+03	-2.452600e+04
8.128738e+03	1.232100e+04
8.129120e+03	-8.154000e+03
8.129501e+03	2.052600e+04
8.129883e+03	-4.042000e+03
8.130264e+03	-1.633600e+04
8.130646e+03	-2.041700e+04
8.131027e+03	-1.221600e+04
8.131409e+03	-1.221500e+04
8.131790e+03	-1.222500e+04
8.132172e+03	8.258000e+03
8.132553e+03	-3.269800e+04
8.132935e+03	-1.222300e+04
8.133316e+03	-2.453300e+04
8.133698e+03	-1.633800e+04
8.134079e+03	-1.225000e+04
8.134460e+03	-2.042200e+04
8.134842e+03	2.463600e+04
8.135223e+03	-2.453000e+04
8.135605e+03	6.000000e+01
8.135986e+03	6.100000e+01
8.136368e+03	-4.035000e+03
8.136749e+03	2.874300e+04
8.137131e+03	-2.450600e+04
8.137512e+03	-2.042900e+04
8.137894e+03	6.200000e+01
8.138275e+03	2.054700e+04
8.138657e+03	4.151000e+03
8.139038e+03	-2.043500e+04
8.139420e+03	-1.223300e+04
8.139801e+03	4.137000e+03
8.140183e+03	2.462800e+04
8.140564e+03	-2.041600e+04
8.140945e+03	-1.631800e+04
8.141327e+03	2.463700e+04
8.141708e+03	-1.634700e+04
8.142090e+03	-2.452800e+04
8.142471e+03	-2.451900e+04
8.142853e+03	2.463300e+04
8.143234e+03	-2.043600e+04
8.143616e+03	-2.043200e+04
8.143997e+03	2.053500e+04
8.144379e+03	2.871300e+04
8.144760e+03	4.152000e+03
8.145142e+03	-2.451100e+04
8.145523e+03	1.645100e+04
8.145905e+03	-1.632000e+04
8.146286e+03	2.463300e+04
8.146667e+03	4.154000e+03
8.147049e+03	-2.451300e+04
8.147430e+03	-2.861600e+04
8.147812e+03	-4.045000e+03
8.148193e+03	2.464500e+04
8.148575e+03	-4.023000e+03
8.148956e+03	8.263000e+03
8.149338e+03	-8.134000e+03
8.149719e+03	2.872500e+04
8.150101e+03	2.463600e+04
8.150482e+03	1.642600e+04
8.150864e+03	1.234200e+04
8.151245e+03	-4.040000e+03
8.151627e+03	-1.634500e+04
8.152008e+03	4.160000e+03
8.152390e+03	-2.860500e+04
8.152771e+03	8.252000e+03
8.153152e+03	1.235000e+04
8.153534e+03	8.251000e+03
8.153915e+03	8.228000e+03
8.154297e+03	-3.271500e+04
8.154678e+03	1.643600e+04
8.155060e+03	1.233500e+04
8.155441e+03	8.241000e+03
8.155823e+03	1.232600e+04
8.156204e+03	-2.862400e+04
8.156586e+03	-8.142000e+03
8.156967e+03	-2.862300e+04
8.157349e+03	-4.042000e+03
8.157730e+03	-4.057000e+03
8.158112e+03	2.053100e+04
8.158493e+03	-3.270700e+04
8.158875e+03	-1.223600e+04
8.159256e+03	-2.453000e+04
8.159637e+03	2.463600e+04
8.160019e+03	4.153000e+03
8.160400e+03	-2.863500e+04
8.160782e+03	-2.042300e+04
8.161163e+03	-4.033000e+03
8.161545e+03	-1.222600e+04
8.161926e+03	-3.270800e+04
8.162308e+03	2.872900e+04
8.162689e+03	1.643700e+04
8.163071e+03	2.051900e+04
8.163452e+03	-3.270600e+04
8.163834e+03	-2.860300e+04
8.164215e+03	2.874100e+04
8.164597e+03	-1.632300e+04
8.164978e+03	2.052900e+04
8.165360e+03	4.137000e+03
8.165741e+03	4.139000e+03
8.166122e+03	-4.052000e+03
8.166504e+03	8.254000e+03
8.166885e+03	1.236000e+04
8.167267e+03	-2.040900e+04
8.167648e+03	2.054200e+04
8.168030e+03	-4.057000e+03
8.168411e+03	1.234200e+04
8.168793e+03	2.464500e+04
8.169174e+03	-4.024000e+03
8.169556e+03	1.235100e+04
8.169937e+03	4.158000e+03
8.170319e+03	1.236300e+04
8.170700e+03	2.464800e+04
8.171082e+03	1.232900e+04
8.171463e+03	-8.124000e+03
8.171844e+03	7.300000e+01
8.172226e+03	8.259000e+03
8.172607e+03	8.250000e+03
8.172989e+03	-3.270800e+04
8.173370e+03	2.464300e+04
8.173752e+03	1.235600e+04
8.174133e+03	-1.222800e+04
8.174515e+03	2.052700e+04
8.174896e+03	8.240000e+03
8.175278e+03	6.000000e+01
8.175659e+03	2.464300e+04
8.176041e+03	-8.126000e+03
8.176422e+03	-3.270600e+04
8.176804e+03	5.800000e+01
8.177185e+03	-1.223200e+04
8.177567e+03	4.800000e+01
8.177948e+03	1.645100e+04
8.178329e+03	2.875100e+04
8.178711e+03	-2.039800e+04
8.179092e+03	4.175000e+03
8.179474e+03	2.874000e+04
8.179855e+03	2.053900e+04
8.180237e+03	1.644700e+04
8.180618e+03	4.158000e+03
8.181000e+03	2.462500e+04
8.181381e+03	8.241000e+03
8.181763e+03	-3.270600e+04
8.182144e+03	-2.451300e+04
8.182526e+03	2.053500e+04
8.182907e+03	8.253000e+03
8.183289e+03	-4.032000e+03
8.183670e+03	-2.861300e+04
8.184052e+03	-1.635600e+04
8.184433e+03	-8.149000e+03
8.184814e+03	-8.152000e+03
8.185196e+03	-1.636000e+04
8.185577e+03	-8.160000e+03
8.185959e+03	-2.454500e+04
8.186340e+03	-2.862200e+04
8.186722e+03	-8.144000e+03
8.187103e+03	-1.224800e+04
8.187485e+03	6.200000e+01
8.187866e+03	2.054900e+04
8.188248e+03	-2.041100e+04
8.188629e+03	-4.031000e+03
8.189011e+03	-1.223100e+04
8.189392e+03	5.300000e+01
8.189774e+03	-2.041700e+04
8.190155e+03	-3.270000e+04
8.190537e+03	-4.033000e+03
8.190918e+03	1.800000e+01
8.191299e+03	1.235300e+04
8.191681e+03	2.464500e+04
8.192062e+03	1.644400e+04
8.192444e+03	-2.453700e+04
8.192825e+03	-2.452200e+04
8.193207e+03	-1.223700e+04
8.193588e+03	-1.633000e+04
8.193970e+03	5.700000e+01
8.194351e+03	-8.160000e+03
8.194733e+03	-3.271300e+04
8.195114e+03	-2.451200e+04
8.195496e+03	2.873900e+04
8.195877e+03	-3.270100e+04
8.196259e+03	-1.631700e+04
8.196640e+03	2.054800e+04
8.197021e+03	4.164000e+03
8.197403e+03	2.055100e+04
8.197784e+03	2.874600e+04
8.198166e+03	4.169000e+03
8.198547e+03	2.873400e+04
8.198929e+03	-4.061000e+03
8.199310e+03	4.155000e+03
8.199692e+03	-2.451800e+04
8.200073e+03	-2.453200e+04
8.200455e+03	-8.139000e+03
8.200836e+03	1.643900e+04
8.201218e+03	2.873800e+04
8.201599e+03	-2.859800e+04
8.201981e+03	8.268000e+03
8.202362e+03	2.464700e+04
8.202744e+03	-2.451200e+04
8.203125e+03	-2.861400e+04
8.203506e+03	4.152000e+03
8.203888e+03	8.254000e+03
8.204269e+03	-4.030000e+03
8.204651e+03	-3.270100e+04
8.205032e+03	1.644200e+04
8.205414e+03	1.233000e+04
8.205795e+03	1.235100e+04
8.206177e+03	-2.451500e+04
8.206558e+03	-1.632800e+04
8.206940e+03	-2.860700e+04
8.207321e+03	4.156000e+03
8.207703e+03	-2.043200e+04
8.208084e+03	-4.027000e+03
8.208466e+03	1.236200e+04
8.208847e+03	-3.269600e+04
8.209229e+03	4.163000e+03
8.209610e+03	1.233300e+04
8.209991e+03	-8.133000e+03
8.210373e+03	2.873800e+04
8.210754e+03	-2.451700e+04
8.211136e+03	-2.452200e+04
8.211517e+03	-1.633400e+04
8.211899e+03	2.460700e+04
8.212280e+03	-2.042000e+04
8.212662e+03	-8.130000e+03
8.213043e+03	-1.222600e+04
8.213425e+03	1.235700e+04
8.213806e+03	-2.041100e+04
8.214188e+03	6.500000e+01
8.214569e+03	4.153000e+03
8.214951e+03	2.463300e+04
8.215332e+03	-4.036000e+03
8.215714e+03	6.300000e+01
8.216095e+03	4.155000e+03
8.216476e+03	2.053100e+04
8.216858e+03	-2.044000e+04
8.217239e+03	-2.042400e+04
8.217621e+03	2.463700e+04
8.218002e+03	1.643500e+04
8.218384e+03	1.644000e+04
8.218765e+03	2.055000e+04
8.219147e+03	-3.269500e+04
8.219528e+03	7.000000e+01
8.219910e+03	5.400000e+01
8.220291e+03	8.239000e+03
8.220673e+03	1.644600e+04
8.221054e+03	1.235500e+04
8.221436e+03	2.874000e+04
8.221817e+03	-2.860700e+04
8.222198e+03	1.644100e+04
8.222580e+03	2.049500e+04
8.222961e+03	2.872700e+04
8.223343e+03	-2.451600e+04
8.223724e+03	4.149000e+03
8.224106e+03	2.871300e+04
8.224487e+03	-4.041000e+03
8.224869e+03	4.153000e+03
8.225250e+03	-8.132000e+03
8.225632e+03	2.054100e+04
8.226013e+03	-2.043400e+04
8.226395e+03	-3.271700e+04
8.226776e+03	2.463700e+04
8.227158e+03	4.158000e+03
8.227539e+03	6.100000e+01
8.227921e+03	-2.861000e+04
8.228302e+03	2.054400e+04
8.228683e+03	-4.035000e+03
8.229065e+03	2.053300e+04
8.229446e+03	-2.042200e+04
8.229828e+03	-2.042800e+04
8.230209e+03	-1.634600e+04
8.230591e+03	2.463500e+04
8.230972e+03	-4.037000e+03
8.231354e+03	2.872900e+04
8.231735e+03	6.100000e+01
8.232117e+03	-4.043000e+03
8.232498e+03	4.129000e+03
8.232880e+03	-3.271500e+04
8.233261e+03	-8.142000e+03
8.233643e+03	-3.270500e+04
8.234024e+03	2.054700e+04
8.234406e+03	1.234600e+04
8.234787e+03	-2.862500e+04
8.235168e+03	-4.028000e+03
8.235550e+03	-3.269500e+04
8.235931e+03	-1.631300e+04
8.236313e+03	-2.042000e+04
8.236694e+03	1.234100e+04
8.237076e+03	-2.861300e+04
8.237457e+03	-1.223600e+04
8.237839e+03	-1.223400e+04
8.238220e+03	8.240000e+03
8.238602e+03	2.462800e+04
8.238983e+03	4.165000e+03
8.239365e+03	-4.028000e+03
8.239746e+03	1.234600e+04
8.240128e+03	-8.133000e+03
8.240509e+03	-2.451700e+04
8.240891e+03	1.643500e+04
8.241272e+03	-2.862600e+04
8.241653e+03	5.000000e+01
8.242035e+03	2.054500e+04
8.242416e+03	-2.451200e+04
8.242798e+03	-1.633800e+04
8.243179e+03	-2.041300e+04
8.243561e+03	8.261000e+03
8.243942e+03	-8.143000e+03
8.244324e+03	1.644300e+04
8.244705e+03	2.464200e+04
8.245087e+03	-2.450700e+04
8.245468e+03	-3.269500e+04
8.245850e+03	2.464400e+04
8.246231e+03	2.872500e+04
8.246613e+03	-2.862300e+04
8.246994e+03	-3.270500e+04
8.247375e+03	-1.630700e+04
8.247757e+03	-4.017000e+03
8.248138e+03	-2.450500e+04
8.248520e+03	-4.075000e+03
8.248901e+03	4.163000e+03
8.249283e+03	-4.027000e+03
8.249664e+03	1.645200e+04
8.250046e+03	-1.632000e+04
8.250427e+03	-4.037000e+03
8.250809e+03	-4.041000e+03
8.251190e+03	1.000000e+00
8.251572e+03	-4.044000e+03
8.251953e+03	-1.223800e+04
8.252335e+03	-3.271600e+04
8.252716e+03	-8.128000e+03
8.253098e+03	6.300000e+01
8.253479e+03	2.054100e+04
8.253860e+03	-2.860300e+04
8.254242e+03	-3.269900e+04
8.254623e+03	-8.129000e+03
8.255005e+03	-2.042200e+04
8.255386e+03	1.644000e+04
8.255768e+03	-8.152000e+03
8.256149e+03	-3.272800e+04
8.256531e+03	4.147000e+03
8.256912e+03	1.233800e+04
8.257294e+03	-1.633800e+04
8.257675e+03	-1.633600e+04
8.258057e+03	-2.451100e+04
8.258438e+03	-2.040900e+04
8.258820e+03	2.054900e+04
8.259201e+03	7.000000e+01
8.259583e+03	7.400000e+01
8.259964e+03	2.464600e+04
8.260345e+03	-1.632200e+04
8.260727e+03	-3.270500e+04
8.261108e+03	2.053300e+04
8.261490e+03	5.500000e+01
8.261871e+03	-2.860500e+04
8.262253e+03	2.464000e+04
8.262634e+03	-2.043300e+04
8.263016e+03	4.100000e+01
8.263397e+03	3.000000e+01
8.263779e+03	1.233300e+04
8.264160e+03	-4.052000e+03
8.264542e+03	2.048400e+04
8.264923e+03	-1.633300e+04
8.265305e+03	-2.860700e+04
8.265686e+03	-3.269600e+04
8.266068e+03	-1.221600e+04
8.266449e+03	4.166000e+03
8.266830e+03	-1.631100e+04
8.267212e+03	1.646100e+04
8.267593e+03	2.055500e+04
8.267975e+03	2.464300e+04
8.268356e+03	2.463200e+04
8.268738e+03	2.871900e+04
8.269119e+03	2.462900e+04
8.269501e+03	2.872900e+04
8.269882e+03	-3.271300e+04
8.270264e+03	-3.271600e+04
8.270645e+03	5.100000e+01
8.271027e+03	2.053100e+04
8.271408e+03	-3.270500e+04
8.271790e+03	-3.270200e+04
8.272171e+03	-2.042000e+04
8.272552e+03	-8.168000e+03
8.272934e+03	-1.223900e+04
8.273315e+03	1.234400e+04
8.273697e+03	-1.632100e+04
8.274078e+03	2.464600e+04
8.274460e+03	7.300000e+01
8.274841e+03	2.464400e+04
8.275223e+03	1.234600e+04
8.275604e+03	-1.224200e+04
8.275986e+03	1.644000e+04
8.276367e+03	-8.134000e+03
8.276749e+03	2.872700e+04
8.277130e+03	1.235000e+04
8.277512e+03	1.645200e+04
8.277893e+03	-1.222600e+04
8.278275e+03	4.148000e+03
8.278656e+03	2.054000e+04
8.279037e+03	4.150000e+03
8.279419e+03	2.463900e+04
8.279800e+03	2.874400e+04
8.280182e+03	2.054900e+04
8.280563e+03	-2.042900e+04
8.280945e+03	1.234700e+04
8.281326e+03	-2.861400e+04
8.281708e+03	-4.047000e+03
8.282089e+03	2.873700e+04
8.282471e+03	2.464600e+04
8.282852e+03	4.164000e+03
8.283234e+03	5.400000e+01
8.283615e+03	1.234500e+04
8.283997e+03	2.873900e+04
8.284378e+03	-1.222500e+04
8.284760e+03	-3.271500e+04
8.285141e+03	4.152000e+03
8.285522e+03	8.250000e+03
8.285904e+03	2.054300e+04
8.286285e+03	2.873800e+04
8.286667e+03	1.644500e+04
8.287048e+03	-1.223600e+04
8.287430e+03	5.600000e+01
8.287811e+03	-2.861600e+04
8.288193e+03	-2.862600e+04
8.288574e+03	4.000000e+01
8.288956e+03	-2.045300e+04
8.289337e+03	-2.861600e+04
8.289719e+03	-2.450700e+04
8.290100e+03	1.236000e+04
8.290482e+03	2.054600e+04
8.290863e+03	2.462600e+04
8.291245e+03	4.147000e+03
8.291626e+03	-2.042700e+04
8.292007e+03	1.642700e+04
8.292389e+03	8.250000e+03
8.292770e+03	2.874100e+04
8.293152e+03	8.264000e+03
8.293533e+03	-2.450800e+04
8.293915e+03	-2.860800e+04
8.294296e+03	1.235600e+04
8.294678e+03	2.874100e+04
8.295059e+03	2.464200e+04
8.295441e+03	1.645000e+04
8.295822e+03	-3.270300e+04
8.296204e+03	8.250000e+03
8.296585e+03	-2.451900e+04
8.296967e+03	4.164000e+03
8.297348e+03	-2.860200e+04
8.297730e+03	2.464000e+04
8.298111e+03	2.053000e+04
8.298492e+03	2.873100e+04
8.298874e+03	-2.042000e+04
8.299255e+03	-2.862400e+04
8.299637e+03	-1.223300e+04
8.300018e+03	4.161000e+03
8.300400e+03	6.500000e+01
8.300781e+03	-2.042700e+04
8.301163e+03	2.461300e+04
8.301544e+03	4.143000e+03
8.301926e+03	1.234300e+04
8.302307e+03	-3.270400e+04
8.302689e+03	-4.032000e+03
8.303070e+03	-4.042000e+03
8.303452e+03	-1.224600e+04
8.303833e+03	-3.272200e+04
8.304214e+03	-2.044800e+04
8.304596e+03	-1.633100e+04
8.304977e+03	-8.132000e+03
8.305359e+03	-2.451400e+04
8.305740e+03	2.464000e+04
8.306122e+03	2.053900e+04
8.306503e+03	2.051000e+04
8.306885e+03	2.872100e+04
8.307266e+03	2.872100e+04
8.307648e+03	1.643200e+04
8.308029e+03	-1.632100e+04
8.308411e+03	1.645000e+04
8.308792e+03	-2.451200e+04
8.309174e+03	-2.041400e+04
8.309555e+03	2.054800e+04
8.309937e+03	-2.451100e+04
8.310318e+03	-8.132000e+03
8.310699e+03	-1.633100e+04
8.311081e+03	2.872700e+04
8.311462e+03	-8.139000e+03
8.311844e+03	-1.633200e+04
8.312225e+03	2.054800e+04
8.312607e+03	-2.860400e+04
8.312988e+03	-2.044100e+04
8.313370e+03	2.054700e+04
8.313751e+03	1.645300e+04
8.314133e+03	1.644800e+04
8.314514e+03	-8.111000e+03
8.314896e+03	-3.268200e+04
8.315277e+03	2.056100e+04
8.315659e+03	-8.130000e+03
8.316040e+03	1.644900e+04
8.316422e+03	-2.860500e+04
8.316803e+03	-2.042500e+04
8.317184e+03	-2.863200e+04
8.317566e+03	-4.035000e+03
8.317947e+03	8.262000e+03
8.318329e+03	-2.450800e+04
8.318710e+03	-3.271700e+04
8.319092e+03	-2.042400e+04
8.319473e+03	2.054700e+04
8.319855e+03	1.235300e+04
8.320236e+03	4.153000e+03
8.320618e+03	-1.222600e+04
8.320999e+03	-4.022000e+03
8.321381e+03	-2.039900e+04
8.321762e+03	4.180000e+03
8.322144e+03	-4.015000e+03
8.322525e+03	-1.631000e+04
8.322907e+03	2.873800e+04
8.323288e+03	2.874200e+04
8.323669e+03	7.000000e+01
8.324051e+03	1.644400e+04
8.324432e+03	2.462400e+04
8.324814e+03	-2.451900e+04
8.325195e+03	2.463500e+04
8.325577e+03	1.644600e+04
8.325958e+03	5.500000e+01
8.326340e+03	1.644500e+04
8.326721e+03	2.054900e+04
8.327103e+03	-2.860700e+04
8.327484e+03	1.000000e+00
8.327866e+03	2.053800e+04
8.328247e+03	-4.041000e+03
8.328629e+03	5.600000e+01
8.329010e+03	1.644600e+04
8.329391e+03	1.644100e+04
8.329773e+03	-2.451700e+04
8.330154e+03	1.234400e+04
8.330536e+03	-2.453900e+04
8.330917e+03	2.873100e+04
8.331299e+03	2.052900e+04
8.331680e+03	-1.223100e+04
8.332062e+03	2.874200e+04
8.332443e+03	-3.270000e+04
8.332825e+03	1.644600e+04
8.333206e+03	6.700000e+01
8.333588e+03	-2.451400e+04
8.333969e+03	-2.455300e+04
8.334351e+03	-1.632300e+04
8.334732e+03	-2.861200e+04
8.335114e+03	-2.866100e+04
8.335495e+03	5.600000e+01
8.335876e+03	5.000000e+01
8.336258e+03	8.236000e+03
8.336639e+03	2.463500e+04
8.337021e+03	-2.043000e+04
8.337402e+03	-1.224700e+04
8.337784e+03	-2.043800e+04
8.338165e+03	-1.223400e+04
8.338547e+03	-1.221900e+04
8.338928e+03	-2.860200e+04
8.339310e+03	-3.270800e+04
8.339691e+03	-8.126000e+03
8.340073e+03	2.874300e+04
8.340454e+03	-1.631600e+04
8.340836e+03	1.235500e+04
8.341217e+03	-2.451100e+04
8.341599e+03	-1.223100e+04
8.341980e+03	-2.043200e+04
8.342361e+03	5.600000e+01
8.342743e+03	8.255000e+03
8.343124e+03	-8.128000e+03
8.343506e+03	-1.223200e+04
8.343887e+03	2.872300e+04
8.344269e+03	1.234300e+04
8.344650e+03	2.053500e+04
8.345032e+03	-8.138000e+03
8.345413e+03	1.234700e+04
8.345795e+03	-1.222600e+04
8.346176e+03	-2.861100e+04
8.346558e+03	-1.632700e+04
8.346939e+03	-8.138000e+03
8.347321e+03	1.644300e+04
8.347702e+03	1.644500e+04
8.348084e+03	1.643000e+04
8.348465e+03	2.462800e+04
8.348846e+03	-1.222300e+04
8.349228e+03	6.200000e+01
8.349609e+03	-2.045200e+04
8.349991e+03	-4.040000e+03
8.350372e+03	8.256000e+03
8.350754e+03	1.235300e+04
8.351135e+03	4.152000e+03
8.351517e+03	1.233200e+04
8.351898e+03	-8.129000e+03
8.352280e+03	-4.028000e+03
8.352661e+03	-1.222000e+04
8.353043e+03	8.254000e+03
8.353424e+03	-2.044000e+04
8.353806e+03	-1.632300e+04
8.354187e+03	2.873400e+04
8.354568e+03	2.052400e+04
8.354950e+03	1.234400e+04
8.355331e+03	-1.222700e+04
8.355713e+03	8.247000e+03
8.356094e+03	-2.452600e+04
8.356476e+03	4.147000e+03
8.356857e+03	-4.047000e+03
8.357239e+03	-2.453400e+04
8.357620e+03	-2.043200e+04
8.358002e+03	4.156000e+03
8.358383e+03	1.234900e+04
8.358765e+03	2.872500e+04
8.359146e+03	2.463300e+04
8.359528e+03	-8.133000e+03
8.359909e+03	-3.271500e+04
8.360291e+03	-2.452200e+04
8.360672e+03	2.054000e+04
8.361053e+03	4.147000e+03
8.361435e+03	-3.272100e+04
8.361816e+03	-2.861100e+04
8.362198e+03	-4.032000e+03
8.362579e+03	-3.269800e+04
8.362961e+03	1.235900e+04
8.363342e+03	-8.127000e+03
8.363724e+03	5.700000e+01
8.364105e+03	1.643600e+04
8.364487e+03	-3.270300e+04
8.364868e+03	-8.122000e+03
8.365250e+03	-8.128000e+03
8.365631e+03	-1.633800e+04
8.366013e+03	-3.269800e+04
8.366394e+03	2.055100e+04
8.366776e+03	-2.861100e+04
8.367157e+03	2.463300e+04
8.367538e+03	2.054300e+04
8.367920e+03	-2.861000e+04
8.368301e+03	-2.042200e+04
8.368683e+03	-2.861400e+04
8.369064e+03	-2.861300e+04
8.369446e+03	4.158000e+03
8.369827e+03	-4.031000e+03
8.370209e+03	1.235300e+04
8.370590e+03	-2.862300e+04
8.370972e+03	1.643800e+04
8.371353e+03	-3.270600e+04
8.371735e+03	-1.632500e+04
8.372116e+03	8.242000e+03
8.372498e+03	2.052600e+04
8.372879e+03	2.053900e+04
8.373261e+03	-2.861000e+04
8.373642e+03	-1.223100e+04
8.374023e+03	-1.224600e+04
8.374405e+03	4.151000e+03
8.374786e+03	4.158000e+03
8.375168e+03	-1.632200e+04
8.375549e+03	-4.033000e+03
8.375931e+03	2.873600e+04
8.376312e+03	-1.632000e+04
8.376694e+03	2.054400e+04
8.377075e+03	2.054500e+04
8.377457e+03	2.464200e+04
8.377838e+03	-1.222200e+04
8.378220e+03	-2.451100e+04
8.378601e+03	-8.131000e+03
8.378983e+03	-3.271100e+04
8.379364e+03	-1.633500e+04
8.379745e+03	1.233400e+04
8.380127e+03	4.135000e+03
8.380508e+03	2.500000e+01
8.380890e+03	2.461800e+04
8.381271e+03	2.872900e+04
8.381653e+03	2.873000e+04
8.382034e+03	-4.054000e+03
8.382416e+03	2.053500e+04
8.382797e+03	-2.451200e+04
8.383179e+03	-2.451600e+04
8.383560e+03	-4.047000e+03
8.383942e+03	-2.044100e+04
8.384323e+03	-1.223700e+04
8.384705e+03	6.100000e+01
8.385086e+03	-8.139000e+03
8.385468e+03	1.643500e+04
8.385849e+03	1.235500e+04
8.386230e+03	2.055100e+04
8.386612e+03	2.055200e+04
8.386993e+03	6.800000e+01
8.387375e+03	2.463700e+04
8.387756e+03	1.235800e+04
8.388138e+03	1.645400e+04
8.388519e+03	2.873600e+04
8.388901e+03	-4.029000e+03
8.389282e+03	1.645200e+04
8.389664e+03	8.252000e+03
8.390045e+03	-1.223500e+04
8.390427e+03	1.234000e+04
8.390808e+03	2.462500e+04
8.391190e+03	-1.226500e+04
8.391571e+03	-2.451600e+04
8.391953e+03	2.873700e+04
8.392334e+03	2.872800e+04
8.392715e+03	-1.634100e+04
8.393097e+03	2.872700e+04
8.393478e+03	1.233600e+04
8.393860e+03	-2.450900e+04
8.394241e+03	-8.122000e+03
8.394623e+03	-4.033000e+03
8.395004e+03	-2.453200e+04
8.395386e+03	1.232600e+04
8.395767e+03	-2.451800e+04
8.396149e+03	1.235200e+04
8.396530e+03	2.873100e+04
8.396912e+03	-3.270300e+04
8.397293e+03	-1.221500e+04
8.397675e+03	-3.269500e+04
8.398056e+03	-2.861000e+04
8.398438e+03	-1.223400e+04
8.398819e+03	-1.631700e+04
8.399200e+03	-2.860600e+04
8.399582e+03	1.643500e+04
8.399963e+03	-2.042800e+04
8.400345e+03	1.644600e+04
8.400726e+03	-1.223400e+04
8.401108e+03	-8.139000e+03
8.401489e+03	8.254000e+03
8.401871e+03	-3.271100e+04
8.402252e+03	-4.030000e+03
8.402634e+03	-2.860000e+04
8.403015e+03	8.257000e+03
8.403397e+03	-8.141000e+03
8.403778e+03	2.873800e+04
8.404160e+03	-2.862500e+04
8.404541e+03	-4.026000e+03
8.404922e+03	8.271000e+03
8.405304e+03	-2.859900e+04
8.405685e+03	-8.150000e+03
8.406067e+03	6.200000e+01
8.406448e+03	1.643900e+04
8.406830e+03	-1.632300e+04
8.407211e+03	4.159000e+03
8.407593e+03	5.800000e+01
8.407974e+03	-2.860100e+04
8.408356e+03	-4.028000e+03
8.408737e+03	-1.633300e+04
8.409119e+03	2.054600e+04
8.409500e+03	-1.632100e+04
8.409882e+03	-8.128000e+03
8.410263e+03	1.236400e+04
8.410645e+03	1.236600e+04
8.411026e+03	2.465000e+04
8.411407e+03	-1.632000e+04
8.411789e+03	-1.633700e+04
8.412170e+03	2.053500e+04
8.412552e+03	4.161000e+03
8.412933e+03	4.160000e+03
8.413315e+03	8.240000e+03
8.413696e+03	2.464700e+04
8.414078e+03	2.055700e+04
8.414459e+03	-2.860300e+04
8.414841e+03	-3.271800e+04
8.415222e+03	-8.120000e+03
8.415604e+03	-4.026000e+03
8.415985e+03	-8.138000e+03
8.416367e+03	1.644000e+04
8.416748e+03	-1.223500e+04
8.417130e+03	2.053200e+04
8.417511e+03	2.053200e+04
8.417892e+03	2.463300e+04
8.418274e+03	-4.038000e+03
8.418655e+03	2.872600e+04
8.419037e+03	-3.270800e+04
8.419418e+03	-1.223900e+04
8.419800e+03	-3.270600e+04
8.420181e+03	8.267000e+03
8.420563e+03	-3.269400e+04
8.420944e+03	-3.270400e+04
8.421326e+03	-2.860300e+04
8.421707e+03	4.165000e+03
8.422089e+03	-8.146000e+03
8.422470e+03	-2.452000e+04
8.422852e+03	2.054100e+04
8.423233e+03	-8.150000e+03
8.423615e+03	-8.143000e+03
8.423996e+03	-4.041000e+03
8.424377e+03	-2.043100e+04
8.424759e+03	-2.864200e+04
8.425140e+03	-4.060000e+03
8.425522e+03	1.642400e+04
8.425903e+03	8.211000e+03
8.426285e+03	-8.147000e+03
8.426666e+03	-2.452300e+04
8.427048e+03	-4.046000e+03
8.427429e+03	-3.271800e+04
8.427811e+03	-2.862100e+04
8.428192e+03	8.243000e+03
8.428574e+03	-2.862900e+04
8.428955e+03	-3.272900e+04
8.429337e+03	-1.225500e+04
8.429718e+03	-2.862900e+04
8.430099e+03	-4.042000e+03
8.430481e+03	-2.451200e+04
8.430862e+03	-1.222100e+04
8.431244e+03	6.300000e+01
8.431625e+03	-2.454800e+04
8.432007e+03	8.249000e+03
8.432388e+03	-1.222600e+04
8.432770e+03	8.251000e+03
8.433151e+03	-1.223200e+04
8.433533e+03	-8.133000e+03
8.433914e+03	2.463500e+04
8.434296e+03	1.234000e+04
8.434677e+03	-3.273000e+04
8.435059e+03	2.053400e+04
8.435440e+03	2.054200e+04
8.435822e+03	6.000000e+01
8.436203e+03	2.461900e+04
8.436584e+03	8.255000e+03
8.436966e+03	6.800000e+01
8.437347e+03	-2.861200e+04
8.437729e+03	2.463500e+04
8.438110e+03	1.235600e+04
8.438492e+03	-3.270400e+04
8.438873e+03	-8.139000e+03
8.439255e+03	1.234700e+04
8.439636e+03	-2.451300e+04
8.440018e+03	-8.130000e+03
8.440399e+03	-3.271400e+04
8.440781e+03	2.052400e+04
8.441162e+03	-4.040000e+03
8.441544e+03	-2.861100e+04
8.441925e+03	-4.035000e+03
8.442307e+03	-2.451900e+04
8.442688e+03	-3.272000e+04
8.443069e+03	-1.633300e+04
8.443451e+03	2.053100e+04
8.443832e+03	-2.043200e+04
8.444214e+03	4.150000e+03
8.444595e+03	2.872600e+04
8.444977e+03	-1.636900e+04
8.445358e+03	-2.861100e+04
8.445740e+03	-1.631600e+04
8.446121e+03	-2.041900e+04
8.446503e+03	2.872700e+04
8.446884e+03	1.235700e+04
8.447266e+03	-3.270100e+04
8.447647e+03	-1.632800e+04
8.448029e+03	2.870100e+04
8.448410e+03	-8.132000e+03
8.448792e+03	1.235900e+04
8.449173e+03	-8.124000e+03
8.449554e+03	4.600000e+01
8.449936e+03	-8.147000e+03
8.450317e+03	2.052000e+04
8.450699e+03	1.645100e+04
8.451080e+03	-2.040800e+04
8.451462e+03	-3.270200e+04
8.451843e+03	-3.271500e+04
8.452225e+03	-2.452200e+04
8.452606e+03	-4.027000e+03
8.452988e+03	2.874500e+04
8.453369e+03	8.258000e+03
8.453751e+03	-2.450900e+04
8.454132e+03	-3.270400e+04
8.454514e+03	-1.223200e+04
8.454895e+03	-1.631600e+04
8.455276e+03	8.222000e+03
8.455658e+03	-8.115000e+03
8.456039e+03	-2.449600e+04
8.456421e+03	-2.452600e+04
8.456802e+03	4.180000e+03
8.457184e+03	-2.859100e+04
8.457565e+03	1.646700e+04
8.457947e+03	1.239200e+04
8.458328e+03	-2.856300e+04
8.458710e+03	2.468200e+04
8.459091e+03	-8.101000e+03
8.459473e+03	4.163000e+03
8.459854e+03	1.646300e+04
8.460236e+03	-2.452400e+04
8.460617e+03	2.465800e+04
8.460999e+03	-2.040000e+04
8.461380e+03	-3.271100e+04
8.461761e+03	1.235400e+04
8.462143e+03	1.233000e+04
8.462524e+03	2.055300e+04
8.462906e+03	-2.040300e+04
8.463287e+03	-2.451300e+04
8.463669e+03	-2.861000e+04
8.464050e+03	2.054800e+04
8.464432e+03	8.240000e+03
8.464813e+03	-4.037000e+03
8.465195e+03	2.463700e+04
8.465576e+03	2.053600e+04
8.465958e+03	-2.860700e+04
8.466339e+03	-4.033000e+03
8.466721e+03	5.500000e+01
8.467102e+03	6.800000e+01
8.467484e+03	2.874300e+04
8.467865e+03	4.159000e+03
8.468246e+03	1.642400e+04
8.468628e+03	-3.271000e+04
8.469009e+03	1.234400e+04
8.469391e+03	-2.044900e+04
8.469772e+03	-1.634500e+04
8.470154e+03	1.234800e+04
8.470535e+03	1.235100e+04
8.470917e+03	-1.633900e+04
8.471298e+03	6.300000e+01
8.471680e+03	8.262000e+03
8.472061e+03	-2.041700e+04
8.472443e+03	-2.451200e+04
8.472824e+03	-1.631300e+04
8.473206e+03	2.054700e+04
8.473587e+03	8.240000e+03
8.473969e+03	2.872200e+04
8.474350e+03	-3.272400e+04
8.474731e+03	4.500000e+01
8.475113e+03	2.053700e+04
8.475494e+03	-1.222800e+04
8.475876e+03	-4.041000e+03
8.476257e+03	4.139000e+03
8.476639e+03	1.643700e+04
8.477020e+03	2.054000e+04
8.477402e+03	4.158000e+03
8.477783e+03	2.463400e+04
8.478165e+03	-2.452900e+04
8.478546e+03	4.131000e+03
8.478928e+03	-4.048000e+03
8.479309e+03	2.872600e+04
8.479691e+03	2.462800e+04
8.480072e+03	-4.052000e+03
8.480454e+03	-3.272100e+04
8.480835e+03	-2.861600e+04
8.481216e+03	-2.042300e+04
8.481598e+03	2.052600e+04
8.481979e+03	-4.049000e+03
8.482361e+03	2.463800e+04
8.482742e+03	6.100000e+01
8.483124e+03	-3.272800e+04
8.483505e+03	2.461400e+04
8.483887e+03	-2.863100e+04
8.484268e+03	-1.223200e+04
8.484650e+03	1.644700e+04
8.485031e+03	-3.271200e+04
8.485413e+03	1.231300e+04
8.485794e+03	-2.045400e+04
8.486176e+03	-2.452900e+04
8.486557e+03	-2.861000e+04
8.486938e+03	6.200000e+01
8.487320e+03	-1.223500e+04
8.487701e+03	1.235100e+04
8.488083e+03	-1.222700e+04
8.488464e+03	1.642300e+04
8.488846e+03	-8.125000e+03
8.489227e+03	-1.221600e+04
8.489609e+03	-1.222300e+04
8.489990e+03	-1.633300e+04
8.490372e+03	-2.041100e+04
8.490753e+03	-2.450200e+04
8.491135e+03	-3.269500e+04
8.491516e+03	2.054700e+04
8.491898e+03	2.873300e+04
8.492279e+03	-1.632200e+04
8.492661e+03	-8.126000e+03
8.493042e+03	-2.451300e+04
8.493423e+03	2.053600e+04
8.493805e+03	-8.133000e+03
8.494186e+03	2.873500e+04
8.494568e+03	2.054300e+04
8.494949e+03	-2.451800e+04
8.495331e+03	4.156000e+03
8.495712e+03	-1.632300e+04
8.496094e+03	2.463300e+04
8.496475e+03	2.463400e+04
8.496857e+03	6.600000e+01
8.497238e+03	4.158000e+03
8.497620e+03	-8.171000e+03
8.498001e+03	-2.451700e+04
8.498383e+03	-1.632100e+04
8.498764e+03	-2.860800e+04
8.499146e+03	-4.026000e+03
8.499527e+03	-4.026000e+03
8.499908e+03	2.463600e+04
8.500290e+03	2.000000e+01
8.500671e+03	1.000000e+00
8.501053e+03	1.644300e+04
8.501434e+03	-1.222000e+04
8.501816e+03	-2.860600e+04
8.502197e+03	-1.223200e+04
8.502579e+03	-2.041800e+04
8.502960e+03	-3.270800e+04
8.503342e+03	1.642300e+04
8.503723e+03	-8.144000e+03
8.504105e+03	8.250000e+03
8.504486e+03	-4.032000e+03
8.504868e+03	-1.632000e+04
8.505249e+03	1.234100e+04
8.505631e+03	-4.025000e+03
8.506012e+03	2.056100e+04
8.506393e+03	2.465800e+04
8.506775e+03	8.267000e+03
8.507156e+03	5.600000e+01
8.507538e+03	-2.040900e+04
8.507919e+03	-2.450500e+04
8.508301e+03	2.873200e+04
8.508682e+03	-1.632800e+04
8.509064e+03	-8.131000e+03
8.509445e+03	-2.451400e+04
8.509827e+03	2.873200e+04
8.510208e+03	-2.042000e+04
8.510590e+03	-8.124000e+03
8.510971e+03	2.873900e+04
8.511353e+03	-2.862000e+04
8.511734e+03	-2.862100e+04
8.512115e+03	8.256000e+03
8.512497e+03	-8.126000e+03
8.512878e+03	-4.037000e+03
8.513260e+03	-3.271800e+04
8.513641e+03	2.464300e+04
8.514023e+03	1.235600e+04
8.514404e+03	2.053400e+04
8.514786e+03	8.257000e+03
8.515167e+03	-1.631500e+04
8.515549e+03	2.054000e+04
8.515930e+03	-3.272200e+04
8.516312e+03	-3.271000e+04
8.516693e+03	2.463000e+04
8.517075e+03	4.137000e+03
8.517456e+03	-1.224500e+04
8.517838e+03	2.053400e+04
8.518219e+03	2.873300e+04
8.518600e+03	-8.128000e+03
8.518982e+03	6.400000e+01
8.519363e+03	-2.861000e+04
8.519745e+03	-2.451500e+04
8.520126e+03	-2.452100e+04
8.520508e+03	-2.864500e+04
8.520889e+03	-1.632700e+04
8.521271e+03	-2.451600e+04
8.521652e+03	-1.222900e+04
8.522034e+03	2.054300e+04
8.522415e+03	6.300000e+01
8.522797e+03	-1.223200e+04
8.523178e+03	1.233300e+04
8.523560e+03	-1.224500e+04
8.523941e+03	5.300000e+01
8.524323e+03	-2.042600e+04
8.524704e+03	-1.632700e+04
8.525085e+03	-2.042100e+04
8.525467e+03	2.872800e+04
8.525848e+03	-1.633700e+04
8.526230e+03	-1.223500e+04
8.526611e+03	-2.451700e+04
8.526993e+03	-3.270600e+04
8.527374e+03	2.054400e+04
8.527756e+03	-2.451300e+04
8.528137e+03	2.872800e+04
8.528519e+03	-3.273600e+04
8.528900e+03	-1.635300e+04
8.529282e+03	-8.135000e+03
8.529663e+03	-1.221700e+04
8.530045e+03	8.266000e+03
8.530426e+03	-2.041400e+04
8.530808e+03	-8.135000e+03
8.531189e+03	2.054800e+04
8.531570e+03	8.253000e+03
8.531952e+03	-4.035000e+03
8.532333e+03	7.500000e+01
8.532715e+03	-4.022000e+03
8.533096e+03	-1.222300e+04
8.533478e+03	-1.635300e+04
8.533859e+03	-1.223900e+04
8.534241e+03	4.151000e+03
8.534622e+03	1.644000e+04
8.535004e+03	2.872400e+04
8.535385e+03	8.239000e+03
8.535767e+03	1.642800e+04
8.536148e+03	2.872800e+04
8.536530e+03	-1.632200e+04
8.536911e+03	-2.861000e+04
8.537292e+03	-1.632300e+04
8.537674e+03	4.157000e+03
8.538055e+03	-3.271000e+04
8.538437e+03	2.463100e+04
8.538818e+03	2.463700e+04
8.539200e+03	-1.222400e+04
8.539581e+03	-3.270400e+04
8.539963e+03	-8.127000e+03
8.540344e+03	2.873900e+04
8.540726e+03	2.873600e+04
8.541107e+03	-2.042700e+04
8.541489e+03	-4.058000e+03
8.541870e+03	-1.226200e+04
8.542252e+03	-3.274400e+04
8.542633e+03	-1.634200e+04
8.543015e+03	-2.451900e+04
8.543396e+03	2.463600e+04
8.543777e+03	-3.272900e+04
8.544159e+03	-3.270900e+04
8.544540e+03	-8.126000e+03
8.544922e+03	6.000000e+01
8.545303e+03	-1.634600e+04
8.545685e+03	1.643700e+04
8.546066e+03	-1.632700e+04
8.546448e+03	6.100000e+01
8.546829e+03	4.154000e+03
8.547211e+03	2.052700e+04
8.547592e+03	-1.224000e+04
8.547974e+03	-3.271400e+04
8.548355e+03	4.157000e+03
8.548737e+03	-1.223000e+04
8.549118e+03	2.052400e+04
8.549500e+03	2.463400e+04
8.549881e+03	-4.038000e+03
8.550262e+03	-4.065000e+03
8.550644e+03	-1.224600e+04
8.551025e+03	2.051600e+04
8.551407e+03	-1.633600e+04
8.551788e+03	-4.041000e+03
8.552170e+03	4.160000e+03
8.552551e+03	-8.124000e+03
8.552933e+03	2.463900e+04
8.553314e+03	1.235900e+04
8.553696e+03	4.175000e+03
8.554077e+03	-3.268800e+04
8.554459e+03	-8.118000e+03
8.554840e+03	-2.861200e+04
8.555222e+03	1.642700e+04
8.555603e+03	1.644600e+04
8.555985e+03	-2.452100e+04
8.556366e+03	2.462800e+04
8.556747e+03	1.645000e+04
8.557129e+03	-4.035000e+03
8.557510e+03	-1.223300e+04
8.557892e+03	4.162000e+03
8.558273e+03	-1.632200e+04
8.558655e+03	2.052800e+04
8.559036e+03	-2.041300e+04
8.559418e+03	4.167000e+03
8.559799e+03	2.464500e+04
8.560181e+03	-8.126000e+03
8.560562e+03	6.200000e+01
8.560944e+03	4.200000e+01
8.561325e+03	-2.862800e+04
8.561707e+03	-1.223200e+04
8.562088e+03	5.700000e+01
8.562469e+03	2.053500e+04
8.562851e+03	5.900000e+01
8.563232e+03	-1.631800e+04
8.563614e+03	2.874000e+04
8.563995e+03	-2.451500e+04
8.564377e+03	2.053700e+04
8.564758e+03	-1.221900e+04
8.565140e+03	4.168000e+03
8.565521e+03	2.464000e+04
8.565903e+03	4.139000e+03
8.566284e+03	-3.271100e+04
8.566666e+03	-1.632800e+04
8.567047e+03	-4.035000e+03
8.567429e+03	6.600000e+01
8.567810e+03	-2.042300e+04
8.568192e+03	-2.860800e+04
8.568573e+03	-1.631600e+04
8.568954e+03	-2.042400e+04
8.569336e+03	-4.030000e+03
8.569717e+03	1.645900e+04
8.570099e+03	1.645700e+04
8.570480e+03	-3.270100e+04
8.570862e+03	2.873900e+04
8.571243e+03	8.259000e+03
8.571625e+03	8.254000e+03
8.572006e+03	2.872400e+04
8.572388e+03	4.147000e+03
8.572769e+03	-1.632900e+04
8.573151e+03	4.136000e+03
8.573532e+03	2.052500e+04
8.573914e+03	-2.042700e+04
8.574295e+03	4.900000e+01
8.574677e+03	-2.861600e+04
8.575058e+03	1.234900e+04
8.575439e+03	-8.122000e+03
8.575821e+03	-3.269400e+04
8.576202e+03	-2.450800e+04
8.576584e+03	2.871800e+04
8.576965e+03	2.462700e+04
8.577347e+03	-2.862600e+04
8.577728e+03	2.459800e+04
8.578110e+03	-3.272800e+04
8.578491e+03	-8.128000e+03
8.578873e+03	-1.221600e+04
8.579254e+03	8.264000e+03
8.579636e+03	8.254000e+03
8.580017e+03	-2.453600e+04
8.580399e+03	-1.634400e+04
8.580780e+03	2.054500e+04
8.581162e+03	-2.040700e+04
8.581543e+03	-2.450500e+04
8.581924e+03	2.053500e+04
8.582306e+03	2.873000e+04
8.582687e+03	2.464000e+04
8.583069e+03	-2.861200e+04
8.583450e+03	-4.040000e+03
8.583832e+03	2.462600e+04
8.584213e+03	-8.146000e+03
8.584595e+03	-8.130000e+03
8.584976e+03	2.464300e+04
8.585358e+03	2.054800e+04
8.585739e+03	-4.033000e+03
8.586121e+03	-4.050000e+03
8.586502e+03	-1.632900e+04
8.586884e+03	-1.632400e+04
8.587265e+03	-4.043000e+03
8.587646e+03	-1.635900e+04
8.588028e+03	-8.139000e+03
8.588409e+03	1.645000e+04
8.588791e+03	7.100000e+01
8.589172e+03	-3.270000e+04
8.589554e+03	6.300000e+01
8.589935e+03	2.873300e+04
8.590317e+03	1.234600e+04
8.590698e+03	-3.271400e+04
8.591080e+03	-1.633600e+04
8.591461e+03	-1.634300e+04
8.591843e+03	-2.043500e+04
8.592224e+03	4.136000e+03
8.592606e+03	-3.272900e+04
8.592987e+03	1.232300e+04
8.593369e+03	-1.223800e+04
8.593750e+03	-4.036000e+03
8.594131e+03	5.700000e+01
8.594513e+03	2.463500e+04
8.594894e+03	2.464200e+04
8.595276e+03	-2.861200e+04
8.595657e+03	-2.454800e+04
8.596039e+03	-2.042300e+04
8.596420e+03	-2.452400e+04
8.596802e+03	1.233900e+04
8.597183e+03	-2.451100e+04
8.597565e+03	-2.860600e+04
8.597946e+03	-3.270700e+04
8.598328e+03	2.053800e+04
8.598709e+03	4.158000e+03
8.599091e+03	1.235200e+04
8.599472e+03	4.158000e+03
8.599854e+03	4.300000e+01
8.600235e+03	4.154000e+03
8.600616e+03	-2.451500e+04
8.600998e+03	2.871700e+04
8.601379e+03	8.257000e+03
8.601761e+03	-2.450200e+04
8.602142e+03	1.646000e+04
8.602524e+03	-3.269800e+04
8.602905e+03	1.644400e+04
8.603287e+03	1.643900e+04
8.603668e+03	2.462100e+04
8.604050e+03	4.148000e+03
8.604431e+03	2.872900e+04
8.604813e+03	-2.042800e+04
8.605194e+03	-2.863200e+04
8.605576e+03	-8.135000e+03
8.605957e+03	-2.860900e+04
8.606339e+03	2.054200e+04
8.606720e+03	1.643700e+04
8.607101e+03	-1.226600e+04
8.607483e+03	-4.046000e+03
8.607864e+03	-2.861500e+04
8.608246e+03	1.643800e+04
8.608627e+03	-1.632500e+04
8.609009e+03	-1.222100e+04
8.609390e+03	-2.860500e+04
8.609772e+03	-4.038000e+03
8.610153e+03	-2.452100e+04
8.610535e+03	2.053300e+04
8.610916e+03	2.052200e+04
8.611298e+03	-2.041600e+04
8.611679e+03	-2.860800e+04
8.612061e+03	-2.043700e+04
8.612442e+03	2.873400e+04
8.612823e+03	-1.222400e+04
8.613205e+03	2.052100e+04
8.613586e+03	-2.861600e+04
8.613968e+03	1.234400e+04
8.614349e+03	1.234700e+04
8.614731e+03	7.100000e+01
8.615112e+03	2.464500e+04
8.615494e+03	2.053600e+04
8.615875e+03	-2.862800e+04
8.616257e+03	-2.862700e+04
8.616638e+03	4.165000e+03
8.617020e+03	2.874500e+04
8.617401e+03	-2.451000e+04
8.617783e+03	1.000000e+00
8.618164e+03	-4.037000e+03
8.618546e+03	8.249000e+03
8.618927e+03	2.871100e+04
8.619308e+03	2.872400e+04
8.619690e+03	2.053800e+04
8.620071e+03	-2.452400e+04
8.620453e+03	2.053400e+04
8.620834e+03	1.645400e+04
8.621216e+03	-2.041000e+04
8.621597e+03	2.053600e+04
8.621979e+03	-2.860900e+04
8.622360e+03	1.236100e+04
8.622742e+03	-2.860400e+04
8.623123e+03	-2.043000e+04
8.623505e+03	6.300000e+01
8.623886e+03	2.055100e+04
8.624268e+03	-8.123000e+03
8.624649e+03	-1.632800e+04
8.625031e+03	-1.224300e+04
8.625412e+03	2.054200e+04
8.625793e+03	1.235100e+04
8.626175e+03	-2.042500e+04
8.626556e+03	-2.455400e+04
8.626938e+03	2.463700e+04
8.627319e+03	-2.450400e+04
8.627701e+03	-2.859900e+04
8.628082e+03	2.054400e+04
8.628464e+03	8.222000e+03
8.628845e+03	-1.633100e+04
8.629227e+03	-3.273200e+04
8.629608e+03	-2.042200e+04
8.629990e+03	2.463800e+04
8.630371e+03	-2.862100e+04
8.630753e+03	-4.040000e+03
8.631134e+03	1.644300e+04
8.631516e+03	-2.863600e+04
8.631897e+03	-8.140000e+03
8.632278e+03	1.643800e+04
8.632660e+03	2.462900e+04
8.633041e+03	6.300000e+01
8.633423e+03	2.872700e+04
8.633804e+03	1.643300e+04
8.634186e+03	2.464100e+04
8.634567e+03	-2.861200e+04
8.634949e+03	3.300000e+01
8.635330e+03	-2.451300e+04
8.635712e+03	8.260000e+03
8.636093e+03	2.054100e+04
8.636475e+03	2.462600e+04
8.636856e+03	-1.225100e+04
8.637238e+03	-1.634300e+04
8.637619e+03	4.600000e+01
8.638000e+03	2.872900e+04
8.638382e+03	1.644400e+04
8.638763e+03	-4.037000e+03
8.639145e+03	-2.861500e+04
8.639526e+03	1.234300e+04
8.639908e+03	1.233500e+04
8.640289e+03	-1.225000e+04
8.640671e+03	-4.060000e+03
8.641052e+03	-3.271500e+04
8.641434e+03	-2.451200e+04
8.641815e+03	-8.123000e+03
8.642197e+03	-1.631500e+04
8.642578e+03	-1.222300e+04
8.642960e+03	2.463700e+04
8.643341e+03	1.643700e+04
8.643723e+03	-4.052000e+03
8.644104e+03	2.873000e+04
8.644485e+03	-4.035000e+03
8.644867e+03	4.153000e+03
8.645248e+03	1.643100e+04
8.645630e+03	5.300000e+01
8.646011e+03	4.146000e+03
8.646393e+03	4.138000e+03
8.646774e+03	-1.224100e+04
8.647156e+03	-4.046000e+03
8.647537e+03	-2.452700e+04
8.647919e+03	2.462500e+04
8.648300e+03	-1.633100e+04
8.648682e+03	2.873500e+04
8.649063e+03	4.164000e+03
8.649445e+03	-3.269900e+04
8.649826e+03	-2.450800e+04
8.650208e+03	2.464400e+04
8.650589e+03	6.500000e+01
8.650970e+03	8.244000e+03
8.651352e+03	-2.451600e+04
8.651733e+03	-8.125000e+03
8.652115e+03	-2.861000e+04
8.652496e+03	2.051300e+04
8.652878e+03	1.643900e+04
8.653259e+03	-2.042100e+04
8.653641e+03	-1.632700e+04
8.654022e+03	5.600000e+01
8.654404e+03	-2.042600e+04
8.654785e+03	-2.042500e+04
8.655167e+03	-2.861000e+04
8.655548e+03	1.235900e+04
8.655930e+03	-2.040800e+04
8.656311e+03	2.464100e+04
8.656693e+03	2.461500e+04
8.657074e+03	-1.633500e+04
8.657455e+03	4.100000e+01
8.657837e+03	4.100000e+01
8.658218e+03	8.249000e+03
8.658600e+03	-3.270900e+04
8.658981e+03	-1.632700e+04
8.659363e+03	4.144000e+03
8.659744e+03	-2.044100e+04
8.660126e+03	-4.041000e+03
8.660507e+03	8.252000e+03
8.660889e+03	2.053800e+04
8.661270e+03	-4.044000e+03
8.661652e+03	2.461600e+04
8.662033e+03	1.643900e+04
8.662415e+03	-8.128000e+03
8.662796e+03	-2.041500e+04
8.663178e+03	-1.633100e+04
8.663559e+03	-1.223700e+04
8.663940e+03	-1.632000e+04
8.664322e+03	1.645100e+04
8.664703e+03	-1.221800e+04
8.665085e+03	-2.860100e+04
8.665466e+03	-4.035000e+03
8.665848e+03	-4.040000e+03
8.666229e+03	-3.270000e+04
8.666611e+03	-8.125000e+03
8.666992e+03	2.054500e+04
8.667374e+03	-3.270400e+04
8.667755e+03	2.053800e+04
8.668137e+03	2.053500e+04
8.668518e+03	-1.222800e+04
8.668900e+03	-2.042000e+04
8.669281e+03	2.873500e+04
8.669662e+03	1.235300e+04
8.670044e+03	-1.631800e+04
8.670425e+03	1.644900e+04
8.670807e+03	-2.452500e+04
8.671188e+03	-2.451700e+04
8.671570e+03	-1.631600e+04
8.671951e+03	-4.033000e+03
8.672333e+03	-4.067000e+03
8.672714e+03	1.644600e+04
8.673096e+03	1.645000e+04
8.673477e+03	-1.222800e+04
8.673859e+03	8.241000e+03
8.674240e+03	-2.863400e+04
8.674622e+03	4.154000e+03
8.675003e+03	-2.861000e+04
8.675385e+03	2.054200e+04
8.675766e+03	6.100000e+01
8.676147e+03	-1.222800e+04
8.676529e+03	1.235200e+04
8.676910e+03	2.873400e+04
8.677292e+03	4.144000e+03
8.677673e+03	1.644200e+04
8.678055e+03	2.053800e+04
8.678436e+03	1.000000e+00
8.678818e+03	2.873000e+04
8.679199e+03	-2.451500e+04
8.679581e+03	1.233600e+04
8.679962e+03	2.870800e+04
8.680344e+03	-8.148000e+03
8.680725e+03	-8.167000e+03
8.681107e+03	-1.224100e+04
8.681488e+03	2.873000e+04
8.681870e+03	1.644200e+04
8.682251e+03	-8.141000e+03
8.682632e+03	-1.635000e+04
8.683014e+03	2.052100e+04
8.683395e+03	1.234300e+04
8.683777e+03	-1.633400e+04
8.684158e+03	2.463200e+04
8.684540e+03	1.645500e+04
8.684921e+03	-3.269500e+04
8.685303e+03	6.500000e+01
8.685684e+03	8.231000e+03
8.686066e+03	-4.042000e+03
8.686447e+03	1.233300e+04
8.686829e+03	8.236000e+03
8.687210e+03	-2.451400e+04
8.687592e+03	-2.041300e+04
8.687973e+03	8.255000e+03
8.688355e+03	-1.224000e+04
8.688736e+03	-1.222300e+04
8.689117e+03	4.160000e+03
8.689499e+03	-2.863700e+04
8.689880e+03	-2.450900e+04
8.690262e+03	-2.450600e+04
8.690643e+03	-2.450700e+04
8.691025e+03	7.100000e+01
8.691406e+03	-1.222500e+04
8.691788e+03	2.871300e+04
8.692169e+03	-4.031000e+03
8.692551e+03	8.259000e+03
8.692932e+03	2.873000e+04
8.693314e+03	-2.863200e+04
8.693695e+03	-1.633500e+04
8.694077e+03	2.053900e+04
8.694458e+03	1.644100e+04
8.694839e+03	4.137000e+03
8.695221e+03	-2.044100e+04
8.695602e+03	-8.135000e+03
8.695984e+03	-2.451200e+04
8.696365e+03	5.700000e+01
8.696747e+03	2.872800e+04
8.697128e+03	1.236400e+04
8.697510e+03	8.000000e+01
8.697891e+03	-1.221400e+04
8.698273e+03	4.144000e+03
8.698654e+03	8.260000e+03
8.699036e+03	-2.859800e+04
8.699417e+03	-1.631600e+04
8.699799e+03	-8.141000e+03
8.700180e+03	-1.631300e+04
8.700562e+03	2.874700e+04
8.700943e+03	1.645400e+04
8.701324e+03	-1.632700e+04
8.701706e+03	4.153000e+03
8.702087e+03	4.149000e+03
8.702469e+03	1.230800e+04
8.702850e+03	-1.633200e+04
8.703232e+03	-1.223000e+04
8.703613e+03	-1.632600e+04
8.703995e+03	-2.043000e+04
8.704376e+03	-3.271900e+04
8.704758e+03	-1.632300e+04
8.705139e+03	2.463800e+04
8.705521e+03	5.300000e+01
8.705902e+03	1.233400e+04
8.706284e+03	1.642100e+04
8.706665e+03	-4.057000e+03
8.707047e+03	2.460800e+04
8.707428e+03	2.460700e+04
8.707809e+03	8.239000e+03
8.708191e+03	2.461800e+04
8.708572e+03	1.644000e+04
8.708954e+03	1.235100e+04
8.709335e+03	8.252000e+03
8.709717e+03	2.051200e+04
8.710098e+03	-3.272400e+04
8.710480e+03	1.643400e+04
8.710861e+03	-4.052000e+03
8.711243e+03	-1.634200e+04
8.711624e+03	-1.223900e+04
8.712006e+03	-8.143000e+03
8.712387e+03	4.128000e+03
8.712769e+03	4.148000e+03
8.713150e+03	4.151000e+03
8.713532e+03	-2.044000e+04
8.713913e+03	4.130000e+03
8.714294e+03	-3.271900e+04
8.714676e+03	1.234900e+04
8.715057e+03	-2.451000e+04
8.715439e+03	-2.861000e+04
8.715820e+03	-2.452900e+04
8.716202e+03	-2.042500e+04
8.716583e+03	-2.861800e+04
8.716965e+03	-3.271400e+04
8.717346e+03	-1.223700e+04
8.717728e+03	-3.272500e+04
8.718109e+03	2.462200e+04
8.718491e+03	-1.225200e+04
8.718872e+03	-2.044400e+04
8.719254e+03	5.200000e+01
8.719635e+03	2.053000e+04
8.720016e+03	-8.147000e+03
8.720398e+03	5.100000e+01
8.720779e+03	8.247000e+03
8.721161e+03	-2.453300e+04
8.721542e+03	-4.045000e+03
8.721924e+03	-1.222300e+04
8.722305e+03	2.873900e+04
8.722687e+03	-2.861000e+04
8.723068e+03	1.644400e+04
8.723450e+03	-2.451300e+04
8.723831e+03	2.463900e+04
8.724213e+03	-3.270500e+04
8.724594e+03	-2.042100e+04
8.724976e+03	-3.272200e+04
8.725357e+03	2.458700e+04
8.725739e+03	2.869100e+04
8.726120e+03	-8.149000e+03
8.726501e+03	-2.861600e+04
8.726883e+03	-1.632300e+04
8.727264e+03	-4.031000e+03
8.727646e+03	-1.222000e+04
8.728027e+03	2.054800e+04
8.728409e+03	2.464000e+04
8.728790e+03	-2.861200e+04
8.729172e+03	1.234800e+04
8.729553e+03	4.154000e+03
8.729935e+03	2.463900e+04
8.730316e+03	2.464500e+04
8.730698e+03	-1.631400e+04
8.731079e+03	-4.028000e+03
8.731461e+03	6.400000e+01
8.731842e+03	2.463600e+04
8.732224e+03	-1.223000e+04
8.732605e+03	4.148000e+03
8.732986e+03	-3.272400e+04
8.733368e+03	2.872400e+04
8.733749e+03	-4.030000e+03
8.734131e+03	-4.026000e+03
8.734512e+03	-4.028000e+03
8.734894e+03	-4.040000e+03
8.735275e+03	2.500000e+01
8.735657e+03	-3.272700e+04
8.736038e+03	-3.273100e+04
8.736420e+03	2.054200e+04
8.736801e+03	-8.127000e+03
8.737183e+03	2.464300e+04
8.737564e+03	-2.040700e+04
8.737946e+03	2.465100e+04
8.738327e+03	-2.450500e+04
8.738709e+03	2.873900e+04
8.739090e+03	2.464300e+04
8.739471e+03	-8.127000e+03
8.739853e+03	-2.451300e+04
8.740234e+03	6.300000e+01
8.740616e+03	-2.860700e+04
8.740997e+03	-8.122000e+03
8.741379e+03	6.700000e+01
8.741760e+03	-2.042300e+04
8.742142e+03	4.159000e+03
8.742523e+03	-4.035000e+03
8.742905e+03	-1.635400e+04
8.743286e+03	5.400000e+01
8.743668e+03	2.053000e+04
8.744049e+03	4.158000e+03
8.744431e+03	2.055500e+04
8.744812e+03	-1.630600e+04
8.745193e+03	-3.269500e+04
8.745575e+03	4.144000e+03
8.745956e+03	6.300000e+01
8.746338e+03	1.235500e+04
8.746719e+03	8.246000e+03
8.747101e+03	-2.043000e+04
8.747482e+03	-3.270400e+04
8.747864e+03	-1.222300e+04
8.748245e+03	-2.042100e+04
8.748627e+03	-2.452500e+04
8.749008e+03	2.049900e+04
8.749390e+03	1.233800e+04
8.749771e+03	-2.452200e+04
8.750153e+03	8.238000e+03
8.750534e+03	1.235500e+04
8.750916e+03	1.645800e+04
8.751297e+03	7.000000e+01
8.751678e+03	-3.273400e+04
8.752060e+03	1.645100e+04
8.752441e+03	-3.269900e+04
8.752823e+03	-2.452000e+04
8.753204e+03	2.053100e+04
8.753586e+03	4.156000e+03
8.753967e+03	5.600000e+01
8.754349e+03	1.643600e+04
8.754730e+03	1.643700e+04
8.755112e+03	-2.043100e+04
8.755493e+03	2.053300e+04
8.755875e+03	6.100000e+01
8.756256e+03	-8.128000e+03
8.756638e+03	-4.034000e+03
8.757019e+03	1.644000e+04
8.757401e+03	1.234200e+04
8.757782e+03	4.700000e+01
8.758163e+03	-2.862700e+04
8.758545e+03	-1.223200e+04
8.758926e+03	-3.270500e+04
8.759308e+03	1.645100e+04
8.759689e+03	-1.631500e+04
8.760071e+03	4.165000e+03
8.760452e+03	-1.222300e+04
8.760834e+03	1.234600e+04
8.761215e+03	1.643300e+04
8.761597e+03	2.871200e+04
8.761978e+03	-4.043000e+03
8.762360e+03	-1.632200e+04
8.762741e+03	-8.127000e+03
8.763123e+03	2.054100e+04
8.763504e+03	4.100000e+01
8.763886e+03	-2.863300e+04
8.764267e+03	4.126000e+03
8.764648e+03	8.231000e+03
8.765030e+03	2.462700e+04
8.765411e+03	-2.453400e+04
8.765793e+03	-4.056000e+03
8.766174e+03	1.643800e+04
8.766556e+03	1.234200e+04
8.766937e+03	-4.052000e+03
8.767319e+03	2.460200e+04
8.767700e+03	-4.042000e+03
8.768082e+03	1.234600e+04
8.768463e+03	-8.148000e+03
8.768845e+03	2.462300e+04
8.769226e+03	1.235000e+04
8.769608e+03	1.235400e+04
8.769989e+03	2.464400e+04
8.770370e+03	-8.125000e+03
8.770752e+03	2.054500e+04
8.771133e+03	1.644900e+04
8.771515e+03	-1.632300e+04
8.771896e+03	8.248000e+03
8.772278e+03	5.200000e+01
8.772659e+03	-8.154000e+03
8.773041e+03	-2.451600e+04
8.773422e+03	2.873900e+04
8.773804e+03	8.257000e+03
8.774185e+03	-8.143000e+03
8.774567e+03	1.233200e+04
8.774948e+03	-2.861600e+04
8.775330e+03	8.252000e+03
8.775711e+03	1.234300e+04
8.776093e+03	-4.052000e+03
8.776474e+03	-1.634400e+04
8.776855e+03	2.462300e+04
8.777237e+03	4.149000e+03
8.777618e+03	-4.041000e+03
8.778000e+03	1.643700e+04
8.778381e+03	4.148000e+03
8.778763e+03	4.146000e+03
8.779144e+03	4.147000e+03
8.779526e+03	-2.041900e+04
8.779907e+03	8.251000e+03
8.780289e+03	-4.046000e+03
8.780670e+03	2.054900e+04
8.781052e+03	-4.026000e+03
8.781433e+03	-2.042500e+04
8.781815e+03	-1.222800e+04
8.782196e+03	-2.450900e+04
8.782578e+03	-2.041400e+04
8.782959e+03	-2.450700e+04
8.783340e+03	-3.270400e+04
8.783722e+03	2.052700e+04
8.784103e+03	2.874500e+04
8.784485e+03	-8.117000e+03
8.784866e+03	-4.032000e+03
8.785248e+03	-2.450500e+04
8.785629e+03	-1.630600e+04
8.786011e+03	-8.119000e+03
8.786392e+03	1.643300e+04
8.786774e+03	-1.222300e+04
8.787155e+03	-2.450500e+04
8.787537e+03	-3.270100e+04
8.787918e+03	5.300000e+01
8.788300e+03	-2.861600e+04
8.788681e+03	-1.632800e+04
8.789063e+03	2.872800e+04
8.789444e+03	-2.042200e+04
8.789825e+03	1.234700e+04
8.790207e+03	-4.032000e+03
8.790588e+03	2.464400e+04
8.790970e+03	-2.860700e+04
8.791351e+03	-2.450600e+04
8.791733e+03	-2.040600e+04
8.792114e+03	-4.027000e+03
8.792496e+03	1.644100e+04
8.792877e+03	-2.041200e+04
8.793259e+03	-8.127000e+03
8.793640e+03	-8.137000e+03
8.794022e+03	8.260000e+03
8.794403e+03	8.257000e+03
8.794785e+03	2.461400e+04
8.795166e+03	2.052700e+04
8.795547e+03	2.459600e+04
8.795929e+03	2.463300e+04
8.796310e+03	-2.861400e+04
8.796692e+03	2.871500e+04
8.797073e+03	-2.860500e+04
8.797455e+03	-8.123000e+03
8.797836e+03	-1.632400e+04
8.798218e+03	5.500000e+01
8.798599e+03	1.235000e+04
8.798981e+03	-1.222200e+04
8.799362e+03	1.645400e+04
8.799744e+03	-3.270200e+04
8.800125e+03	-2.042900e+04
8.800507e+03	5.600000e+01
8.800888e+03	2.873000e+04
8.801270e+03	2.053600e+04
8.801651e+03	2.054700e+04
8.802032e+03	-1.631300e+04
8.802414e+03	1.235700e+04
8.802795e+03	-8.127000e+03
8.803177e+03	2.054300e+04
8.803558e+03	1.644800e+04
8.803940e+03	2.054900e+04
8.804321e+03	-4.030000e+03
8.804703e+03	-8.143000e+03
8.805084e+03	-4.052000e+03
8.805466e+03	4.133000e+03
8.805847e+03	-8.143000e+03
8.806229e+03	1.234400e+04
8.806610e+03	-3.271700e+04
8.806992e+03	-8.127000e+03
8.807373e+03	-4.030000e+03
8.807755e+03	1.643400e+04
8.808136e+03	6.300000e+01
8.808517e+03	-4.035000e+03
8.808899e+03	-1.633300e+04
8.809280e+03	1.236100e+04
8.809662e+03	8.268000e+03
8.810043e+03	4.165000e+03
8.810425e+03	1.644000e+04
8.810806e+03	-8.138000e+03
8.811188e+03	8.251000e+03
8.811569e+03	-1.222400e+04
8.811951e+03	1.234900e+04
8.812332e+03	1.233800e+04
8.812714e+03	2.873300e+04
8.813095e+03	-2.041700e+04
8.813477e+03	2.053600e+04
8.813858e+03	2.461000e+04
8.814240e+03	-2.453400e+04
8.814621e+03	-3.271600e+04
8.815002e+03	2.054000e+04
8.815384e+03	8.251000e+03
8.815765e+03	2.462600e+04
8.816147e+03	-1.223600e+04
8.816528e+03	6.200000e+01
8.816910e+03	-4.033000e+03
8.817291e+03	-4.037000e+03
8.817673e+03	-1.225600e+04
8.818054e+03	-4.041000e+03
8.818436e+03	1.234900e+04
8.818817e+03	2.462700e+04
8.819199e+03	-1.223400e+04
8.819580e+03	-1.631800e+04
8.819962e+03	2.054800e+04
8.820343e+03	-2.041600e+04
8.820724e+03	2.053600e+04
8.821106e+03	-2.862600e+04
8.821487e+03	-8.144000e+03
8.821869e+03	2.462300e+04
8.822250e+03	-2.042900e+04
8.822632e+03	-4.036000e+03
8.823013e+03	-1.222400e+04
8.823395e+03	4.160000e+03
8.823776e+03	5.800000e+01
8.824158e+03	8.252000e+03
8.824539e+03	-2.860900e+04
8.824921e+03	-2.041900e+04
8.825302e+03	-2.451600e+04
8.825684e+03	1.234900e+04
8.826065e+03	2.463500e+04
8.826447e+03	-1.223500e+04
8.826828e+03	-4.047000e+03
8.827209e+03	-1.223900e+04
8.827591e+03	-2.451900e+04
8.827972e+03	1.234800e+04
8.828354e+03	5.900000e+01
8.828735e+03	-8.138000e+03
8.829117e+03	-8.151000e+03
8.829498e+03	-1.227700e+04
8.829880e+03	-4.053000e+03
8.830261e+03	8.249000e+03
8.830643e+03	2.463700e+04
8.831024e+03	5.600000e+01
8.831406e+03	-1.225300e+04
8.831787e+03	1.235300e+04
8.832169e+03	2.873800e+04
8.832550e+03	-2.861700e+04
8.832932e+03	4.173000e+03
8.833313e+03	-2.039600e+04
8.833694e+03	8.500000e+01
8.834076e+03	2.874900e+04
8.834457e+03	2.872600e+04
8.834839e+03	2.463400e+04
8.835220e+03	6.000000e+01
8.835602e+03	-8.143000e+03
8.835983e+03	2.053800e+04
8.836365e+03	4.159000e+03
8.836746e+03	4.157000e+03
8.837128e+03	2.052400e+04
8.837509e+03	2.053500e+04
8.837891e+03	-2.041700e+04
8.838272e+03	2.054200e+04
8.838654e+03	1.233900e+04
8.839035e+03	4.130000e+03
8.839417e+03	-1.634400e+04
8.839798e+03	-8.132000e+03
8.840179e+03	-1.632200e+04
8.840561e+03	4.144000e+03
8.840942e+03	-2.453200e+04
8.841324e+03	2.462300e+04
8.841705e+03	1.643100e+04
8.842087e+03	2.054300e+04
8.842468e+03	1.235100e+04
8.842850e+03	-2.863200e+04
8.843231e+03	6.300000e+01
8.843613e+03	-4.030000e+03
8.843994e+03	2.873100e+04
8.844376e+03	2.053800e+04
8.844757e+03	4.155000e+03
8.845139e+03	-1.632700e+04
8.845520e+03	1.644500e+04
8.845901e+03	2.872700e+04
8.846283e+03	1.642000e+04
8.846664e+03	1.643700e+04
8.847046e+03	-1.633300e+04
8.847427e+03	-2.452600e+04
8.847809e+03	-2.042100e+04
8.848190e+03	-2.860800e+04
8.848572e+03	6.300000e+01
8.848953e+03	2.872700e+04
8.849335e+03	-3.272300e+04
8.849716e+03	-2.861600e+04
8.850098e+03	-1.632900e+04
8.850479e+03	2.461800e+04
8.850861e+03	8.215000e+03
8.851242e+03	1.642400e+04
8.851624e+03	-2.044700e+04
8.852005e+03	-2.045900e+04
8.852386e+03	2.462400e+04
8.852768e+03	8.254000e+03
8.853149e+03	-1.631800e+04
8.853531e+03	1.235600e+04
8.853912e+03	4.162000e+03
8.854294e+03	-2.041800e+04
8.854675e+03	-3.270900e+04
8.855057e+03	1.234700e+04
8.855438e+03	2.463600e+04
8.855820e+03	-4.033000e+03
8.856201e+03	-3.270100e+04
8.856583e+03	1.235300e+04
8.856964e+03	1.643500e+04
8.857346e+03	-2.863700e+04
8.857727e+03	2.463000e+04
8.858109e+03	-8.137000e+03
8.858490e+03	-8.144000e+03
8.858871e+03	-8.155000e+03
8.859253e+03	-2.042700e+04
8.859634e+03	-1.632500e+04
8.860016e+03	-8.133000e+03
8.860397e+03	-4.032000e+03
8.860779e+03	-2.041200e+04
8.861160e+03	1.235400e+04
8.861542e+03	1.643400e+04
8.861923e+03	2.053600e+04
8.862305e+03	-1.632300e+04
8.862686e+03	-1.223200e+04
8.863068e+03	2.053500e+04
8.863449e+03	-3.270900e+04
8.863831e+03	2.463300e+04
8.864212e+03	-2.862200e+04
8.864594e+03	-3.271400e+04
8.864975e+03	-3.270300e+04
8.865356e+03	-2.041000e+04
8.865738e+03	7.100000e+01
8.866119e+03	-2.451300e+04
8.866501e+03	2.052500e+04
8.866882e+03	2.872100e+04
8.867264e+03	2.461700e+04
8.867645e+03	8.230000e+03
8.868027e+03	2.462100e+04
8.868408e+03	-4.041000e+03
8.868790e+03	-8.128000e+03
8.869171e+03	1.235500e+04
8.869553e+03	2.054300e+04
8.869934e+03	2.463300e+04
8.870316e+03	4.143000e+03
8.870697e+03	-2.861300e+04
8.871079e+03	2.873800e+04
8.871460e+03	-1.632800e+04
8.871841e+03	1.234700e+04
8.872223e+03	-2.860100e+04
8.872604e+03	1.645400e+04
8.872986e+03	-1.222200e+04
8.873367e+03	-1.222000e+04
8.873749e+03	-4.034000e+03
8.874130e+03	1.643400e+04
8.874512e+03	-2.041600e+04
8.874893e+03	2.873000e+04
8.875275e+03	-2.861800e+04
8.875656e+03	1.645600e+04
8.876038e+03	7.200000e+01
8.876419e+03	2.873300e+04
8.876801e+03	-1.223400e+04
8.877182e+03	4.142000e+03
8.877563e+03	1.233200e+04
8.877945e+03	2.872200e+04
8.878326e+03	1.645000e+04
8.878708e+03	2.055500e+04
8.879089e+03	1.645400e+04
8.879471e+03	-4.036000e+03
8.879852e+03	8.268000e+03
8.880234e+03	-2.043200e+04
8.880615e+03	-2.448700e+04
8.880997e+03	-2.447500e+04
8.881378e+03	-3.266400e+04
8.881760e+03	-1.628500e+04
8.882141e+03	2.466000e+04
8.882523e+03	-2.861800e+04
8.882904e+03	-1.631500e+04
8.883286e+03	-3.270100e+04
8.883667e+03	7.200000e+01
8.884048e+03	-2.041500e+04
8.884430e+03	2.873300e+04
8.884811e+03	-2.042300e+04
8.885193e+03	-4.038000e+03
8.885574e+03	-2.860500e+04
8.885956e+03	-2.452600e+04
8.886337e+03	6.500000e+01
8.886719e+03	1.236100e+04
8.887100e+03	2.463700e+04
8.887482e+03	-8.137000e+03
8.887863e+03	-2.450700e+04
8.888245e+03	2.055500e+04
8.888626e+03	2.055800e+04
8.889008e+03	-3.269400e+04
8.889389e+03	-1.632200e+04
8.889771e+03	-1.222400e+04
8.890152e+03	2.873100e+04
8.890533e+03	-2.862400e+04
8.890915e+03	-4.046000e+03
8.891296e+03	-4.041000e+03
8.891678e+03	4.164000e+03
8.892059e+03	-2.450900e+04
8.892441e+03	4.158000e+03
8.892822e+03	-2.041500e+04
8.893204e+03	-2.451500e+04
8.893585e+03	-2.042800e+04
8.893967e+03	4.145000e+03
8.894348e+03	2.462900e+04
8.894730e+03	-2.860600e+04
8.895111e+03	1.645100e+04
8.895493e+03	2.463400e+04
8.895874e+03	-2.042000e+04
8.896256e+03	1.645000e+04
8.896637e+03	6.500000e+01
8.897018e+03	-2.861100e+04
8.897400e+03	-1.223700e+04
8.897781e+03	-1.636200e+04
8.898163e+03	-8.164000e+03
8.898544e+03	1.642400e+04
8.898926e+03	2.870900e+04
8.899307e+03	-2.045800e+04
8.899689e+03	2.461600e+04
8.900070e+03	-8.148000e+03
8.900452e+03	2.872800e+04
8.900833e+03	1.234700e+04
8.901215e+03	-4.055000e+03
8.901596e+03	8.251000e+03
8.901978e+03	8.261000e+03
8.902359e+03	-1.631600e+04
8.902740e+03	-2.041800e+04
8.903122e+03	-2.861700e+04
8.903503e+03	1.234200e+04
8.903885e+03	1.644100e+04
8.904266e+03	-2.862200e+04
8.904648e+03	-4.065000e+03
8.905029e+03	-3.271200e+04
8.905411e+03	-1.222800e+04
8.905792e+03	-2.861800e+04
8.906174e+03	-3.271700e+04
8.906555e+03	-2.861100e+04
8.906937e+03	-2.451200e+04
8.907318e+03	1.644700e+04
8.907700e+03	-1.222400e+04
8.908081e+03	-2.450800e+04
8.908463e+03	-8.121000e+03
8.908844e+03	2.873900e+04
8.909225e+03	-1.633100e+04
8.909607e+03	2.873800e+04
8.909988e+03	-8.126000e+03
8.910370e+03	-4.042000e+03
8.910751e+03	-3.270400e+04
8.911133e+03	2.054700e+04
8.911514e+03	8.239000e+03
8.911896e+03	-2.042000e+04
8.912277e+03	8.261000e+03
8.912659e+03	-2.451500e+04
8.913040e+03	5.100000e+01
8.913422e+03	2.464300e+04
8.913803e+03	4.163000e+03
8.914185e+03	-8.142000e+03
8.914566e+03	-1.633800e+04
8.914948e+03	2.053100e+04
8.915329e+03	-8.145000e+03
8.915710e+03	-2.452200e+04
8.916092e+03	4.140000e+03
8.916473e+03	-2.042100e+04
8.916855e+03	1.645000e+04
8.917236e+03	-1.632700e+04
8.917618e+03	1.232200e+04
8.917999e+03	-1.633100e+04
8.918381e+03	-2.453100e+04
8.918762e+03	4.154000e+03
8.919144e+03	2.054200e+04
8.919525e+03	5.300000e+01
8.919907e+03	1.234100e+04
8.920288e+03	2.052700e+04
8.920670e+03	-4.052000e+03
8.921051e+03	-1.632300e+04
8.921433e+03	4.164000e+03
8.921814e+03	2.464600e+04
8.922195e+03	8.260000e+03
8.922577e+03	2.873600e+04
8.922958e+03	-4.030000e+03
8.923340e+03	2.054600e+04
8.923721e+03	-4.047000e+03
8.924103e+03	-8.150000e+03
8.924484e+03	1.642600e+04
8.924866e+03	-2.862300e+04
8.925247e+03	-2.861000e+04
8.925629e+03	1.234700e+04
8.926010e+03	8.246000e+03
8.926392e+03	1.235500e+04
8.926773e+03	-8.127000e+03
8.927155e+03	-2.041700e+04
8.927536e+03	-1.631100e+04
8.927917e+03	-3.270100e+04
8.928299e+03	4.168000e+03
8.928680e+03	1.237900e+04
8.929062e+03	-2.038400e+04
8.929443e+03	-1.629000e+04
8.929825e+03	-2.858900e+04
8.930206e+03	2.874200e+04
8.930588e+03	4.174000e+03
8.930969e+03	-8.122000e+03
8.931351e+03	-1.633200e+04
8.931732e+03	4.153000e+03
8.932114e+03	2.052200e+04
8.932495e+03	-8.126000e+03
8.932877e+03	2.464200e+04
8.933258e+03	1.643300e+04
8.933640e+03	-1.632000e+04
8.934021e+03	-2.451300e+04
8.934402e+03	-3.271100e+04
8.934784e+03	2.873500e+04
8.935165e+03	6.300000e+01
8.935547e+03	-1.632900e+04
8.935928e+03	-2.043000e+04
8.936310e+03	1.642100e+04
8.936691e+03	-2.042200e+04
8.937073e+03	2.463400e+04
8.937454e+03	-8.142000e+03
8.937836e+03	2.872100e+04
8.938217e+03	-3.272600e+04
8.938599e+03	8.251000e+03
8.938980e+03	-3.270800e+04
8.939362e+03	-2.043300e+04
8.939743e+03	-3.272600e+04
8.940125e+03	-1.633400e+04
8.940506e+03	4.148000e+03
8.940887e+03	-1.223100e+04
8.941269e+03	2.462900e+04
8.941650e+03	-3.272000e+04
8.942032e+03	-1.632600e+04
8.942413e+03	6.200000e+01
8.942795e+03	6.600000e+01
8.943176e+03	-1.222300e+04
8.943558e+03	-1.222800e+04
8.943939e+03	-2.861900e+04
8.944321e+03	8.244000e+03
8.944702e+03	-2.452900e+04
8.945084e+03	-2.862300e+04
8.945465e+03	-8.141000e+03
8.945847e+03	-2.043300e+04
8.946228e+03	-1.637500e+04
8.946610e+03	-1.633500e+04
8.946991e+03	8.247000e+03
8.947372e+03	-8.132000e+03
8.947754e+03	-1.222100e+04
8.948135e+03	4.164000e+03
8.948517e+03	-1.632500e+04
8.948898e+03	-3.272800e+04
8.949280e+03	-2.453600e+04
8.949661e+03	2.462300e+04
8.950043e+03	-4.038000e+03
8.950424e+03	-3.271100e+04
8.950806e+03	2.051800e+04
8.951187e+03	-4.071000e+03
8.951569e+03	3.900000e+01
8.951950e+03	-1.223100e+04
8.952332e+03	-2.041400e+04
8.952713e+03	6.600000e+01
8.953094e+03	2.463500e+04
8.953476e+03	8.237000e+03
8.953857e+03	-3.274000e+04
8.954239e+03	4.700000e+01
8.954620e+03	2.053700e+04
8.955002e+03	5.800000e+01
8.955383e+03	-2.861300e+04
8.955765e+03	4.163000e+03
8.956146e+03	8.258000e+03
8.956528e+03	-4.051000e+03
8.956909e+03	-1.222700e+04
8.957291e+03	2.464600e+04
8.957672e+03	-2.860700e+04
8.958054e+03	-1.632200e+04
8.958435e+03	2.464500e+04
8.958817e+03	-3.270100e+04
8.959198e+03	-2.452000e+04
8.959579e+03	-2.043200e+04
8.959961e+03	-1.633300e+04
8.960342e+03	-2.861100e+04
8.960724e+03	-8.128000e+03
8.961105e+03	-3.270900e+04
8.961487e+03	1.643200e+04
8.961868e+03	-4.046000e+03
8.962250e+03	-2.451300e+04
8.962631e+03	4.162000e+03
8.963013e+03	-8.128000e+03
8.963394e+03	-1.631600e+04
8.963776e+03	2.874300e+04
8.964157e+03	-2.041600e+04
8.964539e+03	1.232600e+04
8.964920e+03	2.872200e+04
8.965302e+03	-2.452400e+04
8.965683e+03	1.644000e+04
8.966064e+03	4.158000e+03
8.966446e+03	-2.041700e+04
8.966827e+03	-8.133000e+03
8.967209e+03	1.643800e+04
8.967590e+03	2.873400e+04
8.967972e+03	-1.222500e+04
8.968353e+03	2.462300e+04
8.968735e+03	2.872400e+04
8.969116e+03	4.164000e+03
8.969498e+03	1.645600e+04
8.969879e+03	-1.631300e+04
8.970261e+03	-1.222600e+04
8.970642e+03	1.233600e+04
8.971024e+03	-1.223200e+04
8.971405e+03	4.160000e+03
8.971787e+03	-2.451200e+04
8.972168e+03	-2.861700e+04
8.972549e+03	-3.271300e+04
8.972931e+03	2.873400e+04
8.973312e+03	-1.223400e+04
8.973694e+03	-2.862400e+04
8.974075e+03	-8.128000e+03
8.974457e+03	-1.222300e+04
8.974838e+03	-3.271300e+04
8.975220e+03	2.052600e+04
8.975601e+03	-3.272200e+04
8.975983e+03	-1.631700e+04
8.976364e+03	-2.040200e+04
8.976746e+03	-2.039700e+04
8.977127e+03	2.875500e+04
8.977509e+03	2.874900e+04
8.977890e+03	-1.632200e+04
8.978271e+03	-4.042000e+03
8.978653e+03	-2.451700e+04
8.979034e+03	-3.271200e+04
8.979416e+03	-1.223400e+04
8.979797e+03	-2.862600e+04
8.980179e+03	8.256000e+03
8.980560e+03	4.166000e+03
8.980942e+03	4.165000e+03
8.981323e+03	-3.271200e+04
8.981705e+03	4.125000e+03
8.982086e+03	-1.224100e+04
8.982468e+03	-2.044800e+04
8.982849e+03	-2.454500e+04
8.983231e+03	1.232700e+04
8.983612e+03	-8.149000e+03
8.983994e+03	-2.862000e+04
8.984375e+03	1.233800e+04
8.984756e+03	-2.042300e+04
8.985138e+03	-2.860600e+04
8.985519e+03	-2.450600e+04
8.985901e+03	-3.270200e+04
8.986282e+03	4.149000e+03
8.986664e+03	2.870000e+04
8.987045e+03	-2.863100e+04
8.987427e+03	6.100000e+01
8.987808e+03	2.464000e+04
8.988190e+03	-2.451700e+04
8.988571e+03	-2.861800e+04
8.988953e+03	-1.633200e+04
8.989334e+03	-3.273900e+04
8.989716e+03	8.250000e+03
8.990097e+03	5.800000e+01
8.990479e+03	-4.054000e+03
8.990860e+03	1.643800e+04
8.991241e+03	-2.862700e+04
8.991623e+03	-1.223400e+04
8.992004e+03	8.256000e+03
8.992386e+03	-2.451900e+04
8.992767e+03	2.463600e+04
8.993149e+03	-2.450600e+04
8.993530e+03	1.645400e+04
8.993912e+03	2.463900e+04
8.994293e+03	2.872600e+04
8.994675e+03	1.234100e+04
8.995056e+03	2.053300e+04
8.995438e+03	-2.862300e+04
8.995819e+03	2.872800e+04
8.996201e+03	-2.451300e+04
8.996582e+03	1.234900e+04
8.996964e+03	-3.272400e+04
8.997345e+03	4.148000e+03
8.997726e+03	2.873600e+04
8.998108e+03	-2.451100e+04
8.998489e+03	-2.451600e+04
8.998871e+03	-1.224400e+04
8.999252e+03	1.643600e+04
8.999634e+03	4.156000e+03
9.000015e+03	-4.041000e+03
9.000397e+03	-1.633700e+04
9.000778e+03	-1.632100e+04
9.001160e+03	-2.860600e+04
9.001541e+03	4.151000e+03
9.001923e+03	-2.452900e+04
9.002304e+03	2.053800e+04
9.002686e+03	-2.861900e+04
9.003067e+03	4.162000e+03
9.003448e+03	-1.221600e+04
9.003830e+03	-4.025000e+03
9.004211e+03	6.500000e+01
9.004593e+03	2.054100e+04
9.004974e+03	-2.860800e+04
9.005356e+03	-2.860900e+04
9.005737e+03	8.251000e+03
9.006119e+03	-1.223000e+04
9.006500e+03	6.800000e+01
9.006882e+03	-2.040800e+04
9.007263e+03	-2.450600e+04
9.007645e+03	-2.041800e+04
9.008026e+03	-2.861900e+04
9.008408e+03	2.462600e+04
9.008789e+03	2.463100e+04
9.009171e+03	8.254000e+03
9.009552e+03	-2.042000e+04
9.009933e+03	-2.042400e+04
9.010315e+03	2.873300e+04
9.010696e+03	2.463700e+04
9.011078e+03	1.232300e+04
9.011459e+03	-1.223000e+04
9.011841e+03	2.873700e+04
9.012222e+03	-2.451500e+04
9.012604e+03	2.873700e+04
9.012985e+03	-4.030000e+03
9.013367e+03	2.873400e+04
9.013748e+03	2.464000e+04
9.014130e+03	-1.632600e+04
9.014511e+03	-8.144000e+03
9.014893e+03	2.874300e+04
9.015274e+03	-4.022000e+03
9.015656e+03	8.261000e+03
9.016037e+03	-1.223400e+04
9.016418e+03	1.644800e+04
9.016800e+03	-8.122000e+03
9.017181e+03	7.200000e+01
9.017563e+03	1.235600e+04
9.017944e+03	-4.035000e+03
9.018326e+03	1.234000e+04
9.018707e+03	-2.454000e+04
9.019089e+03	-2.043200e+04
9.019470e+03	8.250000e+03
9.019852e+03	-3.270500e+04
9.020233e+03	2.054100e+04
9.020615e+03	2.053200e+04
9.020996e+03	-2.861700e+04
9.021378e+03	1.644200e+04
9.021759e+03	2.872400e+04
9.022141e+03	-2.045500e+04
9.022522e+03	2.872500e+04
9.022903e+03	-2.451700e+04
9.023285e+03	-2.861100e+04
9.023666e+03	2.053300e+04
9.024048e+03	-1.632500e+04
9.024429e+03	7.500000e+01
9.024811e+03	-2.449800e+04
9.025192e+03	-2.860100e+04
9.025574e+03	4.600000e+01
9.025955e+03	2.054900e+04
9.026337e+03	4.167000e+03
9.026718e+03	-2.452100e+04
9.027100e+03	2.462200e+04
9.027481e+03	2.054000e+04
9.027863e+03	-1.632200e+04
9.028244e+03	-2.860800e+04
9.028625e+03	-3.270300e+04
9.029007e+03	-2.860300e+04
9.029388e+03	-2.450600e+04
9.029770e+03	2.054100e+04
9.030151e+03	2.463500e+04
9.030533e+03	-8.126000e+03
9.030914e+03	-1.222600e+04
9.031296e+03	-3.271400e+04
9.031677e+03	-4.038000e+03
9.032059e+03	-1.222900e+04
9.032440e+03	5.000000e+01
9.032822e+03	4.148000e+03
9.033203e+03	1.234900e+04
9.033585e+03	-2.041400e+04
9.033966e+03	-8.123000e+03
9.034348e+03	2.055200e+04
9.034729e+03	-1.221800e+04
9.035110e+03	1.644900e+04
9.035492e+03	-4.050000e+03
9.035873e+03	-2.862500e+04
9.036255e+03	-2.042300e+04
9.036636e+03	-3.271500e+04
9.037018e+03	-8.149000e+03
9.037399e+03	4.600000e+01
9.037781e+03	-1.223200e+04
9.038162e+03	2.054700e+04
9.038544e+03	-1.221600e+04
9.038925e+03	-8.121000e+03
9.039307e+03	2.054200e+04
9.039688e+03	-2.452800e+04
9.040070e+03	-1.632100e+04
9.040451e+03	6.100000e+01
9.040833e+03	2.463100e+04
9.041214e+03	-4.030000e+03
9.041595e+03	7.000000e+01
9.041977e+03	8.260000e+03
9.042358e+03	-2.860900e+04
9.042740e+03	4.155000e+03
9.043121e+03	2.873600e+04
9.043503e+03	2.874100e+04
9.043884e+03	2.054800e+04
9.044266e+03	-2.860700e+04
9.044647e+03	8.257000e+03
9.045029e+03	2.464400e+04
9.045410e+03	1.645200e+04
9.045792e+03	5.800000e+01
9.046173e+03	-2.452900e+04
9.046555e+03	-4.035000e+03
9.046936e+03	-2.861200e+04
9.047318e+03	2.054200e+04
9.047699e+03	-4.035000e+03
9.048080e+03	-2.454900e+04
9.048462e+03	-2.041900e+04
9.048843e+03	-2.860300e+04
9.049225e+03	-4.031000e+03
9.049606e+03	-2.861700e+04
9.049988e+03	2.870900e+04
9.050369e+03	-1.634400e+04
9.050751e+03	2.873100e+04
9.051132e+03	-2.041200e+04
9.051514e+03	-1.222100e+04
9.051895e+03	2.871900e+04
9.052277e+03	1.235500e+04
9.052658e+03	1.646000e+04
9.053040e+03	-2.040800e+04
9.053421e+03	-3.271600e+04
9.053803e+03	2.054100e+04
9.054184e+03	1.235100e+04
9.054565e+03	-1.634000e+04
9.054947e+03	1.233800e+04
9.055328e+03	2.053300e+04
9.055710e+03	1.643200e+04
9.056091e+03	8.231000e+03
9.056473e+03	-1.633500e+04
9.056854e+03	-1.222900e+04
9.057236e+03	1.235300e+04
9.057617e+03	-1.222400e+04
9.057999e+03	6.100000e+01
9.058380e+03	2.053100e+04
9.058762e+03	1.233800e+04
9.059143e+03	-3.270600e+04
9.059525e+03	-2.041600e+04
9.059906e+03	4.153000e+03
9.060287e+03	-2.045900e+04
9.060669e+03	-8.143000e+03
9.061050e+03	1.232800e+04
9.061432e+03	4.126000e+03
9.061813e+03	3.000000e+01
9.062195e+03	8.252000e+03
9.062576e+03	2.874200e+04
9.062958e+03	8.260000e+03
9.063339e+03	-4.036000e+03
9.063721e+03	-2.860600e+04
9.064102e+03	6.100000e+01
9.064484e+03	6.000000e+01
9.064865e+03	4.172000e+03
9.065247e+03	-8.115000e+03
9.065628e+03	-1.631600e+04
9.066010e+03	-2.862800e+04
9.066391e+03	-3.270300e+04
9.066772e+03	-2.860600e+04
9.067154e+03	-8.129000e+03
9.067535e+03	1.235500e+04
9.067917e+03	-1.631900e+04
9.068298e+03	5.400000e+01
9.068680e+03	8.244000e+03
9.069061e+03	-8.130000e+03
9.069443e+03	8.250000e+03
9.069824e+03	1.234200e+04
9.070206e+03	4.146000e+03
9.070587e+03	-2.045600e+04
9.070969e+03	2.871800e+04
9.071350e+03	-3.272000e+04
9.071732e+03	7.700000e+01
9.072113e+03	2.875900e+04
9.072495e+03	-4.008000e+03
9.072876e+03	-4.014000e+03
9.073257e+03	1.235400e+04
9.073639e+03	-1.221500e+04
9.074020e+03	2.874700e+04
9.074402e+03	-1.631600e+04
9.074783e+03	-2.861000e+04
9.075165e+03	-1.223600e+04
9.075546e+03	4.161000e+03
9.075928e+03	-2.860400e+04
9.076309e+03	-1.632600e+04
9.076691e+03	4.155000e+03
9.077072e+03	2.463500e+04
9.077454e+03	-8.149000e+03
9.077835e+03	-1.631600e+04
9.078217e+03	-2.040900e+04
9.078598e+03	-1.222600e+04
9.078980e+03	-3.270200e+04
9.079361e+03	-2.450200e+04
9.079742e+03	2.874600e+04
9.080124e+03	-2.451300e+04
9.080505e+03	-4.053000e+03
9.080887e+03	4.136000e+03
9.081268e+03	-2.451900e+04
9.081650e+03	2.464500e+04
9.082031e+03	4.164000e+03
9.082413e+03	-2.861300e+04
9.082794e+03	1.235100e+04
9.083176e+03	1.644700e+04
9.083557e+03	8.261000e+03
9.083939e+03	-2.450200e+04
9.084320e+03	6.800000e+01
9.084702e+03	2.462300e+04
9.085083e+03	1.233800e+04
9.085464e+03	-2.454500e+04
9.085846e+03	-2.861100e+04
9.086227e+03	2.463800e+04
9.086609e+03	-1.222600e+04
9.086990e+03	-1.631800e+04
9.087372e+03	-2.861200e+04
9.087753e+03	6.300000e+01
9.088135e+03	-8.126000e+03
9.088516e+03	-8.143000e+03
9.088898e+03	-4.038000e+03
9.089279e+03	-4.030000e+03
9.089661e+03	2.464100e+04
9.090042e+03	-2.860500e+04
9.090424e+03	2.874000e+04
9.090805e+03	6.300000e+01
9.091187e+03	1.234400e+04
9.091568e+03	-4.040000e+03
9.091949e+03	2.464300e+04
9.092331e+03	-1.631500e+04
9.092712e+03	-2.041600e+04
9.093094e+03	1.643200e+04
9.093475e+03	-4.080000e+03
9.093857e+03	-1.636600e+04
9.094238e+03	-4.069000e+03
9.094620e+03	-3.271700e+04
9.095001e+03	-3.270400e+04
9.095383e+03	1.235500e+04
9.095764e+03	-2.041700e+04
9.096146e+03	-4.035000e+03
9.096527e+03	2.054300e+04
9.096909e+03	2.053900e+04
9.097290e+03	-2.043300e+04
9.097672e+03	-2.041500e+04
9.098053e+03	8.263000e+03
9.098434e+03	-1.222300e+04
9.098816e+03	2.461000e+04
9.099197e+03	-2.041900e+04
9.099579e+03	2.055000e+04
9.099960e+03	-2.860400e+04
9.100342e+03	-2.452200e+04
9.100723e+03	2.054700e+04
9.101105e+03	-1.221600e+04
9.101486e+03	1.235100e+04
9.101868e+03	-2.451200e+04
9.102249e+03	-4.023000e+03
9.102631e+03	8.264000e+03
9.103012e+03	-4.032000e+03
9.103394e+03	1.234900e+04
9.103775e+03	-2.862300e+04
9.104157e+03	-2.042300e+04
9.104538e+03	4.161000e+03
9.104919e+03	1.235000e+04
9.105301e+03	-4.035000e+03
9.105682e+03	2.053600e+04
9.106064e+03	-2.046200e+04
9.106445e+03	-2.862200e+04
9.106827e+03	-2.452900e+04
9.107208e+03	2.053300e+04
9.107590e+03	-1.632300e+04
9.107971e+03	-1.632800e+04
9.108353e+03	-2.042600e+04
9.108734e+03	-2.041500e+04
9.109116e+03	4.167000e+03
9.109497e+03	-3.269700e+04
9.109879e+03	-2.450800e+04
9.110260e+03	-2.451200e+04
9.110641e+03	-2.861000e+04
9.111023e+03	-1.224000e+04
9.111404e+03	-8.132000e+03
9.111786e+03	1.235800e+04
9.112167e+03	8.259000e+03
9.112549e+03	-2.041500e+04
9.112930e+03	2.054900e+04
9.113312e+03	-4.028000e+03
9.113693e+03	-8.126000e+03
9.114075e+03	5.900000e+01
9.114456e+03	4.159000e+03
9.114838e+03	-2.860300e+04
9.115219e+03	6.300000e+01
9.115601e+03	4.149000e+03
9.115982e+03	1.235800e+04
9.116364e+03	7.000000e+01
9.116745e+03	2.053000e+04
9.117126e+03	8.245000e+03
9.117508e+03	-8.131000e+03
9.117889e+03	-2.041900e+04
9.118271e+03	-1.222500e+04
9.118652e+03	-3.270100e+04
9.119034e+03	-4.030000e+03
9.119415e+03	-8.141000e+03
9.119797e+03	-4.045000e+03
9.120178e+03	-2.041600e+04
9.120560e+03	-8.129000e+03
9.120941e+03	-3.270700e+04
9.121323e+03	8.251000e+03
9.121704e+03	-1.223800e+04
9.122086e+03	-4.084000e+03
9.122467e+03	5.200000e+01
9.122849e+03	2.872700e+04
9.123230e+03	-3.271200e+04
9.123611e+03	1.645300e+04
9.123993e+03	2.464800e+04
9.124374e+03	1.644900e+04
9.124756e+03	1.644100e+04
9.125137e+03	2.054800e+04
9.125519e+03	-2.451100e+04
9.125900e+03	-1.633400e+04
9.126282e+03	2.463200e+04
9.126663e+03	2.872600e+04
9.127045e+03	-1.225100e+04
9.127426e+03	-1.224700e+04
9.127808e+03	-3.271000e+04
9.128189e+03	6.000000e+01
9.128571e+03	2.461600e+04
9.128952e+03	-1.222900e+04
9.129334e+03	8.260000e+03
9.129715e+03	1.644800e+04
9.130096e+03	1.233800e+04
9.130478e+03	-2.861700e+04
9.130859e+03	8.247000e+03
9.131241e+03	-4.046000e+03
9.131622e+03	1.642600e+04
9.132004e+03	-4.069000e+03
9.132385e+03	2.053000e+04
9.132767e+03	-4.043000e+03
9.133148e+03	1.233300e+04
9.133530e+03	-3.271200e+04
9.133911e+03	-1.222600e+04
9.134293e+03	8.254000e+03
9.134674e+03	4.149000e+03
9.135056e+03	2.462100e+04
9.135437e+03	-2.452100e+04
9.135818e+03	2.873300e+04
9.136200e+03	-8.133000e+03
9.136581e+03	-1.224100e+04
9.136963e+03	-1.223300e+04
9.137344e+03	1.644300e+04
9.137726e+03	4.152000e+03
9.138107e+03	-1.223700e+04
9.138489e+03	1.234900e+04
9.138870e+03	-8.128000e+03
9.139252e+03	2.464100e+04
9.139633e+03	-8.120000e+03
9.140015e+03	-4.021000e+03
9.140396e+03	8.260000e+03
9.140778e+03	-2.453400e+04
9.141159e+03	-1.631500e+04
9.141541e+03	7.200000e+01
9.141922e+03	-4.027000e+03
9.142303e+03	2.464000e+04
9.142685e+03	-2.451800e+04
9.143066e+03	8.240000e+03
9.143448e+03	-3.272100e+04
9.143829e+03	-3.271000e+04
9.144211e+03	1.234900e+04
9.144592e+03	-2.861300e+04
9.144974e+03	1.644900e+04
9.145355e+03	2.464200e+04
9.145737e+03	8.245000e+03
9.146118e+03	1.234200e+04
9.146500e+03	-2.860700e+04
9.146881e+03	-2.450900e+04
9.147263e+03	-2.860700e+04
9.147644e+03	2.463800e+04
9.148026e+03	-3.270100e+04
9.148407e+03	8.259000e+03
9.148788e+03	-2.862100e+04
9.149170e+03	-3.271500e+04
9.149551e+03	1.235400e+04
9.149933e+03	-2.041600e+04
9.150314e+03	-2.042400e+04
9.150696e+03	8.251000e+03
9.151077e+03	-4.036000e+03
9.151459e+03	-2.042700e+04
9.151840e+03	2.872400e+04
9.152222e+03	8.245000e+03
9.152603e+03	-4.062000e+03
9.152985e+03	2.052800e+04
9.153366e+03	5.700000e+01
9.153748e+03	-4.047000e+03
9.154129e+03	-1.633100e+04
9.154511e+03	4.163000e+03
9.154892e+03	7.300000e+01
9.155273e+03	-3.269800e+04
9.155655e+03	2.463200e+04
9.156036e+03	-8.138000e+03
9.156418e+03	-2.452200e+04
9.156799e+03	2.052800e+04
9.157181e+03	-2.041500e+04
9.157562e+03	-2.041800e+04
9.157944e+03	-2.861200e+04
9.158325e+03	-2.450500e+04
9.158707e+03	7.000000e+01
9.159088e+03	2.872100e+04
9.159470e+03	4.800000e+01
9.159851e+03	8.254000e+03
9.160233e+03	-2.449800e+04
9.160614e+03	2.875700e+04
9.160995e+03	-3.268400e+04
9.161377e+03	4.173000e+03
9.161758e+03	1.235100e+04
9.162140e+03	2.053400e+04
9.162521e+03	-8.128000e+03
9.162903e+03	4.165000e+03
9.163284e+03	-4.035000e+03
9.163666e+03	2.053600e+04
9.164047e+03	6.500000e+01
9.164429e+03	8.257000e+03
9.164810e+03	2.053500e+04
9.165192e+03	5.600000e+01
9.165573e+03	-1.222000e+04
9.165955e+03	2.464600e+04
9.166336e+03	4.153000e+03
9.166718e+03	1.644100e+04
9.167099e+03	-4.031000e+03
9.167480e+03	1.233600e+04
9.167862e+03	1.645100e+04
9.168243e+03	-1.631000e+04
9.168625e+03	2.054500e+04
9.169006e+03	-3.271600e+04
9.169388e+03	-2.450600e+04
9.169769e+03	-3.270400e+04
9.170151e+03	-8.151000e+03
9.170532e+03	1.644300e+04
9.170914e+03	-4.049000e+03
9.171295e+03	-2.860800e+04
9.171677e+03	1.235600e+04
9.172058e+03	-2.041900e+04
9.172440e+03	-4.028000e+03
9.172821e+03	7.100000e+01
9.173203e+03	-2.861200e+04
9.173584e+03	8.248000e+03
9.173965e+03	2.873000e+04
9.174347e+03	2.500000e+01
9.174728e+03	4.150000e+03
9.175110e+03	2.872300e+04
9.175491e+03	-1.634300e+04
9.175873e+03	-8.132000e+03
9.176254e+03	-2.861000e+04
9.176636e+03	-3.270400e+04
9.177017e+03	2.464400e+04
9.177399e+03	-2.041400e+04
9.177780e+03	-8.140000e+03
9.178162e+03	-1.224000e+04
9.178543e+03	-2.041900e+04
9.178925e+03	-1.222500e+04
9.179306e+03	6.200000e+01
9.179688e+03	-1.632000e+04
9.180069e+03	2.464000e+04
9.180450e+03	-3.270800e+04
9.180832e+03	5.100000e+01
9.181213e+03	-8.153000e+03
9.181595e+03	-2.860800e+04
9.181976e+03	-2.041000e+04
9.182358e+03	-1.631700e+04
9.182739e+03	2.873000e+04
9.183121e+03	-4.050000e+03
9.183502e+03	-1.633600e+04
9.183884e+03	1.233100e+04
9.184265e+03	1.231800e+04
9.184647e+03	-3.273500e+04
9.185028e+03	-1.637600e+04
9.185410e+03	2.871600e+04
9.185791e+03	5.200000e+01
9.186172e+03	-3.272300e+04
9.186554e+03	-2.043000e+04
9.186935e+03	-1.632100e+04
9.187317e+03	-2.451000e+04
9.187698e+03	-1.632500e+04
9.188080e+03	8.241000e+03
9.188461e+03	-1.632000e+04
9.188843e+03	-2.860900e+04
9.189224e+03	1.233500e+04
9.189606e+03	-1.222200e+04
9.189987e+03	-2.860200e+04
9.190369e+03	-4.035000e+03
9.190750e+03	3.000000e+01
9.191132e+03	-4.050000e+03
9.191513e+03	2.459400e+04
9.191895e+03	-2.042500e+04
9.192276e+03	6.100000e+01
9.192657e+03	-8.131000e+03
9.193039e+03	1.234800e+04
9.193420e+03	-2.451300e+04
9.193802e+03	-1.631600e+04
9.194183e+03	2.464400e+04
9.194565e+03	-1.632400e+04
9.194946e+03	4.146000e+03
9.195328e+03	5.000000e+01
9.195709e+03	-2.042900e+04
9.196091e+03	2.462600e+04
9.196472e+03	8.232000e+03
9.196854e+03	-3.273000e+04
9.197235e+03	-2.862900e+04
9.197617e+03	2.872100e+04
9.197998e+03	-1.632500e+04
9.198380e+03	8.254000e+03
9.198761e+03	-1.222800e+04
9.199142e+03	-2.861500e+04
9.199524e+03	2.463300e+04
9.199905e+03	-1.222900e+04
9.200287e+03	-8.132000e+03
9.200668e+03	1.235000e+04
9.201050e+03	4.150000e+03
9.201431e+03	8.234000e+03
9.201813e+03	-2.861600e+04
9.202194e+03	-2.452500e+04
9.202576e+03	-3.273100e+04
9.202957e+03	2.463500e+04
9.203339e+03	-4.045000e+03
9.203720e+03	-2.452300e+04
9.204102e+03	-3.270600e+04
9.204483e+03	-8.139000e+03
9.204865e+03	-8.159000e+03
9.205246e+03	-1.633600e+04
9.205627e+03	2.053600e+04
9.206009e+03	4.161000e+03
9.206390e+03	2.873300e+04
9.206772e+03	1.233900e+04
9.207153e+03	-3.270300e+04
9.207535e+03	6.000000e+01
9.207916e+03	2.873000e+04
9.208298e+03	-3.269100e+04
9.208679e+03	-1.220900e+04
9.209061e+03	-1.221600e+04
9.209442e+03	-1.633900e+04
9.209824e+03	-2.042500e+04
9.210205e+03	1.644000e+04
9.210587e+03	-1.634000e+04
9.210968e+03	2.871300e+04
9.211349e+03	4.151000e+03
9.211731e+03	-2.860900e+04
9.212112e+03	6.100000e+01
9.212494e+03	4.149000e+03
9.212875e+03	2.054700e+04
9.213257e+03	7.100000e+01
9.213638e+03	-1.631800e+04
9.214020e+03	2.053800e+04
9.214401e+03	4.150000e+03
9.214783e+03	-1.634300e+04
9.215164e+03	-2.043000e+04
9.215546e+03	5.600000e+01
9.215927e+03	1.642900e+04
9.216309e+03	-1.633200e+04
9.216690e+03	8.256000e+03
9.217072e+03	-3.270100e+04
9.217453e+03	8.260000e+03
9.217834e+03	2.054800e+04
9.218216e+03	6.300000e+01
9.218597e+03	-1.222800e+04
9.218979e+03	2.464200e+04
9.219360e+03	2.464200e+04
9.219742e+03	1.234600e+04
9.220123e+03	2.462000e+04
9.220505e+03	-2.453400e+04
9.220886e+03	-8.138000e+03
9.221268e+03	4.157000e+03
9.221649e+03	-2.861100e+04
9.222031e+03	-2.861500e+04
9.222412e+03	1.233400e+04
9.222794e+03	-1.224600e+04
9.223175e+03	4.700000e+01
9.223557e+03	-3.272000e+04
9.223938e+03	2.873000e+04
9.224319e+03	-2.451600e+04
9.224701e+03	1.232300e+04
9.225082e+03	-1.632000e+04
9.225464e+03	2.465000e+04
9.225845e+03	1.236100e+04
9.226227e+03	1.235100e+04
9.226608e+03	-1.223200e+04
9.226990e+03	2.053700e+04
9.227371e+03	4.146000e+03
9.227753e+03	8.254000e+03
9.228134e+03	2.873800e+04
9.228516e+03	-8.133000e+03
9.228897e+03	4.148000e+03
9.229279e+03	-3.271300e+04
9.229660e+03	4.500000e+01
9.230042e+03	-4.050000e+03
9.230423e+03	2.873100e+04
9.230804e+03	2.872500e+04
9.231186e+03	-1.225000e+04
9.231567e+03	-1.632200e+04
9.231949e+03	6.500000e+01
9.232330e+03	-2.043300e+04
9.232712e+03	-8.136000e+03
9.233093e+03	8.261000e+03
9.233475e+03	7.000000e+01
9.233856e+03	-1.632000e+04
9.234238e+03	1.642500e+04
9.234619e+03	4.156000e+03
9.235001e+03	-1.221800e+04
9.235382e+03	-1.631400e+04
9.235764e+03	2.873900e+04
9.236145e+03	-3.270200e+04
9.236526e+03	-1.632000e+04
9.236908e+03	-2.452200e+04
9.237289e+03	4.000000e+01
9.237671e+03	-3.273000e+04
9.238052e+03	-1.224100e+04
9.238434e+03	4.143000e+03
9.238815e+03	-2.455300e+04
9.239197e+03	-2.864700e+04
9.239578e+03	-2.864300e+04
9.239960e+03	-8.141000e+03
9.240341e+03	8.247000e+03
9.240723e+03	-4.053000e+03
9.241104e+03	8.220000e+03
9.241486e+03	4.147000e+03
9.241867e+03	1.234800e+04
9.242249e+03	2.054500e+04
9.242630e+03	2.464000e+04
9.243011e+03	-8.137000e+03
9.243393e+03	-1.633900e+04
9.243774e+03	2.052200e+04
9.244156e+03	-1.223500e+04
9.244537e+03	-3.271000e+04
9.244919e+03	-3.271500e+04
9.245300e+03	2.871500e+04
9.245682e+03	2.052500e+04
9.246063e+03	-2.042100e+04
9.246445e+03	-4.032000e+03
9.246826e+03	2.873600e+04
9.247208e+03	5.800000e+01
9.247589e+03	2.052500e+04
9.247971e+03	-3.271800e+04
9.248352e+03	2.872900e+04
9.248734e+03	2.873000e+04
9.249115e+03	-4.054000e+03
9.249496e+03	8.246000e+03
9.249878e+03	1.235600e+04
9.250259e+03	-3.270200e+04
9.250641e+03	-2.861000e+04
9.251022e+03	6.900000e+01
9.251404e+03	-1.631700e+04
9.251785e+03	-4.058000e+03
9.252167e+03	2.054400e+04
9.252548e+03	2.054700e+04
9.252930e+03	2.053100e+04
9.253311e+03	-3.270600e+04
9.253693e+03	4.164000e+03
9.254074e+03	-2.451800e+04
9.254456e+03	4.132000e+03
9.254837e+03	5.800000e+01
9.255219e+03	-2.042700e+04
9.255600e+03	6.300000e+01
9.255981e+03	2.464800e+04
9.256363e+03	7.600000e+01
9.256744e+03	4.168000e+03
9.257126e+03	-2.041900e+04
9.257507e+03	8.237000e+03
9.257889e+03	-4.042000e+03
9.258270e+03	-8.142000e+03
9.258652e+03	2.050900e+04
9.259033e+03	-1.634400e+04
9.259415e+03	-4.042000e+03
9.259796e+03	1.645100e+04
9.260178e+03	2.874400e+04
9.260559e+03	1.235800e+04
9.260941e+03	2.463100e+04
9.261322e+03	-1.633500e+04
9.261704e+03	-2.861200e+04
9.262085e+03	-2.042200e+04
9.262466e+03	2.462400e+04
9.262848e+03	4.140000e+03
9.263229e+03	2.871700e+04
9.263611e+03	2.463000e+04
9.263992e+03	2.873300e+04
9.264374e+03	2.054300e+04
9.264755e+03	-2.042000e+04
9.265137e+03	-2.862100e+04
9.265518e+03	1.644000e+04
9.265900e+03	-4.037000e+03
9.266281e+03	2.053800e+04
9.266663e+03	-1.223600e+04
9.267044e+03	-4.059000e+03
9.267426e+03	4.158000e+03
9.267807e+03	2.874400e+04
9.268188e+03	2.874700e+04
9.268570e+03	-1.221700e+04
9.268951e+03	6.100000e+01
9.269333e+03	-1.225000e+04
9.269714e+03	-4.054000e+03
9.270096e+03	8.255000e+03
9.270477e+03	2.874000e+04
9.270859e+03	-1.632000e+04
9.271240e+03	-1.633300e+04
9.271622e+03	1.234700e+04
9.272003e+03	-2.861000e+04
9.272385e+03	-1.222900e+04
9.272766e+03	-2.042100e+04
9.273148e+03	8.256000e+03
9.273529e+03	-3.270400e+04
9.273911e+03	2.463300e+04
9.274292e+03	1.644600e+04
9.274673e+03	-2.041400e+04
9.275055e+03	-2.041800e+04
9.275436e+03	4.157000e+03
9.275818e+03	-8.129000e+03
9.276199e+03	6.400000e+01
9.276581e+03	-4.033000e+03
9.276962e+03	2.873900e+04
9.277344e+03	-1.221900e+04
9.277725e+03	-3.270100e+04
9.278107e+03	-1.632600e+04
9.278488e+03	8.244000e+03
9.278870e+03	-4.040000e+03
9.279251e+03	-8.137000e+03
9.279633e+03	1.643900e+04
9.280014e+03	-2.861700e+04
9.280396e+03	-1.633000e+04
9.280777e+03	-1.632200e+04
9.281158e+03	1.645000e+04
9.281540e+03	-2.861100e+04
9.281921e+03	4.149000e+03
9.282303e+03	1.234000e+04
9.282684e+03	8.246000e+03
9.283066e+03	2.053300e+04
9.283447e+03	8.246000e+03
9.283829e+03	1.642800e+04
9.284210e+03	-2.044000e+04
9.284592e+03	-4.048000e+03
9.284973e+03	-2.453100e+04
9.285355e+03	2.871400e+04
9.285736e+03	1.800000e+01
9.286118e+03	-3.271800e+04
9.286499e+03	-2.861600e+04
9.286881e+03	-1.223700e+04
9.287262e+03	2.463200e+04
9.287643e+03	2.053600e+04
9.288025e+03	4.114000e+03
9.288406e+03	-3.270800e+04
9.288788e+03	-2.861200e+04
9.289169e+03	1.231700e+04
9.289551e+03	8.259000e+03
9.289932e+03	1.645500e+04
9.290314e+03	-2.041800e+04
9.290695e+03	-4.052000e+03
9.291077e+03	8.245000e+03
9.291458e+03	2.053900e+04
9.291840e+03	-1.222400e+04
9.292221e+03	-8.127000e+03
9.292603e+03	2.873200e+04
9.292984e+03	-4.060000e+03
9.293365e+03	8.250000e+03
9.293747e+03	2.873700e+04
9.294128e+03	2.873600e+04
9.294510e+03	-1.222100e+04
9.294891e+03	2.873900e+04
9.295273e+03	2.053300e+04
9.295654e+03	2.053400e+04
9.296036e+03	-8.137000e+03
9.296417e+03	1.232300e+04
9.296799e+03	4.156000e+03
9.297180e+03	2.464600e+04
9.297562e+03	-2.040800e+04
9.297943e+03	-4.033000e+03
9.298325e+03	2.464200e+04
9.298706e+03	-2.860200e+04
9.299088e+03	-8.145000e+03
9.299469e+03	-2.450900e+04
9.299850e+03	-2.860300e+04
9.300232e+03	2.053400e+04
9.300613e+03	2.874800e+04
9.300995e+03	4.171000e+03
9.301376e+03	2.054500e+04
9.301758e+03	7.300000e+01
9.302139e+03	2.463800e+04
9.302521e+03	2.875800e+04
9.302902e+03	-2.858400e+04
9.303284e+03	1.645400e+04
9.303665e+03	2.467800e+04
9.304047e+03	-2.446600e+04
9.304428e+03	-1.627500e+04
9.304810e+03	-3.266900e+04
9.305191e+03	4.132000e+03
9.305573e+03	8.277000e+03
9.305954e+03	-3.269300e+04
9.306335e+03	4.169000e+03
9.306717e+03	-4.017000e+03
9.307098e+03	2.463600e+04
9.307480e+03	-2.451000e+04
9.307861e+03	1.645100e+04
9.308243e+03	2.464600e+04
9.308624e+03	7.700000e+01
9.309006e+03	-1.222100e+04
9.309387e+03	4.800000e+01
9.309769e+03	4.162000e+03
9.310150e+03	2.054500e+04
9.310532e+03	2.464000e+04
9.310913e+03	1.230000e+04
9.311295e+03	-2.041000e+04
9.311676e+03	-2.859800e+04
9.312058e+03	-3.270900e+04
9.312439e+03	-1.222300e+04
9.312820e+03	-8.123000e+03
9.313202e+03	-3.271900e+04
9.313583e+03	-2.450700e+04
9.313965e+03	2.874400e+04
9.314346e+03	-2.451700e+04
9.314728e+03	2.872500e+04
9.315109e+03	-3.270800e+04
9.315491e+03	-8.138000e+03
9.315872e+03	2.872900e+04
9.316254e+03	4.152000e+03
9.316635e+03	4.152000e+03
9.317017e+03	-8.126000e+03
9.317398e+03	8.264000e+03
9.317780e+03	1.645400e+04
9.318161e+03	2.053900e+04
9.318542e+03	-2.861200e+04
9.318924e+03	-1.632200e+04
9.319305e+03	-3.271200e+04
9.319687e+03	1.642900e+04
9.320068e+03	1.232500e+04
9.320450e+03	-1.633800e+04
9.320831e+03	2.462200e+04
9.321213e+03	4.144000e+03
9.321594e+03	1.233800e+04
9.321976e+03	-4.048000e+03
9.322357e+03	-2.042400e+04
9.322739e+03	4.157000e+03
9.323120e+03	-2.041800e+04
9.323502e+03	-1.632500e+04
9.323883e+03	-3.271400e+04
9.324265e+03	-1.222300e+04
9.324646e+03	-1.222100e+04
9.325027e+03	-1.632400e+04
9.325409e+03	1.234600e+04
9.325790e+03	4.158000e+03
9.326172e+03	8.254000e+03
9.326553e+03	-2.041500e+04
9.326935e+03	-2.042600e+04
9.327316e+03	-2.452000e+04
9.327698e+03	2.055100e+04
9.328079e+03	1.235700e+04
9.328461e+03	2.872000e+04
9.328842e+03	4.153000e+03
9.329224e+03	-1.222500e+04
9.329605e+03	1.234800e+04
9.329987e+03	-3.271000e+04
9.330368e+03	8.253000e+03
9.330750e+03	2.054200e+04
9.331131e+03	-2.452300e+04
9.331512e+03	4.139000e+03
9.331894e+03	2.872700e+04
9.332275e+03	-2.043600e+04
9.332657e+03	-2.042700e+04
9.333038e+03	2.054800e+04
9.333420e+03	4.165000e+03
9.333801e+03	-2.451600e+04
9.334183e+03	-1.634800e+04
9.334564e+03	-2.042400e+04
9.334946e+03	-1.222400e+04
9.335327e+03	2.874100e+04
9.335709e+03	-1.631600e+04
9.336090e+03	2.463600e+04
9.336472e+03	-1.633300e+04
9.336853e+03	1.234900e+04
9.337235e+03	-2.860600e+04
9.337616e+03	-4.028000e+03
9.337997e+03	1.235900e+04
9.338379e+03	-2.860100e+04
9.338760e+03	1.644800e+04
9.339142e+03	-1.633300e+04
9.339523e+03	1.645000e+04
9.339905e+03	2.054700e+04
9.340286e+03	-2.861700e+04
9.340668e+03	2.462400e+04
9.341049e+03	2.054000e+04
9.341431e+03	6.100000e+01
9.341812e+03	8.258000e+03
9.342194e+03	7.200000e+01
9.342575e+03	2.464500e+04
9.342957e+03	-1.224000e+04
9.343338e+03	2.053700e+04
9.343719e+03	2.054400e+04
9.344101e+03	1.235000e+04
9.344482e+03	-2.860700e+04
9.344864e+03	-1.632100e+04
9.345245e+03	2.871500e+04
9.345627e+03	1.234300e+04
9.346008e+03	-2.041900e+04
9.346390e+03	2.872900e+04
9.346771e+03	-3.271800e+04
9.347153e+03	-4.047000e+03
9.347534e+03	-3.271500e+04
9.347916e+03	-1.223100e+04
9.348297e+03	-4.031000e+03
9.348679e+03	-8.124000e+03
9.349060e+03	4.165000e+03
9.349442e+03	-1.222800e+04
9.349823e+03	-1.226800e+04
9.350204e+03	-1.222400e+04
9.350586e+03	-3.270400e+04
9.350967e+03	1.235300e+04
9.351349e+03	-2.039700e+04
9.351730e+03	-2.039000e+04
9.352112e+03	-3.267900e+04
9.352493e+03	-3.268700e+04
9.352875e+03	4.160000e+03
9.353256e+03	4.151000e+03
9.353638e+03	-1.633900e+04
9.354019e+03	1.643800e+04
9.354401e+03	2.461200e+04
9.354782e+03	8.250000e+03
9.355164e+03	2.464700e+04
9.355545e+03	-2.860000e+04
9.355927e+03	2.054700e+04
9.356308e+03	-2.041500e+04
9.356689e+03	-1.222200e+04
9.357071e+03	-2.042000e+04
9.357452e+03	2.464100e+04
9.357834e+03	-4.026000e+03
9.358215e+03	1.235700e+04
9.358597e+03	1.644600e+04
9.358978e+03	4.152000e+03
9.359360e+03	6.200000e+01
9.359741e+03	2.463800e+04
9.360123e+03	1.234700e+04
9.360504e+03	8.257000e+03
9.360886e+03	-2.450800e+04
9.361267e+03	4.168000e+03
9.361649e+03	-2.450400e+04
9.362030e+03	2.054600e+04
9.362412e+03	5.800000e+01
9.362793e+03	4.159000e+03
9.363174e+03	-2.452600e+04
9.363556e+03	2.052800e+04
9.363937e+03	-4.047000e+03
9.364319e+03	-2.452600e+04
9.364700e+03	8.260000e+03
9.365082e+03	-3.270100e+04
9.365463e+03	1.234700e+04
9.365845e+03	1.235000e+04
9.366226e+03	5.500000e+01
9.366608e+03	1.233400e+04
9.366989e+03	-4.038000e+03
9.367371e+03	4.800000e+01
9.367752e+03	2.463300e+04
9.368134e+03	2.054500e+04
9.368515e+03	-2.042400e+04
9.368896e+03	-1.224200e+04
9.369278e+03	-2.042000e+04
9.369659e+03	2.873300e+04
9.370041e+03	1.234100e+04
9.370422e+03	-4.056000e+03
9.370804e+03	-3.272400e+04
9.371185e+03	-4.043000e+03
9.371567e+03	-8.137000e+03
9.371948e+03	1.644100e+04
9.372330e+03	-2.451500e+04
9.372711e+03	2.464100e+04
9.373093e+03	2.464200e+04
9.373474e+03	6.600000e+01
9.373856e+03	-2.041300e+04
9.374237e+03	-2.450900e+04
9.374619e+03	6.600000e+01
9.375000e+03	-4.041000e+03
9.375381e+03	2.053600e+04
9.375763e+03	2.873300e+04
9.376144e+03	2.461800e+04
9.376526e+03	4.162000e+03
9.376907e+03	-3.269300e+04
9.377289e+03	2.874700e+04
9.377670e+03	-2.040900e+04
9.378052e+03	6.800000e+01
9.378433e+03	-2.451100e+04
9.378815e+03	-8.134000e+03
9.379196e+03	-8.141000e+03
9.379578e+03	-1.634500e+04
9.379959e+03	1.000000e+00
9.380341e+03	2.051500e+04
9.380722e+03	-1.633700e+04
9.381104e+03	-2.042600e+04
9.381485e+03	-2.861800e+04
9.381866e+03	-1.634400e+04
9.382248e+03	-2.043600e+04
9.382629e+03	-4.049000e+03
9.383011e+03	1.640300e+04
9.383392e+03	-2.452900e+04
9.383774e+03	-2.453400e+04
9.384155e+03	8.246000e+03
9.384537e+03	-3.270500e+04
9.384918e+03	1.644000e+04
9.385300e+03	4.146000e+03
9.385681e+03	-1.222200e+04
9.386063e+03	-2.860600e+04
9.386444e+03	2.462400e+04
9.386826e+03	-2.042200e+04
9.387207e+03	2.055000e+04
9.387589e+03	1.645500e+04
9.387970e+03	-2.861100e+04
9.388351e+03	-2.862400e+04
9.388733e+03	1.644400e+04
9.389114e+03	-2.451300e+04
9.389496e+03	2.054800e+04
9.389877e+03	2.055200e+04
9.390259e+03	-1.631600e+04
9.390640e+03	1.644400e+04
9.391022e+03	-2.862200e+04
9.391403e+03	-1.223000e+04
9.391785e+03	5.600000e+01
9.392166e+03	-8.137000e+03
9.392548e+03	2.054900e+04
9.392929e+03	-2.041100e+04
9.393311e+03	-1.632500e+04
9.393692e+03	2.052600e+04
9.394073e+03	2.053000e+04
9.394455e+03	4.149000e+03
9.394836e+03	-3.270900e+04
9.395218e+03	-2.861200e+04
9.395599e+03	-2.041700e+04
9.395981e+03	-2.450900e+04
9.396362e+03	-1.631600e+04
9.396744e+03	2.054400e+04
9.397125e+03	6.100000e+01
9.397507e+03	-2.451000e+04
9.397888e+03	-1.222600e+04
9.398270e+03	-4.051000e+03
9.398651e+03	-8.143000e+03
9.399033e+03	1.233600e+04
9.399414e+03	2.055300e+04
9.399796e+03	-8.113000e+03
9.400177e+03	8.267000e+03
9.400558e+03	2.053200e+04
9.400940e+03	-3.269900e+04
9.401321e+03	-8.121000e+03
9.401703e+03	-3.271100e+04
9.402084e+03	2.461200e+04
9.402466e+03	-1.223800e+04
9.402847e+03	-1.223000e+04
9.403229e+03	-1.222900e+04
9.403610e+03	-2.861400e+04
9.403992e+03	8.252000e+03
9.404373e+03	-2.042200e+04
9.404755e+03	4.700000e+01
9.405136e+03	-2.862700e+04
9.405518e+03	2.462300e+04
9.405899e+03	-2.454100e+04
9.406281e+03	-1.225000e+04
9.406662e+03	1.643500e+04
9.407043e+03	1.235000e+04
9.407425e+03	-2.041600e+04
9.407806e+03	-2.452100e+04
9.408188e+03	-3.273000e+04
9.408569e+03	2.054200e+04
9.408951e+03	-8.130000e+03
9.409332e+03	4.144000e+03
9.409714e+03	-2.044300e+04
9.410095e+03	-2.863900e+04
9.410477e+03	-2.043200e+04
9.410858e+03	-2.451700e+04
9.411240e+03	8.250000e+03
9.411621e+03	1.643800e+04
9.412003e+03	2.462800e+04
9.412384e+03	2.870000e+04
9.412766e+03	-3.271800e+04
9.413147e+03	-1.222300e+04
9.413528e+03	7.000000e+01
9.413910e+03	8.259000e+03
9.414291e+03	1.644800e+04
9.414673e+03	-8.124000e+03
9.415054e+03	2.054800e+04
9.415436e+03	-4.036000e+03
9.415817e+03	8.247000e+03
9.416199e+03	8.246000e+03
9.416580e+03	-1.223600e+04
9.416962e+03	1.232400e+04
9.417343e+03	-1.634100e+04
9.417725e+03	-2.452600e+04
9.418106e+03	-2.452500e+04
9.418488e+03	-2.860400e+04
9.418869e+03	2.055200e+04
9.419250e+03	6.100000e+01
9.419632e+03	1.642700e+04
9.420013e+03	-8.137000e+03
9.420395e+03	1.233500e+04
9.420776e+03	2.055100e+04
9.421158e+03	8.268000e+03
9.421539e+03	2.464600e+04
9.421921e+03	-4.031000e+03
9.422302e+03	-4.033000e+03
9.422684e+03	-4.049000e+03
9.423065e+03	-8.126000e+03
9.423447e+03	8.264000e+03
9.423828e+03	-4.027000e+03
9.424210e+03	2.463400e+04
9.424591e+03	2.052100e+04
9.424973e+03	2.871800e+04
9.425354e+03	1.234100e+04
9.425735e+03	5.100000e+01
9.426117e+03	1.232700e+04
9.426498e+03	8.229000e+03
9.426880e+03	1.234400e+04
9.427261e+03	8.255000e+03
9.427643e+03	-2.861000e+04
9.428024e+03	4.155000e+03
9.428406e+03	-2.860600e+04
9.428787e+03	-2.450700e+04
9.429169e+03	-8.126000e+03
9.429550e+03	2.463600e+04
9.429932e+03	-3.270800e+04
9.430313e+03	2.053900e+04
9.430695e+03	2.462700e+04
9.431076e+03	-2.043900e+04
9.431458e+03	-4.039000e+03
9.431839e+03	-3.270800e+04
9.432220e+03	6.500000e+01
9.432602e+03	-4.027000e+03
9.432983e+03	1.645400e+04
9.433365e+03	1.235800e+04
9.433746e+03	-2.860200e+04
9.434128e+03	-8.127000e+03
9.434509e+03	2.055100e+04
9.434891e+03	-2.859600e+04
9.435272e+03	-8.122000e+03
9.435654e+03	2.463300e+04
9.436035e+03	-3.270600e+04
9.436417e+03	-8.131000e+03
9.436798e+03	4.156000e+03
9.437180e+03	2.462600e+04
9.437561e+03	-2.452900e+04
9.437943e+03	-2.451200e+04
9.438324e+03	2.872900e+04
9.438705e+03	5.300000e+01
9.439087e+03	-4.027000e+03
9.439468e+03	2.873800e+04
9.439850e+03	8.227000e+03
9.440231e+03	2.054900e+04
9.440613e+03	2.874300e+04
9.440994e+03	2.054300e+04
9.441376e+03	5.200000e+01
9.441757e+03	-2.042400e+04
9.442139e+03	-2.043000e+04
9.442520e+03	-2.452500e+04
9.442902e+03	-2.451800e+04
9.443283e+03	2.054300e+04
9.443665e+03	2.464100e+04
9.444046e+03	-1.222400e+04
9.444428e+03	-2.861100e+04
9.444809e+03	4.147000e+03
9.445190e+03	-1.224000e+04
9.445572e+03	-8.140000e+03
9.445953e+03	4.143000e+03
9.446335e+03	-4.050000e+03
9.446716e+03	-8.138000e+03
9.447098e+03	1.645300e+04
9.447479e+03	-4.022000e+03
9.447861e+03	-2.450400e+04
9.448242e+03	4.153000e+03
9.448624e+03	4.154000e+03
9.449005e+03	8.255000e+03
9.449387e+03	1.233400e+04
9.449768e+03	2.872600e+04
9.450150e+03	8.246000e+03
9.450531e+03	3.400000e+01
9.450912e+03	-2.861100e+04
9.451294e+03	-2.860900e+04
9.451675e+03	-8.132000e+03
9.452057e+03	1.644200e+04
9.452438e+03	-3.272000e+04
9.452820e+03	2.870600e+04
9.453201e+03	1.233900e+04
9.453583e+03	-8.131000e+03
9.453964e+03	2.873500e+04
9.454346e+03	2.463800e+04
9.454727e+03	-2.450900e+04
9.455109e+03	8.263000e+03
9.455490e+03	-1.631600e+04
9.455872e+03	-2.861100e+04
9.456253e+03	-3.270400e+04
9.456635e+03	-2.450600e+04
9.457016e+03	4.167000e+03
9.457397e+03	-8.127000e+03
9.457779e+03	-3.271200e+04
9.458160e+03	2.463300e+04
9.458542e+03	2.463900e+04
9.458923e+03	6.500000e+01
9.459305e+03	-1.223400e+04
9.459686e+03	2.049100e+04
9.460068e+03	-3.272300e+04
9.460449e+03	-3.270700e+04
9.460831e+03	4.163000e+03
9.461212e+03	2.054100e+04
9.461594e+03	2.870200e+04
9.461975e+03	4.150000e+03
9.462357e+03	-2.452100e+04
9.462738e+03	-2.860700e+04
9.463120e+03	-3.270300e+04
9.463501e+03	-2.043800e+04
9.463882e+03	-1.223000e+04
9.464264e+03	2.873300e+04
9.464645e+03	2.463400e+04
9.465027e+03	-2.041200e+04
9.465408e+03	-4.030000e+03
9.465790e+03	-8.153000e+03
9.466171e+03	2.054100e+04
9.466553e+03	6.600000e+01
9.466934e+03	-2.451700e+04
9.467316e+03	-2.043800e+04
9.467697e+03	-3.272800e+04
9.468079e+03	-8.141000e+03
9.468460e+03	-3.271300e+04
9.468842e+03	8.252000e+03
9.469223e+03	-2.451200e+04
9.469605e+03	-1.632100e+04
9.469986e+03	-1.632100e+04
9.470367e+03	-8.136000e+03
9.470749e+03	1.233900e+04
9.471130e+03	-8.130000e+03
9.471512e+03	2.873300e+04
9.471893e+03	-2.862400e+04
9.472275e+03	5.800000e+01
9.472656e+03	-2.042600e+04
9.473038e+03	1.642400e+04
9.473419e+03	1.234400e+04
9.473801e+03	-1.224100e+04
9.474182e+03	2.461200e+04
9.474564e+03	-1.224200e+04
9.474945e+03	-2.862300e+04
9.475327e+03	2.054300e+04
9.475708e+03	-3.271100e+04
9.476089e+03	1.644100e+04
9.476471e+03	-1.631100e+04
9.476852e+03	2.465200e+04
9.477234e+03	-4.024000e+03
9.477615e+03	1.646000e+04
9.477997e+03	2.874900e+04
9.478378e+03	-2.860200e+04
9.478760e+03	-2.452000e+04
9.479141e+03	2.463200e+04
9.479523e+03	5.200000e+01
9.479904e+03	2.052000e+04
9.480286e+03	2.872100e+04
9.480667e+03	-8.134000e+03
9.481049e+03	-2.450900e+04
9.481430e+03	7.400000e+01
9.481812e+03	-2.450400e+04
9.482193e+03	5.500000e+01
9.482574e+03	-3.270500e+04
9.482956e+03	-2.859900e+04
9.483337e+03	7.000000e+01
9.483719e+03	-8.133000e+03
9.484100e+03	5.400000e+01
9.484482e+03	6.300000e+01
9.484863e+03	-3.269500e+04
9.485245e+03	-2.040700e+04
9.485626e+03	1.644800e+04
9.486008e+03	-1.222600e+04
9.486389e+03	-3.270100e+04
9.486771e+03	-2.861200e+04
9.487152e+03	1.642500e+04
9.487534e+03	8.230000e+03
9.487915e+03	-3.271400e+04
9.488297e+03	2.463300e+04
9.488678e+03	-2.043100e+04
9.489059e+03	2.460900e+04
9.489441e+03	1.642300e+04
9.489822e+03	2.053000e+04
9.490204e+03	-1.632700e+04
9.490585e+03	-3.271300e+04
9.490967e+03	-2.862600e+04
9.491348e+03	2.053300e+04
9.491730e+03	8.253000e+03
9.492111e+03	-2.042400e+04
9.492493e+03	2.053500e+04
9.492874e+03	1.235300e+04
9.493256e+03	-2.450900e+04
9.493637e+03	-2.041200e+04
9.494019e+03	4.158000e+03
9.494400e+03	-2.861600e+04
9.494782e+03	8.270000e+03
9.495163e+03	-2.039700e+04
9.495544e+03	-2.449500e+04
9.495926e+03	-1.631500e+04
9.496307e+03	4.161000e+03
9.496689e+03	1.236100e+04
9.497070e+03	2.874200e+04
9.497452e+03	-3.270800e+04
9.497833e+03	-1.224000e+04
9.498215e+03	2.461900e+04
9.498596e+03	-8.141000e+03
9.498978e+03	8.250000e+03
9.499359e+03	1.234700e+04
9.499741e+03	-2.452200e+04
9.500122e+03	-2.454100e+04
9.500504e+03	-2.453500e+04
9.500885e+03	2.872400e+04
9.501266e+03	2.463100e+04
9.501648e+03	-2.861800e+04
9.502029e+03	-1.223700e+04
9.502411e+03	-4.047000e+03
9.502792e+03	4.155000e+03
9.503174e+03	-8.126000e+03
9.503555e+03	-1.222000e+04
9.503937e+03	-2.861300e+04
9.504318e+03	-8.151000e+03
9.504700e+03	2.054100e+04
9.505081e+03	-1.632500e+04
9.505463e+03	-2.864800e+04
9.505844e+03	8.236000e+03
9.506226e+03	-8.166000e+03
9.506607e+03	-1.223900e+04
9.506989e+03	-4.054000e+03
9.507370e+03	-1.632800e+04
9.507751e+03	-2.040900e+04
9.508133e+03	2.055400e+04
9.508514e+03	2.464400e+04
9.508896e+03	1.235000e+04
9.509277e+03	6.100000e+01
9.509659e+03	-2.861400e+04
9.510040e+03	-2.451500e+04
9.510422e+03	1.234900e+04
9.510803e+03	-4.032000e+03
9.511185e+03	1.645400e+04
9.511566e+03	-1.221800e+04
9.511948e+03	-1.222100e+04
9.512329e+03	1.644900e+04
9.512711e+03	2.464000e+04
9.513092e+03	-8.129000e+03
9.513474e+03	-1.632400e+04
9.513855e+03	-1.222700e+04
9.514236e+03	5.900000e+01
9.514618e+03	4.141000e+03
9.514999e+03	-2.452200e+04
9.515381e+03	-2.452000e+04
9.515762e+03	-1.224200e+04
9.516144e+03	-1.223000e+04
9.516525e+03	1.235000e+04
9.516907e+03	2.873900e+04
9.517288e+03	7.200000e+01
9.517670e+03	1.235800e+04
9.518051e+03	-2.041700e+04
9.518433e+03	-3.270100e+04
9.518814e+03	2.055000e+04
9.519196e+03	-2.041400e+04
9.519577e+03	-4.037000e+03
9.519959e+03	-1.223700e+04
9.520340e+03	-1.224300e+04
9.520721e+03	1.234600e+04
9.521103e+03	1.235300e+04
9.521484e+03	-4.030000e+03
9.521866e+03	-8.134000e+03
9.522247e+03	-1.634700e+04
9.522629e+03	1.643400e+04
9.523010e+03	-2.043500e+04
9.523392e+03	1.235100e+04
9.523773e+03	2.055100e+04
9.524155e+03	6.800000e+01
9.524536e+03	2.052200e+04
9.524918e+03	1.644200e+04
9.525299e+03	2.464100e+04
9.525681e+03	1.235200e+04
9.526062e+03	-3.271100e+04
9.526443e+03	-4.044000e+03
9.526825e+03	2.873300e+04
9.527206e+03	-2.451100e+04
9.527588e+03	-2.451000e+04
9.527969e+03	2.873500e+04
9.528351e+03	4.156000e+03
9.528732e+03	-4.037000e+03
9.529114e+03	-1.222500e+04
9.529495e+03	-2.450900e+04
9.529877e+03	1.235700e+04
9.530258e+03	8.256000e+03
9.530640e+03	8.232000e+03
9.531021e+03	-8.138000e+03
9.531403e+03	5.400000e+01
9.531784e+03	-3.273400e+04
9.532166e+03	1.642700e+04
9.532547e+03	-4.066000e+03
9.532928e+03	-1.632700e+04
9.533310e+03	1.644600e+04
9.533691e+03	2.463100e+04
9.534073e+03	-1.223200e+04
9.534454e+03	-1.222400e+04
9.534836e+03	8.253000e+03
9.535217e+03	-1.225600e+04
9.535599e+03	-1.221900e+04
9.535980e+03	2.875000e+04
9.536362e+03	-1.221000e+04
9.536743e+03	7.100000e+01
9.537125e+03	-1.224700e+04
9.537506e+03	-4.032000e+03
9.537888e+03	4.166000e+03
9.538269e+03	-2.860700e+04
9.538651e+03	2.053700e+04
9.539032e+03	-1.634400e+04
9.539413e+03	-3.272500e+04
9.539795e+03	1.234700e+04
9.540176e+03	-2.041700e+04
9.540558e+03	-1.632600e+04
9.540939e+03	2.870700e+04
9.541321e+03	-8.143000e+03
9.541702e+03	2.873400e+04
9.542084e+03	-2.860100e+04
9.542465e+03	1.646100e+04
9.542847e+03	2.874900e+04
9.543228e+03	2.464700e+04
9.543610e+03	-1.223800e+04
9.543991e+03	5.100000e+01
9.544373e+03	2.872900e+04
9.544754e+03	-3.271800e+04
9.545136e+03	-8.137000e+03
9.545517e+03	-2.041700e+04
9.545898e+03	1.235700e+04
9.546280e+03	-3.269700e+04
9.546661e+03	2.874200e+04
9.547043e+03	-8.131000e+03
9.547424e+03	1.232900e+04
9.547806e+03	-2.452400e+04
9.548187e+03	-1.223200e+04
9.548569e+03	-8.140000e+03
9.548950e+03	1.233600e+04
9.549332e+03	-2.861300e+04
9.549713e+03	-2.451000e+04
9.550095e+03	-2.861000e+04
9.550476e+03	4.147000e+03
9.550858e+03	-4.041000e+03
9.551239e+03	5.900000e+01
9.551620e+03	-1.633300e+04
9.552002e+03	-8.148000e+03
9.552383e+03	-1.632800e+04
9.552765e+03	-8.128000e+03
9.553146e+03	2.873900e+04
9.553528e+03	-4.028000e+03
9.553909e+03	-4.027000e+03
9.554291e+03	4.163000e+03
9.554672e+03	1.234900e+04
9.555054e+03	-4.042000e+03
9.555435e+03	-3.272100e+04
9.555817e+03	-3.271500e+04
9.556198e+03	-8.143000e+03
9.556580e+03	-2.453200e+04
9.556961e+03	-4.044000e+03
9.557343e+03	4.143000e+03
9.557724e+03	4.800000e+01
9.558105e+03	-2.861600e+04
9.558487e+03	-2.043100e+04
9.558868e+03	8.237000e+03
9.559250e+03	1.234100e+04
9.559631e+03	-3.271600e+04
9.560013e+03	1.644200e+04
9.560394e+03	1.234400e+04
9.560776e+03	-4.046000e+03
9.561157e+03	-1.222500e+04
9.561539e+03	4.166000e+03
9.561920e+03	-1.221800e+04
9.562302e+03	-1.631600e+04
9.562683e+03	2.873400e+04
9.563065e+03	-2.451800e+04
9.563446e+03	4.153000e+03
9.563828e+03	2.052700e+04
9.564209e+03	3.400000e+01
9.564590e+03	2.053500e+04
9.564972e+03	-2.451500e+04
9.565353e+03	6.500000e+01
9.565735e+03	4.163000e+03
9.566116e+03	1.645000e+04
9.566498e+03	-2.861200e+04
9.566879e+03	-8.131000e+03
9.567261e+03	-3.270500e+04
9.567642e+03	-3.270800e+04
9.568024e+03	5.800000e+01
9.568405e+03	1.644400e+04
9.568787e+03	-2.451900e+04
9.569168e+03	-2.042500e+04
9.569550e+03	-1.222600e+04
9.569931e+03	-1.222600e+04
9.570313e+03	2.053500e+04
9.570694e+03	1.233600e+04
9.571075e+03	4.152000e+03
9.571457e+03	2.873300e+04
9.571838e+03	2.873100e+04
9.572220e+03	-2.861800e+04
9.572601e+03	8.252000e+03
9.572983e+03	-8.133000e+03
9.573364e+03	4.139000e+03
9.573746e+03	-2.862900e+04
9.574127e+03	5.300000e+01
9.574509e+03	-1.223700e+04
9.574890e+03	2.461300e+04
9.575272e+03	4.600000e+01
9.575653e+03	-2.042000e+04
9.576035e+03	-1.632500e+04
9.576416e+03	1.234500e+04
9.576797e+03	1.234000e+04
9.577179e+03	-1.633300e+04
9.577560e+03	-1.632000e+04
9.577942e+03	2.873900e+04
9.578323e+03	-1.223600e+04
9.578705e+03	-3.271600e+04
9.579086e+03	-2.042200e+04
9.579468e+03	2.051700e+04
9.579849e+03	2.053000e+04
9.580231e+03	1.643400e+04
9.580612e+03	-3.270300e+04
9.580994e+03	1.236100e+04
9.581375e+03	1.235700e+04
9.581757e+03	2.872000e+04
9.582138e+03	2.054300e+04
9.582520e+03	1.644400e+04
9.582901e+03	4.144000e+03
9.583282e+03	2.055200e+04
9.583664e+03	2.465200e+04
9.584045e+03	1.236100e+04
9.584427e+03	1.644400e+04
9.584808e+03	-3.272600e+04
9.585190e+03	1.235100e+04
9.585571e+03	-2.451200e+04
9.585953e+03	-2.451700e+04
9.586334e+03	-1.223300e+04
9.586716e+03	-4.058000e+03
9.587097e+03	2.053300e+04
9.587479e+03	1.235100e+04
9.587860e+03	-2.451700e+04
9.588242e+03	-8.147000e+03
9.588623e+03	2.872300e+04
9.589005e+03	-2.864300e+04
9.589386e+03	2.464100e+04
9.589767e+03	4.170000e+03
9.590149e+03	8.267000e+03
9.590530e+03	1.645900e+04
9.590912e+03	-1.221000e+04
9.591293e+03	4.173000e+03
9.591675e+03	-2.451200e+04
9.592056e+03	-8.135000e+03
9.592438e+03	-1.631600e+04
9.592819e+03	-3.270000e+04
9.593201e+03	-2.451300e+04
9.593582e+03	1.234800e+04
9.593964e+03	-4.043000e+03
9.594345e+03	4.142000e+03
9.594727e+03	-4.045000e+03
9.595108e+03	-1.632900e+04
9.595490e+03	2.462900e+04
9.595871e+03	4.146000e+03
9.596252e+03	-2.453400e+04
9.596634e+03	-2.453500e+04
9.597015e+03	-2.451600e+04
9.597397e+03	-3.270900e+04
9.597778e+03	-8.142000e+03
9.598160e+03	-1.222500e+04
9.598541e+03	2.873700e+04
9.598923e+03	-1.633300e+04
9.599304e+03	2.051800e+04
9.599686e+03	-4.051000e+03
9.600067e+03	-2.043400e+04
9.600449e+03	-2.451600e+04
9.600830e+03	1.644100e+04
9.601212e+03	4.600000e+01
9.601593e+03	-8.134000e+03
9.601974e+03	2.872900e+04
9.602356e+03	-3.275700e+04
9.602737e+03	4.150000e+03
9.603119e+03	-2.452200e+04
9.603500e+03	-8.139000e+03
9.603882e+03	-2.451500e+04
9.604263e+03	-8.128000e+03
9.604645e+03	-3.270500e+04
9.605026e+03	-2.861600e+04
9.605408e+03	2.053000e+04
9.605789e+03	1.234200e+04
9.606171e+03	-2.862000e+04
9.606552e+03	4.160000e+03
9.606934e+03	-4.028000e+03
9.607315e+03	2.463800e+04
9.607697e+03	1.643400e+04
9.608078e+03	-3.270400e+04
9.608459e+03	1.235400e+04
9.608841e+03	-8.128000e+03
9.609222e+03	2.054000e+04
9.609604e+03	4.139000e+03
9.609985e+03	-8.146000e+03
9.610367e+03	2.872100e+04
9.610748e+03	2.052100e+04
9.611130e+03	8.230000e+03
9.611511e+03	2.463300e+04
9.611893e+03	6.400000e+01
9.612274e+03	-8.135000e+03
9.612656e+03	2.052600e+04
9.613037e+03	-1.631800e+04
9.613419e+03	-8.127000e+03
9.613800e+03	8.235000e+03
9.614182e+03	-3.270900e+04
9.614563e+03	-2.451900e+04
9.614944e+03	8.266000e+03
9.615326e+03	-1.630000e+04
9.615707e+03	4.182000e+03
9.616089e+03	-8.114000e+03
9.616470e+03	-2.042500e+04
9.616852e+03	-2.860900e+04
9.617233e+03	2.054600e+04
9.617615e+03	6.300000e+01
9.617996e+03	1.234500e+04
9.618378e+03	-1.634300e+04
9.618759e+03	2.052600e+04
9.619141e+03	-2.042200e+04
9.619522e+03	-1.632400e+04
9.619904e+03	-2.861800e+04
9.620285e+03	-2.862600e+04
9.620667e+03	-1.222700e+04
9.621048e+03	4.158000e+03
9.621429e+03	-2.453300e+04
9.621811e+03	-3.271200e+04
9.622192e+03	2.873200e+04
9.622574e+03	5.300000e+01
9.622955e+03	6.200000e+01
9.623337e+03	2.464000e+04
9.623718e+03	6.000000e+01
9.624100e+03	1.643900e+04
9.624481e+03	-2.861400e+04
9.624863e+03	-2.451100e+04
9.625244e+03	1.235600e+04
9.625626e+03	-8.127000e+03
9.626007e+03	8.246000e+03
9.626389e+03	2.871200e+04
9.626770e+03	1.643800e+04
9.627152e+03	6.100000e+01
9.627533e+03	4.158000e+03
9.627914e+03	4.150000e+03
9.628296e+03	2.872500e+04
9.628677e+03	2.873800e+04
9.629059e+03	2.874400e+04
9.629440e+03	1.645200e+04
9.629822e+03	2.873200e+04
9.630203e+03	-8.135000e+03
9.630585e+03	-8.149000e+03
9.630966e+03	2.054600e+04
9.631348e+03	-3.269100e+04
9.631729e+03	8.270000e+03
9.632111e+03	-3.269800e+04
9.632492e+03	2.871000e+04
9.632874e+03	-1.632100e+04
9.633255e+03	2.464400e+04
9.633636e+03	-1.632100e+04
9.634018e+03	1.235000e+04
9.634399e+03	-1.222500e+04
9.634781e+03	2.464000e+04
9.635162e+03	-2.452300e+04
9.635544e+03	-2.043300e+04
9.635925e+03	1.644000e+04
9.636307e+03	5.100000e+01
9.636688e+03	-2.043400e+04
9.637070e+03	1.644500e+04
9.637451e+03	2.873800e+04
9.637833e+03	-2.860500e+04
9.638214e+03	6.700000e+01
9.638596e+03	-4.033000e+03
9.638977e+03	8.251000e+03
9.639359e+03	2.462900e+04
9.639740e+03	2.051500e+04
9.640121e+03	-2.042200e+04
9.640503e+03	-2.860700e+04
9.640884e+03	4.165000e+03
9.641266e+03	7.300000e+01
9.641647e+03	-2.450600e+04
9.642029e+03	-1.632800e+04
9.642410e+03	1.234700e+04
9.642792e+03	-8.127000e+03
9.643173e+03	1.234800e+04
9.643555e+03	1.234700e+04
9.643936e+03	-3.270600e+04
9.644318e+03	-2.451500e+04
9.644699e+03	2.464500e+04
9.645081e+03	4.169000e+03
9.645462e+03	-1.631300e+04
9.645844e+03	1.235000e+04
9.646225e+03	2.053800e+04
9.646606e+03	-2.860700e+04
9.646988e+03	-1.222500e+04
9.647369e+03	4.100000e+01
9.647751e+03	2.053200e+04
9.648132e+03	-4.040000e+03
9.648514e+03	-8.150000e+03
9.648895e+03	1.234000e+04
9.649277e+03	-2.042400e+04
9.649658e+03	8.247000e+03
9.650040e+03	-8.134000e+03
9.650421e+03	-2.042300e+04
9.650803e+03	1.643100e+04
9.651184e+03	-1.634200e+04
9.651566e+03	-2.454700e+04
9.651947e+03	4.139000e+03
9.652329e+03	-2.042700e+04
9.652710e+03	-1.224100e+04
9.653091e+03	2.053900e+04
9.653473e+03	4.159000e+03
9.653854e+03	2.462900e+04
9.654236e+03	-1.223400e+04
9.654617e+03	-1.222000e+04
9.654999e+03	2.874300e+04
9.655380e+03	-8.126000e+03
9.655762e+03	-4.042000e+03
9.656143e+03	-2.863100e+04
9.656525e+03	-3.274300e+04
9.656906e+03	8.246000e+03
9.657288e+03	-2.041600e+04
9.657669e+03	6.600000e+01
9.658051e+03	6.000000e+01
9.658432e+03	-2.043400e+04
9.658813e+03	2.049300e+04
9.659195e+03	-1.224200e+04
9.659576e+03	8.234000e+03
9.659958e+03	2.052700e+04
9.660339e+03	-2.451200e+04
9.660721e+03	-2.041700e+04
9.661102e+03	1.642700e+04
9.661484e+03	-1.632300e+04
9.661865e+03	4.164000e+03
9.662247e+03	1.644900e+04
9.662628e+03	8.247000e+03
9.663010e+03	1.642800e+04
9.663391e+03	-1.633900e+04
9.663773e+03	-3.271500e+04
9.664154e+03	1.233800e+04
9.664536e+03	2.051700e+04
9.664917e+03	-2.454100e+04
9.665298e+03	-4.040000e+03
9.665680e+03	2.464200e+04
9.666061e+03	8.262000e+03
9.666443e+03	-3.269800e+04
9.666824e+03	1.235800e+04
9.667206e+03	2.464700e+04
9.667587e+03	1.645300e+04
9.667969e+03	-1.632600e+04
9.668350e+03	1.233800e+04
9.668732e+03	-4.036000e+03
9.669113e+03	2.463400e+04
9.669495e+03	1.234700e+04
9.669876e+03	-1.222600e+04
9.670258e+03	-3.270500e+04
9.670639e+03	-8.132000e+03
9.671021e+03	-1.223500e+04
9.671402e+03	-1.635300e+04
9.671783e+03	1.234700e+04
9.672165e+03	-8.131000e+03
9.672546e+03	-4.041000e+03
9.672928e+03	-1.633100e+04
9.673309e+03	-3.270700e+04
9.673691e+03	-2.451600e+04
9.674072e+03	2.053100e+04
9.674454e+03	4.131000e+03
9.674835e+03	-8.144000e+03
9.675217e+03	2.052500e+04
9.675598e+03	-1.224700e+04
9.675980e+03	-4.037000e+03
9.676361e+03	8.257000e+03
9.676743e+03	2.464200e+04
9.677124e+03	-1.222500e+04
9.677506e+03	-1.222500e+04
9.677887e+03	6.500000e+01
9.678268e+03	-4.027000e+03
9.678650e+03	-1.221300e+04
9.679031e+03	1.236800e+04
9.679413e+03	-8.112000e+03
9.679794e+03	-1.221600e+04
9.680176e+03	4.900000e+01
9.680557e+03	-2.041600e+04
9.680939e+03	8.254000e+03
9.681320e+03	-1.223500e+04
9.681702e+03	-1.632200e+04
9.682083e+03	-1.223000e+04
9.682465e+03	1.642600e+04
9.682846e+03	-8.168000e+03
9.683228e+03	-2.451500e+04
9.683609e+03	2.055300e+04
9.683990e+03	-3.269300e+04
9.684372e+03	1.645400e+04
9.684753e+03	-1.631600e+04
9.685135e+03	1.645600e+04
9.685516e+03	2.054900e+04
9.685898e+03	-4.046000e+03
9.686279e+03	-2.042200e+04
9.686661e+03	-1.631700e+04
9.687042e+03	-2.861100e+04
9.687424e+03	-2.043200e+04
9.687805e+03	-2.041700e+04
9.688187e+03	-2.451200e+04
9.688568e+03	-1.223800e+04
9.688950e+03	-2.453000e+04
9.689331e+03	-2.042400e+04
9.689713e+03	-1.223600e+04
9.690094e+03	-1.634400e+04
9.690475e+03	-3.272800e+04
9.690857e+03	1.234000e+04
9.691238e+03	1.644100e+04
9.691620e+03	4.147000e+03
9.692001e+03	-4.052000e+03
9.692383e+03	-8.135000e+03
9.692764e+03	-3.271300e+04
9.693146e+03	-2.861700e+04
9.693527e+03	-4.038000e+03
9.693909e+03	-8.143000e+03
9.694290e+03	2.462200e+04
9.694672e+03	1.234900e+04
9.695053e+03	-2.861300e+04
9.695435e+03	1.643500e+04
9.695816e+03	-1.224200e+04
9.696198e+03	5.700000e+01
9.696579e+03	-1.222400e+04
9.696960e+03	1.235400e+04
9.697342e+03	-1.632400e+04
9.697723e+03	-8.152000e+03
9.698105e+03	1.643900e+04
9.698486e+03	-8.133000e+03
9.698868e+03	-2.042300e+04
9.699249e+03	2.054200e+04
9.699631e+03	-2.451600e+04
9.700012e+03	1.231900e+04
9.700394e+03	4.156000e+03
9.700775e+03	4.156000e+03
9.701157e+03	8.222000e+03
9.701538e+03	1.234700e+04
9.701920e+03	1.644000e+04
9.702301e+03	-8.131000e+03
9.702683e+03	2.464700e+04
9.703064e+03	1.235800e+04
9.703445e+03	4.155000e+03
9.703827e+03	-2.452400e+04
9.704208e+03	-1.635900e+04
9.704590e+03	-1.223400e+04
9.704971e+03	-4.033000e+03
9.705353e+03	2.464000e+04
9.705734e+03	1.644800e+04
9.706116e+03	8.249000e+03
9.706497e+03	2.052000e+04
9.706879e+03	-2.451800e+04
9.707260e+03	-3.271000e+04
9.707642e+03	-1.632500e+04
9.708023e+03	2.054100e+04
9.708405e+03	5.500000e+01
9.708786e+03	2.053300e+04
9.709167e+03	4.148000e+03
9.709549e+03	-2.045500e+04
9.709930e+03	-3.271200e+04
9.710312e+03	2.054100e+04
9.710693e+03	1.644000e+04
9.711075e+03	-1.633700e+04
9.711456e+03	-2.043000e+04
9.711838e+03	8.241000e+03
9.712219e+03	4.166000e+03
9.712601e+03	-1.630600e+04
9.712982e+03	-8.114000e+03
9.713364e+03	2.874200e+04
9.713745e+03	-8.143000e+03
9.714127e+03	-8.133000e+03
9.714508e+03	2.053300e+04
9.714890e+03	-3.271900e+04
9.715271e+03	-3.270500e+04
9.715652e+03	2.054200e+04
9.716034e+03	-4.054000e+03
9.716415e+03	5.300000e+01
9.716797e+03	-2.861400e+04
9.717178e+03	1.233500e+04
9.717560e+03	-1.222600e+04
9.717941e+03	-2.041000e+04
9.718323e+03	6.900000e+01
9.718704e+03	-3.271000e+04
9.719086e+03	1.642700e+04
9.719467e+03	-2.860800e+04
9.719849e+03	2.874200e+04
9.720230e+03	-1.221800e+04
9.720612e+03	-3.269700e+04
9.720993e+03	2.055000e+04
9.721375e+03	1.644700e+04
9.721756e+03	-3.273800e+04
9.722137e+03	-8.138000e+03
9.722519e+03	-2.042000e+04
9.722900e+03	4.164000e+03
9.723282e+03	8.262000e+03
9.723663e+03	-8.131000e+03
9.724045e+03	4.157000e+03
9.724426e+03	-2.860100e+04
9.724808e+03	2.464500e+04
9.725189e+03	-1.631700e+04
9.725571e+03	2.465100e+04
9.725952e+03	2.873800e+04
9.726334e+03	2.055300e+04
9.726715e+03	-3.267800e+04
9.727097e+03	9.600000e+01
9.727478e+03	1.647800e+04
9.727860e+03	-4.011000e+03
9.728241e+03	6.600000e+01
9.728622e+03	1.645500e+04
9.729004e+03	2.874400e+04
9.729385e+03	8.261000e+03
9.729767e+03	2.464200e+04
9.730148e+03	-2.862500e+04
9.730530e+03	1.235100e+04
9.730911e+03	-8.125000e+03
9.731293e+03	-2.043200e+04
9.731674e+03	2.463600e+04
9.732056e+03	-3.269900e+04
9.732437e+03	-3.270400e+04
9.732819e+03	-2.042400e+04
9.733200e+03	-2.041500e+04
9.733582e+03	-1.631800e+04
9.733963e+03	1.644800e+04
9.734344e+03	-2.451200e+04
9.734726e+03	-2.860500e+04
9.735107e+03	-8.125000e+03
9.735489e+03	-8.125000e+03
9.735870e+03	-2.451700e+04
9.736252e+03	5.800000e+01
9.736633e+03	-1.222000e+04
9.737015e+03	-2.450900e+04
9.737396e+03	1.234600e+04
9.737778e+03	-2.861700e+04
9.738159e+03	1.642500e+04
9.738541e+03	-4.042000e+03
9.738922e+03	4.158000e+03
9.739304e+03	4.156000e+03
9.739685e+03	4.160000e+03
9.740067e+03	-2.451600e+04
9.740448e+03	-2.452100e+04
9.740829e+03	1.645400e+04
9.741211e+03	-2.450700e+04
9.741592e+03	2.463500e+04
9.741974e+03	-1.631700e+04
9.742355e+03	-2.041200e+04
9.742737e+03	-2.861800e+04
9.743118e+03	8.243000e+03
9.743500e+03	2.873300e+04
9.743881e+03	4.153000e+03
9.744263e+03	-1.633400e+04
9.744644e+03	4.142000e+03
9.745026e+03	-4.051000e+03
9.745407e+03	2.462100e+04
9.745789e+03	1.643300e+04
9.746170e+03	-2.042500e+04
9.746552e+03	-2.042400e+04
9.746933e+03	4.148000e+03
9.747314e+03	-8.163000e+03
9.747696e+03	-4.057000e+03
9.748077e+03	-1.635900e+04
9.748459e+03	8.247000e+03
9.748840e+03	-4.030000e+03
9.749222e+03	-1.222100e+04
9.749603e+03	5.800000e+01
9.749985e+03	2.052700e+04
9.750366e+03	1.235200e+04
9.750748e+03	-2.041300e+04
9.751129e+03	1.235400e+04
9.751511e+03	-4.034000e+03
9.751892e+03	1.644500e+04
9.752274e+03	2.464000e+04
9.752655e+03	6.600000e+01
9.753037e+03	2.463700e+04
9.753418e+03	-2.042900e+04
9.753799e+03	-2.041700e+04
9.754181e+03	1.235300e+04
9.754562e+03	-2.861000e+04
9.754944e+03	-8.126000e+03
9.755325e+03	2.874200e+04
9.755707e+03	-8.130000e+03
9.756088e+03	-2.042700e+04
9.756470e+03	8.254000e+03
9.756851e+03	-2.451600e+04
9.757233e+03	-2.041400e+04
9.757614e+03	4.163000e+03
9.757996e+03	-2.862300e+04
9.758377e+03	4.164000e+03
9.758759e+03	2.055400e+04
9.759140e+03	7.000000e+01
9.759521e+03	4.157000e+03
9.759903e+03	-2.861600e+04
9.760284e+03	-1.223400e+04
9.760666e+03	1.643200e+04
9.761047e+03	-2.042300e+04
9.761429e+03	1.235400e+04
9.761810e+03	-1.632100e+04
9.762192e+03	-1.223500e+04
9.762573e+03	1.644700e+04
9.762955e+03	-3.271300e+04
9.763336e+03	1.643900e+04
9.763718e+03	6.600000e+01
9.764099e+03	-2.861700e+04
9.764481e+03	2.053700e+04
9.764862e+03	2.054800e+04
9.765244e+03	-3.270700e+04
9.765625e+03	-1.632800e+04
9.766006e+03	2.464300e+04
9.766388e+03	-2.041400e+04
9.766769e+03	2.873000e+04
9.767151e+03	8.252000e+03
9.767532e+03	8.262000e+03
9.767914e+03	-1.221800e+04
9.768295e+03	-2.861000e+04
9.768677e+03	2.462900e+04
9.769058e+03	8.253000e+03
9.769440e+03	-2.861000e+04
9.769821e+03	-1.223500e+04
9.770203e+03	-4.035000e+03
9.770584e+03	8.261000e+03
9.770966e+03	-1.631800e+04
9.771347e+03	4.165000e+03
9.771729e+03	-8.122000e+03
9.772110e+03	4.153000e+03
9.772491e+03	2.871700e+04
9.772873e+03	8.231000e+03
9.773254e+03	-1.222600e+04
9.773636e+03	-1.631600e+04
9.774017e+03	5.200000e+01
9.774399e+03	2.056500e+04
9.774780e+03	-2.857900e+04
9.775162e+03	-3.267600e+04
9.775543e+03	-1.220600e+04
9.775925e+03	4.149000e+03
9.776306e+03	-3.272100e+04
9.776688e+03	-8.147000e+03
9.777069e+03	-2.042000e+04
9.777451e+03	-3.271500e+04
9.777832e+03	8.260000e+03
9.778214e+03	-8.121000e+03
9.778595e+03	-2.451500e+04
9.778976e+03	-4.047000e+03
9.779358e+03	-2.041900e+04
9.779739e+03	-3.270000e+04
9.780121e+03	-2.041000e+04
9.780502e+03	-2.451200e+04
9.780884e+03	1.643300e+04
9.781265e+03	-4.062000e+03
9.781647e+03	-3.271100e+04
9.782028e+03	2.873300e+04
9.782410e+03	2.051400e+04
9.782791e+03	2.873800e+04
9.783173e+03	-1.221500e+04
9.783554e+03	2.464400e+04
9.783936e+03	1.641500e+04
9.784317e+03	2.053800e+04
9.784698e+03	-1.222900e+04
9.785080e+03	8.231000e+03
9.785461e+03	1.234100e+04
9.785843e+03	2.463200e+04
9.786224e+03	8.240000e+03
9.786606e+03	-3.270600e+04
9.786987e+03	1.235300e+04
9.787369e+03	-3.270800e+04
9.787750e+03	4.165000e+03
9.788132e+03	1.235700e+04
9.788513e+03	-1.632300e+04
9.788895e+03	-2.041500e+04
9.789276e+03	-2.860700e+04
9.789658e+03	2.053300e+04
9.790039e+03	-2.042700e+04
9.790421e+03	-8.139000e+03
9.790802e+03	5.500000e+01
9.791183e+03	-2.451300e+04
9.791565e+03	-2.041700e+04
9.791946e+03	1.644800e+04
9.792328e+03	-3.270300e+04
9.792709e+03	2.873000e+04
9.793091e+03	-2.861900e+04
9.793472e+03	1.235500e+04
9.793854e+03	2.055100e+04
9.794235e+03	-1.632000e+04
9.794617e+03	2.869800e+04
9.794998e+03	2.464000e+04
9.795380e+03	-2.860400e+04
9.795761e+03	6.500000e+01
9.796143e+03	-3.270600e+04
9.796524e+03	1.235200e+04
9.796906e+03	2.873100e+04
9.797287e+03	-8.150000e+03
9.797668e+03	-3.271700e+04
9.798050e+03	-2.042400e+04
9.798431e+03	-2.451300e+04
9.798813e+03	-2.860400e+04
9.799194e+03	-2.450700e+04
9.799576e+03	1.644800e+04
9.799957e+03	-2.452400e+04
9.800339e+03	-2.452800e+04
9.800720e+03	-2.860700e+04
9.801102e+03	1.645000e+04
9.801483e+03	5.900000e+01
9.801865e+03	-2.861200e+04
9.802246e+03	1.235300e+04
9.802628e+03	-2.041800e+04
9.803009e+03	-8.132000e+03
9.803391e+03	1.644800e+04
9.803772e+03	1.235500e+04
9.804153e+03	2.873500e+04
9.804535e+03	5.600000e+01
9.804916e+03	2.054000e+04
9.805298e+03	-3.271000e+04
9.805679e+03	1.233600e+04
9.806061e+03	-4.062000e+03
9.806442e+03	-1.222400e+04
9.806824e+03	7.100000e+01
9.807205e+03	1.235300e+04
9.807587e+03	2.052400e+04
9.807968e+03	-1.631800e+04
9.808350e+03	-1.631700e+04
9.808731e+03	-8.126000e+03
9.809113e+03	-2.041500e+04
9.809494e+03	8.245000e+03
9.809875e+03	-1.632400e+04
9.810257e+03	2.055100e+04
9.810638e+03	-8.120000e+03
9.811020e+03	2.054900e+04
9.811401e+03	2.464100e+04
9.811783e+03	4.164000e+03
9.812164e+03	-1.222500e+04
9.812546e+03	-2.042400e+04
9.812927e+03	-1.221800e+04
9.813309e+03	4.166000e+03
9.813690e+03	2.463200e+04
9.814072e+03	-1.221900e+04
9.814453e+03	-2.450400e+04
9.814835e+03	-1.632200e+04
9.815216e+03	-8.187000e+03
9.815598e+03	2.872300e+04
9.815979e+03	1.234000e+04
9.816360e+03	1.643800e+04
9.816742e+03	-1.632500e+04
9.817123e+03	-2.042300e+04
9.817505e+03	-1.224900e+04
9.817886e+03	-3.270500e+04
9.818268e+03	-4.030000e+03
9.818649e+03	1.234500e+04
9.819031e+03	-2.863000e+04
9.819412e+03	8.249000e+03
9.819794e+03	2.873200e+04
9.820175e+03	-4.033000e+03
9.820557e+03	2.873000e+04
9.820938e+03	8.257000e+03
9.821320e+03	4.170000e+03
9.821701e+03	-1.222200e+04
9.822083e+03	-3.270800e+04
9.822464e+03	-2.859300e+04
9.822845e+03	-1.630300e+04
9.823227e+03	-2.450400e+04
9.823608e+03	2.462800e+04
9.823990e+03	2.463800e+04
9.824371e+03	-2.043400e+04
9.824753e+03	2.464500e+04
9.825134e+03	-4.024000e+03
9.825516e+03	-2.451600e+04
9.825897e+03	-3.270500e+04
9.826279e+03	-2.860300e+04
9.826660e+03	1.235000e+04
9.827042e+03	2.462700e+04
9.827423e+03	1.234200e+04
9.827805e+03	-2.042500e+04
9.828186e+03	-4.033000e+03
9.828568e+03	4.162000e+03
9.828949e+03	-1.632500e+04
9.829330e+03	8.241000e+03
9.829712e+03	1.234400e+04
9.830093e+03	-4.037000e+03
9.830475e+03	-2.451300e+04
9.830856e+03	-2.450900e+04
9.831238e+03	1.644800e+04
9.831619e+03	-2.863800e+04
9.832001e+03	-1.632400e+04
9.832382e+03	1.235600e+04
9.832764e+03	2.054800e+04
9.833145e+03	4.161000e+03
9.833527e+03	-8.136000e+03
9.833908e+03	-8.150000e+03
9.834290e+03	-8.137000e+03
9.834671e+03	-8.127000e+03
9.835053e+03	8.261000e+03
9.835434e+03	-2.041500e+04
9.835815e+03	-4.035000e+03
9.836197e+03	8.247000e+03
9.836578e+03	-1.635400e+04
9.836960e+03	2.462800e+04
9.837341e+03	-8.144000e+03
9.837723e+03	-8.149000e+03
9.838104e+03	8.252000e+03
9.838486e+03	-2.861700e+04
9.838867e+03	-3.272300e+04
9.839249e+03	2.872700e+04
9.839630e+03	-1.222500e+04
9.840012e+03	4.168000e+03
9.840393e+03	-3.269600e+04
9.840775e+03	6.500000e+01
9.841156e+03	4.300000e+01
9.841537e+03	1.642000e+04
9.841919e+03	2.872600e+04
9.842300e+03	6.200000e+01
9.842682e+03	2.054300e+04
9.843063e+03	4.164000e+03
9.843445e+03	2.055300e+04
9.843826e+03	-2.040900e+04
9.844208e+03	-3.270500e+04
9.844589e+03	-3.272200e+04
9.844971e+03	-1.633300e+04
9.845352e+03	-8.137000e+03
9.845734e+03	1.234800e+04
9.846115e+03	8.252000e+03
9.846497e+03	-3.271500e+04
9.846878e+03	1.233700e+04
9.847260e+03	2.054200e+04
9.847641e+03	-3.270300e+04
9.848022e+03	-2.451500e+04
9.848404e+03	-4.042000e+03
9.848785e+03	-3.271200e+04
9.849167e+03	5.800000e+01
9.849548e+03	-4.040000e+03
9.849930e+03	2.872800e+04
9.850311e+03	1.233700e+04
9.850693e+03	1.233500e+04
9.851074e+03	-4.037000e+03
9.851456e+03	2.054200e+04
9.851837e+03	-1.632500e+04
9.852219e+03	-4.037000e+03
9.852600e+03	-1.632400e+04
9.852982e+03	-1.632400e+04
9.853363e+03	2.872300e+04
9.853745e+03	-3.273200e+04
9.854126e+03	5.800000e+01
9.854507e+03	6.200000e+01
9.854889e+03	2.873100e+04
9.855270e+03	8.247000e+03
9.855652e+03	5.000000e+01
9.856033e+03	2.052800e+04
9.856415e+03	1.232600e+04
9.856796e+03	-3.274300e+04
9.857178e+03	-3.272800e+04
9.857559e+03	-1.635000e+04
9.857941e+03	-1.224200e+04
9.858322e+03	-4.038000e+03
9.858704e+03	1.234800e+04
9.859085e+03	1.643300e+04
9.859467e+03	8.244000e+03
9.859848e+03	-2.042100e+04
9.860230e+03	-8.134000e+03
9.860611e+03	-8.128000e+03
9.860992e+03	-1.222400e+04
9.861374e+03	-1.223900e+04
9.861755e+03	2.873100e+04
9.862137e+03	-8.127000e+03
9.862518e+03	5.900000e+01
9.862900e+03	-1.222900e+04
9.863281e+03	-3.270000e+04
9.863663e+03	1.645200e+04
9.864044e+03	-2.041700e+04
9.864426e+03	1.643400e+04
9.864807e+03	-2.862300e+04
9.865189e+03	2.463800e+04
9.865570e+03	2.054100e+04
9.865952e+03	-2.451700e+04
9.866333e+03	-1.222400e+04
9.866714e+03	-8.130000e+03
9.867096e+03	-1.223500e+04
9.867477e+03	4.700000e+01
9.867859e+03	5.800000e+01
9.868240e+03	-2.450600e+04
9.868622e+03	-1.221300e+04
9.869003e+03	8.266000e+03
9.869385e+03	8.255000e+03
9.869766e+03	-1.632700e+04
9.870148e+03	1.235200e+04
9.870529e+03	-2.451900e+04
9.870911e+03	1.642400e+04
9.871292e+03	5.300000e+01
9.871674e+03	1.233800e+04
9.872055e+03	-1.223800e+04
9.872437e+03	-3.270900e+04
9.872818e+03	2.873300e+04
9.873199e+03	8.255000e+03
9.873581e+03	8.257000e+03
9.873962e+03	-2.861300e+04
9.874344e+03	-1.223900e+04
9.874725e+03	1.234400e+04
9.875107e+03	5.800000e+01
9.875488e+03	4.140000e+03
9.875870e+03	1.234400e+04
9.876251e+03	-2.451200e+04
9.876633e+03	4.163000e+03
9.877014e+03	-8.125000e+03
9.877396e+03	-8.124000e+03
9.877777e+03	2.054500e+04
9.878159e+03	-1.633200e+04
9.878540e+03	-8.142000e+03
9.878922e+03	-8.127000e+03
9.879303e+03	-4.031000e+03
9.879684e+03	-2.452300e+04
9.880066e+03	-1.634600e+04
9.880447e+03	-1.223500e+04
9.880829e+03	5.800000e+01
9.881210e+03	6.100000e+01
9.881592e+03	1.644400e+04
9.881973e+03	2.463400e+04
9.882355e+03	-1.223200e+04
9.882736e+03	1.233300e+04
9.883118e+03	-1.224800e+04
9.883499e+03	1.234400e+04
9.883881e+03	-1.222600e+04
9.884262e+03	-2.451200e+04
9.884644e+03	-1.222500e+04
9.885025e+03	-2.861400e+04
9.885407e+03	5.400000e+01
9.885788e+03	4.158000e+03
9.886169e+03	2.054600e+04
9.886551e+03	8.255000e+03
9.886932e+03	1.234300e+04
9.887314e+03	8.247000e+03
9.887695e+03	-1.223700e+04
9.888077e+03	-1.226100e+04
9.888458e+03	8.244000e+03
9.888840e+03	4.150000e+03
9.889221e+03	4.152000e+03
9.889603e+03	2.464000e+04
9.889984e+03	8.256000e+03
9.890366e+03	4.149000e+03
9.890747e+03	2.872400e+04
9.891129e+03	-1.223200e+04
9.891510e+03	2.872700e+04
9.891891e+03	-1.223600e+04
9.892273e+03	-4.048000e+03
9.892654e+03	-3.271000e+04
9.893036e+03	2.054100e+04
9.893417e+03	-4.030000e+03
9.893799e+03	-3.269500e+04
9.894180e+03	-1.221500e+04
9.894562e+03	4.161000e+03
9.894943e+03	-1.632700e+04
9.895325e+03	-3.271200e+04
9.895706e+03	1.643100e+04
9.896088e+03	-1.632600e+04
9.896469e+03	-2.452200e+04
9.896851e+03	-1.225400e+04
9.897232e+03	2.053900e+04
9.897614e+03	-2.042200e+04
9.897995e+03	-8.145000e+03
9.898376e+03	-4.042000e+03
9.898758e+03	-1.632800e+04
9.899139e+03	5.500000e+01
9.899521e+03	-4.038000e+03
9.899902e+03	-2.860900e+04
9.900284e+03	2.054800e+04
9.900665e+03	-2.041000e+04
9.901047e+03	-2.860200e+04
9.901428e+03	1.235500e+04
9.901810e+03	1.234700e+04
9.902191e+03	2.053300e+04
9.902573e+03	8.251000e+03
9.902954e+03	2.054400e+04
9.903336e+03	1.644900e+04
9.903717e+03	2.053700e+04
9.904099e+03	8.219000e+03
9.904480e+03	-1.632600e+04
9.904861e+03	8.253000e+03
9.905243e+03	1.234400e+04
9.905624e+03	-4.046000e+03
9.906006e+03	-2.861800e+04
9.906387e+03	-1.632500e+04
9.906769e+03	-4.037000e+03
9.907150e+03	4.154000e+03
9.907532e+03	-2.861600e+04
9.907913e+03	2.872100e+04
9.908295e+03	-2.452800e+04
9.908676e+03	-2.861900e+04
9.909058e+03	-2.862600e+04
9.909439e+03	-2.863600e+04
9.909821e+03	2.872800e+04
9.910202e+03	-1.632100e+04
9.910584e+03	4.166000e+03
9.910965e+03	1.236100e+04
9.911346e+03	-3.269600e+04
9.911728e+03	2.464000e+04
9.912109e+03	1.233100e+04
9.912491e+03	-1.222900e+04
9.912872e+03	-1.632200e+04
9.913254e+03	-2.042100e+04
9.913635e+03	-2.451900e+04
9.914017e+03	2.463900e+04
9.914398e+03	-2.451000e+04
9.914780e+03	6.200000e+01
9.915161e+03	-3.273000e+04
9.915543e+03	2.464000e+04
9.915924e+03	-2.860700e+04
9.916306e+03	-2.042200e+04
9.916687e+03	-4.027000e+03
9.917068e+03	2.464900e+04
9.917450e+03	-3.270200e+04
9.917831e+03	-2.860700e+04
9.918213e+03	7.500000e+01
9.918594e+03	2.465000e+04
9.918976e+03	-2.860900e+04
9.919357e+03	-4.044000e+03
9.919739e+03	1.234600e+04
9.920120e+03	1.300000e+01
9.920502e+03	-1.223400e+04
9.920883e+03	1.234500e+04
9.921265e+03	-3.271100e+04
9.921646e+03	-2.041400e+04
9.922028e+03	-8.129000e+03
9.922409e+03	8.224000e+03
9.922791e+03	6.300000e+01
9.923172e+03	8.258000e+03
9.923553e+03	2.872500e+04
9.923935e+03	2.052700e+04
9.924316e+03	-4.034000e+03
9.924698e+03	4.161000e+03
9.925079e+03	2.873800e+04
9.925461e+03	-1.222400e+04
9.925842e+03	4.153000e+03
9.926224e+03	-3.272800e+04
9.926605e+03	-2.041800e+04
9.926987e+03	1.235100e+04
9.927368e+03	-2.451600e+04
9.927750e+03	4.162000e+03
9.928131e+03	-2.450700e+04
9.928513e+03	-1.631600e+04
9.928894e+03	-2.451000e+04
9.929276e+03	8.255000e+03
9.929657e+03	6.000000e+01
9.930038e+03	2.872900e+04
9.930420e+03	1.644700e+04
9.930801e+03	-4.034000e+03
9.931183e+03	-1.225900e+04
9.931564e+03	8.256000e+03
9.931946e+03	-2.041000e+04
9.932327e+03	2.873700e+04
9.932709e+03	-8.141000e+03
9.933090e+03	1.643800e+04
9.933472e+03	2.873100e+04
9.933853e+03	2.464100e+04
9.934235e+03	-2.041700e+04
9.934616e+03	1.643600e+04
9.934998e+03	1.642400e+04
9.935379e+03	2.700000e+01
9.935761e+03	-4.063000e+03
9.936142e+03	1.000000e+00
9.936523e+03	2.053100e+04
9.936905e+03	2.873300e+04
9.937286e+03	6.300000e+01
9.937668e+03	-2.861000e+04
9.938049e+03	-1.223500e+04
9.938431e+03	2.871000e+04
9.938812e+03	-2.451900e+04
9.939194e+03	-3.271700e+04
9.939575e+03	-8.147000e+03
9.939957e+03	1.644600e+04
9.940338e+03	4.152000e+03
9.940720e+03	-2.043500e+04
9.941101e+03	1.644500e+04
9.941483e+03	2.463700e+04
9.941864e+03	8.249000e+03
9.942245e+03	4.159000e+03
9.942627e+03	-2.450900e+04
9.943008e+03	-1.222200e+04
9.943390e+03	2.054300e+04
9.943771e+03	-8.125000e+03
9.944153e+03	2.464100e+04
9.944534e+03	1.643500e+04
9.944916e+03	-2.043400e+04
9.945297e+03	2.459700e+04
9.945679e+03	-1.222500e+04
9.946060e+03	-3.269800e+04
9.946442e+03	1.645000e+04
9.946823e+03	1.235200e+04
9.947205e+03	1.645100e+04
9.947586e+03	-2.042000e+04
9.947968e+03	2.053800e+04
9.948349e+03	-2.451400e+04
9.948730e+03	2.053900e+04
9.949112e+03	-8.130000e+03
9.949493e+03	-3.270500e+04
9.949875e+03	-3.271200e+04
9.950256e+03	2.871600e+04
9.950638e+03	4.300000e+01
9.951019e+03	1.233500e+04
9.951401e+03	-8.148000e+03
9.951782e+03	2.051100e+04
9.952164e+03	2.461800e+04
9.952545e+03	-2.452300e+04
9.952927e+03	-3.270400e+04
9.953308e+03	-2.041500e+04
9.953690e+03	-1.632700e+04
9.954071e+03	-1.632700e+04
9.954453e+03	1.644600e+04
9.954834e+03	-4.042000e+03
9.955215e+03	2.051900e+04
9.955597e+03	-2.452000e+04
9.955978e+03	4.154000e+03
9.956360e+03	-2.862500e+04
9.956741e+03	4.153000e+03
9.957123e+03	-3.270400e+04
9.957504e+03	2.873500e+04
9.957886e+03	-4.038000e+03
9.958267e+03	-8.126000e+03
9.958649e+03	-4.024000e+03
9.959030e+03	-3.269500e+04
9.959412e+03	-2.041100e+04
9.959793e+03	2.872500e+04
9.960175e+03	-4.046000e+03
9.960556e+03	-2.041300e+04
9.960938e+03	2.055000e+04
9.961319e+03	-8.125000e+03
9.961700e+03	-8.127000e+03
9.962082e+03	4.160000e+03
9.962463e+03	8.253000e+03
9.962845e+03	8.253000e+03
9.963226e+03	4.153000e+03
9.963608e+03	-1.632500e+04
9.963989e+03	2.054700e+04
9.964371e+03	-8.125000e+03
9.964752e+03	1.234900e+04
9.965134e+03	-3.271400e+04
9.965515e+03	1.645100e+04
9.965897e+03	2.055300e+04
9.966278e+03	1.645700e+04
9.966660e+03	-2.860300e+04
9.967041e+03	-1.222500e+04
9.967422e+03	-4.041000e+03
9.967804e+03	-2.042900e+04
9.968185e+03	2.052700e+04
9.968567e+03	1.642800e+04
9.968948e+03	-3.271800e+04
9.969330e+03	2.052100e+04
9.969711e+03	-2.454200e+04
9.970093e+03	1.233300e+04
9.970474e+03	2.460900e+04
9.970856e+03	-2.043500e+04
9.971237e+03	-3.271700e+04
9.971619e+03	-2.861300e+04
9.972000e+03	1.644400e+04
9.972382e+03	4.156000e+03
9.972763e+03	7.000000e+01
9.973145e+03	-4.025000e+03
9.973526e+03	-8.134000e+03
9.973907e+03	2.462100e+04
9.974289e+03	4.154000e+03
9.974670e+03	-1.632700e+04
9.975052e+03	2.873800e+04
9.975433e+03	-1.222300e+04
9.975815e+03	2.463400e+04
9.976196e+03	-2.451100e+04
9.976578e+03	4.162000e+03
9.976959e+03	-2.861300e+04
9.977341e+03	-4.034000e+03
9.977722e+03	-3.270900e+04
9.978104e+03	2.872100e+04
9.978485e+03	1.233800e+04
9.978867e+03	-4.053000e+03
9.979248e+03	5.500000e+01
9.979630e+03	5.500000e+01
9.980011e+03	-8.154000e+03
9.980392e+03	-8.127000e+03
9.980774e+03	-3.269300e+04
9.981155e+03	-2.449900e+04
9.981537e+03	-1.221600e+04
9.981918e+03	-2.451600e+04
9.982300e+03	-2.861900e+04
9.982681e+03	-2.862100e+04
9.983063e+03	1.640000e+04
9.983444e+03	-1.225100e+04
9.983826e+03	-2.862600e+04
9.984207e+03	-4.030000e+03
9.984589e+03	1.645700e+04
9.984970e+03	2.464900e+04
9.985352e+03	-1.222000e+04
9.985733e+03	8.252000e+03
9.986115e+03	2.873000e+04
9.986496e+03	-8.129000e+03
9.986877e+03	2.464200e+04
9.987259e+03	2.464300e+04
9.987640e+03	6.700000e+01
9.988022e+03	-1.631800e+04
9.988403e+03	8.256000e+03
9.988785e+03	-8.132000e+03
9.989166e+03	-3.271300e+04
9.989548e+03	-8.138000e+03
9.989929e+03	-2.042400e+04
9.990311e+03	-2.861700e+04
9.990692e+03	-2.042500e+04
9.991074e+03	-8.141000e+03
9.991455e+03	1.400000e+01
9.991837e+03	-3.271100e+04
9.992218e+03	-1.631800e+04
9.992599e+03	-3.270200e+04
9.992981e+03	-2.452100e+04
9.993362e+03	1.641700e+04
9.993744e+03	-1.223300e+04
9.994125e+03	4.156000e+03
9.994507e+03	1.644300e+04
9.994888e+03	-8.133000e+03
9.995270e+03	-1.222800e+04
9.995651e+03	-1.222600e+04
9.996033e+03	1.235200e+04
9.996414e+03	-1.222400e+04
9.996796e+03	1.644600e+04
9.997177e+03	5.800000e+01
9.997559e+03	-8.143000e+03
9.997940e+03	-2.454200e+04
9.998322e+03	1.000000e+00
9.998703e+03	5.000000e+01
9.999084e+03	-2.041600e+04
9.999466e+03	-8.122000e+03
9.999847e+03	-3.269800e+04
1.000023e+04	-3.270400e+04
1.000061e+04	-2.042700e+04
1.000099e+04	2.461800e+04
1.000137e+04	2.870900e+04
1.000175e+04	-1.224000e+04
1.000214e+04	2.872900e+04
1.000252e+04	-1.632700e+04
1.000290e+04	-8.143000e+03
1.000328e+04	2.872600e+04
1.000366e+04	2.463200e+04
1.000404e+04	1.234200e+04
1.000443e+04	-2.451600e+04
1.000481e+04	-2.042000e+04
1.000519e+04	1.234500e+04
1.000557e+04	8.257000e+03
1.000595e+04	-3.269300e+04
1.000633e+04	-1.630000e+04
1.000671e+04	2.056900e+04
1.000710e+04	8.700000e+01
1.000748e+04	-2.859900e+04
1.000786e+04	-2.451600e+04
1.000824e+04	1.236300e+04
1.000862e+04	8.262000e+03
1.000900e+04	-1.632600e+04
1.000938e+04	8.257000e+03
1.000977e+04	-3.270700e+04
1.001015e+04	4.143000e+03
1.001053e+04	-2.862400e+04
1.001091e+04	-2.452100e+04
1.001129e+04	8.247000e+03
1.001167e+04	-2.452200e+04
1.001205e+04	2.464300e+04
1.001244e+04	4.166000e+03
1.001282e+04	-1.632600e+04
1.001320e+04	6.100000e+01
1.001358e+04	-1.630500e+04
1.001396e+04	-8.109000e+03
1.001434e+04	2.465600e+04
1.001472e+04	-8.126000e+03
1.001511e+04	-4.028000e+03
1.001549e+04	4.169000e+03
1.001587e+04	2.054700e+04
1.001625e+04	8.266000e+03
1.001663e+04	-4.019000e+03
1.001701e+04	1.645500e+04
1.001740e+04	6.800000e+01
1.001778e+04	-3.269400e+04
1.001816e+04	-1.221900e+04
1.001854e+04	2.053300e+04
1.001892e+04	-4.039000e+03
1.001930e+04	-3.272100e+04
1.001968e+04	-2.043100e+04
1.002007e+04	-2.042200e+04
1.002045e+04	8.242000e+03
1.002083e+04	-1.633900e+04
1.002121e+04	2.462600e+04
1.002159e+04	-1.634200e+04
1.002197e+04	-4.038000e+03
1.002235e+04	-4.027000e+03
1.002274e+04	-2.859900e+04
1.002312e+04	-2.041200e+04
1.002350e+04	2.461900e+04
1.002388e+04	-3.271300e+04
1.002426e+04	-1.633200e+04
1.002464e+04	-1.222300e+04
1.002502e+04	-8.121000e+03
1.002541e+04	-2.451300e+04
1.002579e+04	2.464100e+04
1.002617e+04	2.465100e+04
1.002655e+04	2.874300e+04
1.002693e+04	-8.158000e+03
1.002731e+04	-1.222500e+04
1.002769e+04	2.463800e+04
1.002808e+04	-2.863900e+04
1.002846e+04	-8.128000e+03
1.002884e+04	2.463700e+04
1.002922e+04	-1.633000e+04
1.002960e+04	-2.041400e+04
1.002998e+04	1.645000e+04
1.003037e+04	4.148000e+03
1.003075e+04	2.872000e+04
1.003113e+04	8.252000e+03
1.003151e+04	-1.632100e+04
1.003189e+04	4.158000e+03
1.003227e+04	-1.633600e+04
1.003265e+04	2.462800e+04
1.003304e+04	4.150000e+03
1.003342e+04	-2.863400e+04
1.003380e+04	2.053800e+04
1.003418e+04	-3.270500e+04
1.003456e+04	1.644300e+04
1.003494e+04	1.645100e+04
1.003532e+04	-1.221600e+04
1.003571e+04	2.055100e+04
1.003609e+04	-1.222900e+04
1.003647e+04	-2.453400e+04
1.003685e+04	2.053800e+04
1.003723e+04	1.644400e+04
1.003761e+04	2.873300e+04
1.003799e+04	-4.032000e+03
1.003838e+04	-2.041500e+04
1.003876e+04	-2.861400e+04
1.003914e+04	-2.452400e+04
1.003952e+04	-1.632300e+04
1.003990e+04	2.873000e+04
1.004028e+04	1.000000e+00
1.004066e+04	8.250000e+03
1.004105e+04	-1.222700e+04
1.004143e+04	5.300000e+01
1.004181e+04	4.137000e+03
1.004219e+04	2.462900e+04
1.004257e+04	-2.860900e+04
1.004295e+04	-8.127000e+03
1.004333e+04	-4.032000e+03
1.004372e+04	6.000000e+01
1.004410e+04	2.872200e+04
1.004448e+04	-8.135000e+03
1.004486e+04	6.000000e+01
1.004524e+04	-2.045300e+04
1.004562e+04	1.234900e+04
1.004601e+04	-1.631500e+04
1.004639e+04	-2.860700e+04
1.004677e+04	-4.048000e+03
1.004715e+04	-2.862300e+04
1.004753e+04	2.462400e+04
1.004791e+04	1.233000e+04
1.004829e+04	-8.180000e+03
1.004868e+04	-2.862000e+04
1.004906e+04	2.463100e+04
1.004944e+04	-2.043300e+04
1.004982e+04	2.873300e+04
1.005020e+04	-2.860400e+04
1.005058e+04	-1.222000e+04
1.005096e+04	1.645300e+04
1.005135e+04	1.235600e+04
1.005173e+04	2.462900e+04
1.005211e+04	2.054300e+04
1.005249e+04	-1.631600e+04
1.005287e+04	1.235800e+04
1.005325e+04	-4.026000e+03
1.005363e+04	-1.633000e+04
1.005402e+04	-1.221100e+04
1.005440e+04	1.237600e+04
1.005478e+04	2.056800e+04
1.005516e+04	2.874900e+04
1.005554e+04	8.245000e+03
1.005592e+04	-1.221800e+04
1.005630e+04	-2.860500e+04
1.005669e+04	-1.631300e+04
1.005707e+04	8.262000e+03
1.005745e+04	2.873300e+04
1.005783e+04	1.236100e+04
1.005821e+04	-2.040700e+04
1.005859e+04	-2.451900e+04
1.005898e+04	1.644300e+04
1.005936e+04	-4.028000e+03
1.005974e+04	-2.041300e+04
1.006012e+04	8.256000e+03
1.006050e+04	-2.861100e+04
1.006088e+04	5.800000e+01
1.006126e+04	2.463700e+04
1.006165e+04	-1.631300e+04
1.006203e+04	7.200000e+01
1.006241e+04	2.873300e+04
1.006279e+04	-2.451300e+04
1.006317e+04	8.257000e+03
1.006355e+04	8.250000e+03
1.006393e+04	-2.041800e+04
1.006432e+04	-8.125000e+03
1.006470e+04	2.054500e+04
1.006508e+04	8.251000e+03
1.006546e+04	-1.223300e+04
1.006584e+04	-3.270700e+04
1.006622e+04	-1.222800e+04
1.006660e+04	2.053400e+04
1.006699e+04	8.249000e+03
1.006737e+04	1.644200e+04
1.006775e+04	4.153000e+03
1.006813e+04	-2.042700e+04
1.006851e+04	-1.224100e+04
1.006889e+04	-2.861700e+04
1.006927e+04	1.644800e+04
1.006966e+04	-1.221700e+04
1.007004e+04	8.264000e+03
1.007042e+04	8.258000e+03
1.007080e+04	2.053000e+04
1.007118e+04	2.871800e+04
1.007156e+04	-2.451900e+04
1.007195e+04	2.054200e+04
1.007233e+04	-2.451400e+04
1.007271e+04	1.644300e+04
1.007309e+04	-3.271400e+04
1.007347e+04	1.235100e+04
1.007385e+04	-1.631400e+04
1.007423e+04	-2.450700e+04
1.007462e+04	1.644000e+04
1.007500e+04	-2.043500e+04
1.007538e+04	2.870100e+04
1.007576e+04	-1.222800e+04
1.007614e+04	-8.121000e+03
1.007652e+04	8.261000e+03
1.007690e+04	2.870900e+04
1.007729e+04	2.463800e+04
1.007767e+04	4.159000e+03
1.007805e+04	-4.051000e+03
1.007843e+04	1.234900e+04
1.007881e+04	-3.270300e+04
1.007919e+04	2.464200e+04
1.007957e+04	4.164000e+03
1.007996e+04	1.235100e+04
1.008034e+04	2.051900e+04
1.008072e+04	2.461800e+04
1.008110e+04	-8.153000e+03
1.008148e+04	2.052100e+04
1.008186e+04	-1.223600e+04
1.008224e+04	2.872700e+04
1.008263e+04	2.873400e+04
1.008301e+04	2.054100e+04
1.008339e+04	1.234400e+04
1.008377e+04	-2.451500e+04
1.008415e+04	-1.222800e+04
1.008453e+04	-4.042000e+03
1.008492e+04	5.200000e+01
1.008530e+04	-1.633500e+04
1.008568e+04	4.149000e+03
1.008606e+04	-2.861400e+04
1.008644e+04	1.234600e+04
1.008682e+04	-2.861600e+04
1.008720e+04	-2.451600e+04
1.008759e+04	-8.126000e+03
1.008797e+04	1.645000e+04
1.008835e+04	8.250000e+03
1.008873e+04	4.147000e+03
1.008911e+04	-3.271300e+04
1.008949e+04	-4.037000e+03
1.008987e+04	-1.632500e+04
1.009026e+04	5.800000e+01
1.009064e+04	2.463200e+04
1.009102e+04	-2.862500e+04
1.009140e+04	2.052700e+04
1.009178e+04	2.463700e+04
1.009216e+04	2.463600e+04
1.009254e+04	-1.223600e+04
1.009293e+04	-4.048000e+03
1.009331e+04	-1.633100e+04
1.009369e+04	-4.036000e+03
1.009407e+04	2.873000e+04
1.009445e+04	8.245000e+03
1.009483e+04	1.234700e+04
1.009521e+04	-3.271300e+04
1.009560e+04	2.462300e+04
1.009598e+04	-2.041900e+04
1.009636e+04	-2.041500e+04
1.009674e+04	2.464300e+04
1.009712e+04	6.600000e+01
1.009750e+04	-4.041000e+03
1.009789e+04	4.155000e+03
1.009827e+04	-4.030000e+03
1.009865e+04	4.163000e+03
1.009903e+04	-3.270600e+04
1.009941e+04	4.150000e+03
1.009979e+04	-2.044100e+04
1.010017e+04	-3.272300e+04
1.010056e+04	1.644200e+04
1.010094e+04	-8.126000e+03
1.010132e+04	6.200000e+01
1.010170e+04	-1.223800e+04
1.010208e+04	-4.022000e+03
1.010246e+04	-2.859200e+04
1.010284e+04	1.236600e+04
1.010323e+04	-4.029000e+03
1.010361e+04	-2.861300e+04
1.010399e+04	-2.451700e+04
1.010437e+04	2.463200e+04
1.010475e+04	1.235000e+04
1.010513e+04	6.000000e+01
1.010551e+04	-2.451300e+04
1.010590e+04	-8.126000e+03
1.010628e+04	2.873200e+04
1.010666e+04	1.233600e+04
1.010704e+04	-8.133000e+03
1.010742e+04	2.053300e+04
1.010780e+04	2.871400e+04
1.010818e+04	1.644400e+04
1.010857e+04	-2.041500e+04
1.010895e+04	-1.631800e+04
1.010933e+04	-1.222100e+04
1.010971e+04	-8.125000e+03
1.011009e+04	-3.270300e+04
1.011047e+04	-2.452000e+04
1.011086e+04	2.461900e+04
1.011124e+04	-4.046000e+03
1.011162e+04	-3.271600e+04
1.011200e+04	-2.862100e+04
1.011238e+04	-2.452000e+04
1.011276e+04	-3.270800e+04
1.011314e+04	5.700000e+01
1.011353e+04	-8.158000e+03
1.011391e+04	-1.224000e+04
1.011429e+04	2.872700e+04
1.011467e+04	-4.046000e+03
1.011505e+04	4.153000e+03
1.011543e+04	-4.032000e+03
1.011581e+04	-8.124000e+03
1.011620e+04	4.164000e+03
1.011658e+04	-3.270400e+04
1.011696e+04	6.100000e+01
1.011734e+04	2.873500e+04
1.011772e+04	6.400000e+01
1.011810e+04	4.160000e+03
1.011848e+04	8.256000e+03
1.011887e+04	-2.451200e+04
1.011925e+04	2.054800e+04
1.011963e+04	1.644800e+04
1.012001e+04	-8.148000e+03
1.012039e+04	2.464300e+04
1.012077e+04	1.236000e+04
1.012115e+04	1.235700e+04
1.012154e+04	-1.631000e+04
1.012192e+04	-8.116000e+03
1.012230e+04	-1.221700e+04
1.012268e+04	1.644500e+04
1.012306e+04	4.145000e+03
1.012344e+04	-3.271100e+04
1.012383e+04	8.263000e+03
1.012421e+04	-1.631300e+04
1.012459e+04	-2.860800e+04
1.012497e+04	8.238000e+03
1.012535e+04	-8.158000e+03
1.012573e+04	-4.055000e+03
1.012611e+04	-8.157000e+03
1.012650e+04	-1.634600e+04
1.012688e+04	5.500000e+01
1.012726e+04	-2.861700e+04
1.012764e+04	-2.451900e+04
1.012802e+04	1.235300e+04
1.012840e+04	2.053900e+04
1.012878e+04	1.232400e+04
1.012917e+04	6.400000e+01
1.012955e+04	-1.632700e+04
1.012993e+04	4.154000e+03
1.013031e+04	2.874500e+04
1.013069e+04	8.264000e+03
1.013107e+04	1.643500e+04
1.013145e+04	1.234600e+04
1.013184e+04	-2.042400e+04
1.013222e+04	8.239000e+03
1.013260e+04	-1.222500e+04
1.013298e+04	-2.452200e+04
1.013336e+04	-1.634000e+04
1.013374e+04	-2.861800e+04
1.013412e+04	1.642900e+04
1.013451e+04	-8.130000e+03
1.013489e+04	2.873100e+04
1.013527e+04	2.464000e+04
1.013565e+04	2.055100e+04
1.013603e+04	6.300000e+01
1.013641e+04	1.643500e+04
1.013680e+04	2.054500e+04
1.013718e+04	-2.861200e+04
1.013756e+04	-3.271200e+04
1.013794e+04	2.871900e+04
1.013832e+04	-1.632100e+04
1.013870e+04	6.800000e+01
1.013908e+04	1.233200e+04
1.013947e+04	-1.222100e+04
1.013985e+04	4.169000e+03
1.014023e+04	2.873900e+04
1.014061e+04	-3.269800e+04
1.014099e+04	2.464200e+04
1.014137e+04	2.462400e+04
1.014175e+04	2.054900e+04
1.014214e+04	1.644800e+04
1.014252e+04	1.234300e+04
1.014290e+04	1.235600e+04
1.014328e+04	-2.041700e+04
1.014366e+04	8.238000e+03
1.014404e+04	-2.043200e+04
1.014442e+04	5.800000e+01
1.014481e+04	-3.271300e+04
1.014519e+04	-1.223300e+04
1.014557e+04	-2.041000e+04
1.014595e+04	6.700000e+01
1.014633e+04	2.463700e+04
1.014671e+04	4.164000e+03
1.014709e+04	-2.043600e+04
1.014748e+04	-4.025000e+03
1.014786e+04	4.166000e+03
1.014824e+04	2.055100e+04
1.014862e+04	-4.013000e+03
1.014900e+04	-3.269500e+04
1.014938e+04	9.000000e+01
1.014977e+04	-3.266500e+04
1.015015e+04	-2.447100e+04
1.015053e+04	4.195000e+03
1.015091e+04	-4.023000e+03
1.015129e+04	-8.116000e+03
1.015167e+04	-4.023000e+03
1.015205e+04	-2.861500e+04
1.015244e+04	1.235900e+04
1.015282e+04	-8.136000e+03
1.015320e+04	4.170000e+03
1.015358e+04	-8.116000e+03
1.015396e+04	-2.860800e+04
1.015434e+04	-2.451000e+04
1.015472e+04	2.463900e+04
1.015511e+04	-8.134000e+03
1.015549e+04	4.163000e+03
1.015587e+04	6.500000e+01
1.015625e+04	1.644600e+04
1.015663e+04	5.900000e+01
1.015701e+04	-1.632800e+04
1.015739e+04	1.235000e+04
1.015778e+04	-4.038000e+03
1.015816e+04	1.641200e+04
1.015854e+04	-1.222100e+04
1.015892e+04	-1.221500e+04
1.015930e+04	2.054600e+04
1.015968e+04	5.100000e+01
1.016006e+04	-1.631300e+04
1.016045e+04	4.162000e+03
1.016083e+04	-2.862100e+04
1.016121e+04	-3.269800e+04
1.016159e+04	6.500000e+01
1.016197e+04	-1.632500e+04
1.016235e+04	4.165000e+03
1.016273e+04	-2.451900e+04
1.016312e+04	8.255000e+03
1.016350e+04	7.100000e+01
1.016388e+04	8.257000e+03
1.016426e+04	-2.863600e+04
1.016464e+04	-8.162000e+03
1.016502e+04	-2.042400e+04
1.016541e+04	-1.631700e+04
1.016579e+04	1.235600e+04
1.016617e+04	-2.042200e+04
1.016655e+04	-8.162000e+03
1.016693e+04	1.234600e+04
1.016731e+04	4.162000e+03
1.016769e+04	-2.860900e+04
1.016808e+04	-2.862100e+04
1.016846e+04	2.463300e+04
1.016884e+04	-3.271000e+04
1.016922e+04	2.872500e+04
1.016960e+04	2.871600e+04
1.016998e+04	2.871000e+04
1.017036e+04	-8.136000e+03
1.017075e+04	4.160000e+03
1.017113e+04	-3.270400e+04
1.017151e+04	-2.861800e+04
1.017189e+04	-2.862200e+04
1.017227e+04	2.873300e+04
1.017265e+04	1.644400e+04
1.017303e+04	1.233600e+04
1.017342e+04	5.800000e+01
1.017380e+04	1.235100e+04
1.017418e+04	-2.452000e+04
1.017456e+04	5.300000e+01
1.017494e+04	-2.042100e+04
1.017532e+04	8.247000e+03
1.017570e+04	1.234900e+04
1.017609e+04	-3.270100e+04
1.017647e+04	6.200000e+01
1.017685e+04	1.642300e+04
1.017723e+04	-1.224800e+04
1.017761e+04	-1.224200e+04
1.017799e+04	-1.223400e+04
1.017838e+04	-2.452300e+04
1.017876e+04	1.232300e+04
1.017914e+04	4.134000e+03
1.017952e+04	2.463000e+04
1.017990e+04	-8.128000e+03
1.018028e+04	-1.222200e+04
1.018066e+04	-3.270300e+04
1.018105e+04	2.054100e+04
1.018143e+04	2.869700e+04
1.018181e+04	6.300000e+01
1.018219e+04	7.000000e+01
1.018257e+04	-2.041800e+04
1.018295e+04	2.053600e+04
1.018333e+04	2.464000e+04
1.018372e+04	-3.271000e+04
1.018410e+04	-2.862400e+04
1.018448e+04	1.644100e+04
1.018486e+04	2.872900e+04
1.018524e+04	2.054600e+04
1.018562e+04	6.900000e+01
1.018600e+04	-2.451800e+04
1.018639e+04	2.872700e+04
1.018677e+04	-2.451300e+04
1.018715e+04	-2.042300e+04
1.018753e+04	2.871800e+04
1.018791e+04	1.234400e+04
1.018829e+04	1.234300e+04
1.018867e+04	-4.048000e+03
1.018906e+04	-1.635200e+04
1.018944e+04	-2.042600e+04
1.018982e+04	2.463800e+04
1.019020e+04	-2.861100e+04
1.019058e+04	4.145000e+03
1.019096e+04	1.644400e+04
1.019135e+04	1.235500e+04
1.019173e+04	-2.861100e+04
1.019211e+04	2.870800e+04
1.019249e+04	2.052200e+04
1.019287e+04	-3.272200e+04
1.019325e+04	4.155000e+03
1.019363e+04	-1.222800e+04
1.019402e+04	-3.272100e+04
1.019440e+04	2.871500e+04
1.019478e+04	-4.045000e+03
1.019516e+04	-2.451100e+04
1.019554e+04	1.645400e+04
1.019592e+04	-2.861200e+04
1.019630e+04	-4.047000e+03
1.019669e+04	4.161000e+03
1.019707e+04	-2.039900e+04
1.019745e+04	-2.038700e+04
1.019783e+04	-2.857500e+04
1.019821e+04	1.238200e+04
1.019859e+04	1.646100e+04
1.019897e+04	2.054700e+04
1.019936e+04	-2.449900e+04
1.019974e+04	-2.041700e+04
1.020012e+04	-3.270600e+04
1.020050e+04	-8.129000e+03
1.020088e+04	-2.863800e+04
1.020126e+04	-2.860700e+04
1.020164e+04	6.500000e+01
1.020203e+04	-8.142000e+03
1.020241e+04	-2.862700e+04
1.020279e+04	-2.043500e+04
1.020317e+04	-8.148000e+03
1.020355e+04	-2.042900e+04
1.020393e+04	-1.222900e+04
1.020432e+04	-4.038000e+03
1.020470e+04	-1.223200e+04
1.020508e+04	2.054600e+04
1.020546e+04	2.054500e+04
1.020584e+04	1.233200e+04
1.020622e+04	2.463300e+04
1.020660e+04	-1.632200e+04
1.020699e+04	2.053600e+04
1.020737e+04	8.230000e+03
1.020775e+04	-2.862700e+04
1.020813e+04	4.158000e+03
1.020851e+04	-2.041400e+04
1.020889e+04	8.254000e+03
1.020927e+04	-3.272300e+04
1.020966e+04	-1.223000e+04
1.021004e+04	-2.041900e+04
1.021042e+04	2.463200e+04
1.021080e+04	4.163000e+03
1.021118e+04	8.263000e+03
1.021156e+04	-8.127000e+03
1.021194e+04	1.234700e+04
1.021233e+04	4.159000e+03
1.021271e+04	2.054300e+04
1.021309e+04	-1.222300e+04
1.021347e+04	2.464300e+04
1.021385e+04	-4.035000e+03
1.021423e+04	-4.042000e+03
1.021461e+04	-3.271100e+04
1.021500e+04	-2.861400e+04
1.021538e+04	-8.135000e+03
1.021576e+04	4.147000e+03
1.021614e+04	2.051900e+04
1.021652e+04	4.139000e+03
1.021690e+04	1.643900e+04
1.021729e+04	-4.031000e+03
1.021767e+04	1.645000e+04
1.021805e+04	-2.451500e+04
1.021843e+04	2.464500e+04
1.021881e+04	8.263000e+03
1.021919e+04	1.235100e+04
1.021957e+04	-1.224500e+04
1.021996e+04	-8.138000e+03
1.022034e+04	-1.634100e+04
1.022072e+04	-2.044000e+04
1.022110e+04	4.146000e+03
1.022148e+04	6.000000e+01
1.022186e+04	1.644800e+04
1.022224e+04	5.700000e+01
1.022263e+04	-2.453600e+04
1.022301e+04	-4.035000e+03
1.022339e+04	1.235100e+04
1.022377e+04	-1.632800e+04
1.022415e+04	-3.273400e+04
1.022453e+04	1.644200e+04
1.022491e+04	2.054300e+04
1.022530e+04	-1.632900e+04
1.022568e+04	2.463500e+04
1.022606e+04	-3.270600e+04
1.022644e+04	5.700000e+01
1.022682e+04	-1.632500e+04
1.022720e+04	-2.042500e+04
1.022758e+04	1.233300e+04
1.022797e+04	2.463600e+04
1.022835e+04	2.462500e+04
1.022873e+04	-2.452000e+04
1.022911e+04	8.263000e+03
1.022949e+04	-2.450500e+04
1.022987e+04	1.645100e+04
1.023026e+04	-4.033000e+03
1.023064e+04	-1.222300e+04
1.023102e+04	-2.860700e+04
1.023140e+04	2.053800e+04
1.023178e+04	8.232000e+03
1.023216e+04	6.000000e+01
1.023254e+04	-3.270200e+04
1.023293e+04	-2.860600e+04
1.023331e+04	-2.042200e+04
1.023369e+04	4.000000e+01
1.023407e+04	1.641900e+04
1.023445e+04	-2.451700e+04
1.023483e+04	-2.041200e+04
1.023521e+04	2.873600e+04
1.023560e+04	-1.224100e+04
1.023598e+04	-4.028000e+03
1.023636e+04	2.464500e+04
1.023674e+04	5.700000e+01
1.023712e+04	-4.046000e+03
1.023750e+04	-1.632600e+04
1.023788e+04	4.169000e+03
1.023827e+04	8.268000e+03
1.023865e+04	2.874000e+04
1.023903e+04	2.461300e+04
1.023941e+04	-3.272300e+04
1.023979e+04	2.460200e+04
1.024017e+04	-1.222900e+04
1.024055e+04	8.253000e+03
1.024094e+04	4.147000e+03
1.024132e+04	-4.058000e+03
1.024170e+04	2.461300e+04
1.024208e+04	-2.862100e+04
1.024246e+04	-8.148000e+03
1.024284e+04	-4.042000e+03
1.024323e+04	-3.270900e+04
1.024361e+04	-3.271500e+04
1.024399e+04	-3.271100e+04
1.024437e+04	2.053100e+04
1.024475e+04	8.257000e+03
1.024513e+04	2.874900e+04
1.024551e+04	-8.115000e+03
1.024590e+04	-8.123000e+03
1.024628e+04	-2.044800e+04
1.024666e+04	4.158000e+03
1.024704e+04	-2.450700e+04
1.024742e+04	1.645200e+04
1.024780e+04	-1.222500e+04
1.024818e+04	2.872800e+04
1.024857e+04	-2.453600e+04
1.024895e+04	-2.452600e+04
1.024933e+04	8.250000e+03
1.024971e+04	5.200000e+01
1.025009e+04	-4.037000e+03
1.025047e+04	6.500000e+01
1.025085e+04	2.463300e+04
1.025124e+04	-4.041000e+03
1.025162e+04	2.054500e+04
1.025200e+04	-2.041600e+04
1.025238e+04	2.463100e+04
1.025276e+04	1.642100e+04
1.025314e+04	3.200000e+01
1.025352e+04	1.233500e+04
1.025391e+04	2.463300e+04
1.025429e+04	2.054000e+04
1.025467e+04	4.149000e+03
1.025505e+04	2.872200e+04
1.025543e+04	-2.042700e+04
1.025581e+04	-1.633900e+04
1.025620e+04	2.462300e+04
1.025658e+04	2.053500e+04
1.025696e+04	-1.632700e+04
1.025734e+04	4.148000e+03
1.025772e+04	-1.224700e+04
1.025810e+04	1.235000e+04
1.025848e+04	2.054800e+04
1.025887e+04	-1.222400e+04
1.025925e+04	-1.224300e+04
1.025963e+04	4.300000e+01
1.026001e+04	1.234000e+04
1.026039e+04	2.053300e+04
1.026077e+04	-8.131000e+03
1.026115e+04	-2.451300e+04
1.026154e+04	-2.452100e+04
1.026192e+04	-4.038000e+03
1.026230e+04	1.645700e+04
1.026268e+04	8.270000e+03
1.026306e+04	-1.221200e+04
1.026344e+04	8.262000e+03
1.026382e+04	-2.452500e+04
1.026421e+04	8.245000e+03
1.026459e+04	2.463600e+04
1.026497e+04	1.644100e+04
1.026535e+04	-2.455000e+04
1.026573e+04	2.053200e+04
1.026611e+04	-3.271500e+04
1.026649e+04	4.144000e+03
1.026688e+04	-4.036000e+03
1.026726e+04	-2.860700e+04
1.026764e+04	8.258000e+03
1.026802e+04	-4.028000e+03
1.026840e+04	7.100000e+01
1.026878e+04	-2.450400e+04
1.026917e+04	-2.040800e+04
1.026955e+04	1.235800e+04
1.026993e+04	2.054300e+04
1.027031e+04	4.145000e+03
1.027069e+04	1.233800e+04
1.027107e+04	-1.223300e+04
1.027145e+04	1.644100e+04
1.027184e+04	-8.138000e+03
1.027222e+04	-1.223500e+04
1.027260e+04	2.464100e+04
1.027298e+04	1.235400e+04
1.027336e+04	-3.271400e+04
1.027374e+04	-1.224100e+04
1.027412e+04	4.149000e+03
1.027451e+04	-2.045800e+04
1.027489e+04	-2.042600e+04
1.027527e+04	8.251000e+03
1.027565e+04	-8.130000e+03
1.027603e+04	1.644900e+04
1.027641e+04	-1.222500e+04
1.027679e+04	-1.632100e+04
1.027718e+04	8.254000e+03
1.027756e+04	-8.138000e+03
1.027794e+04	2.463100e+04
1.027832e+04	4.600000e+01
1.027870e+04	-3.271100e+04
1.027908e+04	1.644700e+04
1.027946e+04	-2.862500e+04
1.027985e+04	-2.861900e+04
1.028023e+04	1.644400e+04
1.028061e+04	2.462400e+04
1.028099e+04	4.130000e+03
1.028137e+04	8.221000e+03
1.028175e+04	-3.271500e+04
1.028214e+04	1.644300e+04
1.028252e+04	4.600000e+01
1.028290e+04	-2.451600e+04
1.028328e+04	-8.131000e+03
1.028366e+04	2.051400e+04
1.028404e+04	4.151000e+03
1.028442e+04	-1.632600e+04
1.028481e+04	1.232900e+04
1.028519e+04	-3.272500e+04
1.028557e+04	-8.128000e+03
1.028595e+04	-3.269300e+04
1.028633e+04	-2.040500e+04
1.028671e+04	2.464000e+04
1.028709e+04	-1.224300e+04
1.028748e+04	8.253000e+03
1.028786e+04	-2.862800e+04
1.028824e+04	1.644000e+04
1.028862e+04	-1.222500e+04
1.028900e+04	-4.036000e+03
1.028938e+04	4.145000e+03
1.028976e+04	-2.044300e+04
1.029015e+04	-3.272300e+04
1.029053e+04	2.052200e+04
1.029091e+04	-4.030000e+03
1.029129e+04	7.000000e+01
1.029167e+04	4.153000e+03
1.029205e+04	1.233900e+04
1.029243e+04	-3.271200e+04
1.029282e+04	4.153000e+03
1.029320e+04	8.269000e+03
1.029358e+04	-3.268800e+04
1.029396e+04	1.235900e+04
1.029434e+04	4.150000e+03
1.029472e+04	-8.125000e+03
1.029510e+04	-2.451400e+04
1.029549e+04	-2.042700e+04
1.029587e+04	-2.041800e+04
1.029625e+04	2.464200e+04
1.029663e+04	4.167000e+03
1.029701e+04	1.645400e+04
1.029739e+04	2.053500e+04
1.029778e+04	-1.224200e+04
1.029816e+04	-2.451900e+04
1.029854e+04	-8.136000e+03
1.029892e+04	-2.451700e+04
1.029930e+04	-2.452300e+04
1.029968e+04	-1.631300e+04
1.030006e+04	1.646400e+04
1.030045e+04	2.465600e+04
1.030083e+04	4.168000e+03
1.030121e+04	-2.452600e+04
1.030159e+04	8.240000e+03
1.030197e+04	8.236000e+03
1.030235e+04	2.873200e+04
1.030273e+04	-3.270300e+04
1.030312e+04	-4.035000e+03
1.030350e+04	-2.452000e+04
1.030388e+04	2.053200e+04
1.030426e+04	1.233500e+04
1.030464e+04	2.052600e+04
1.030502e+04	-1.223000e+04
1.030540e+04	-4.035000e+03
1.030579e+04	-1.632700e+04
1.030617e+04	2.873100e+04
1.030655e+04	-3.270900e+04
1.030693e+04	-1.633300e+04
1.030731e+04	-8.131000e+03
1.030769e+04	4.160000e+03
1.030807e+04	-3.270800e+04
1.030846e+04	-2.861100e+04
1.030884e+04	8.257000e+03
1.030922e+04	2.054300e+04
1.030960e+04	8.249000e+03
1.030998e+04	1.643300e+04
1.031036e+04	-3.270900e+04
1.031075e+04	-1.632200e+04
1.031113e+04	2.873000e+04
1.031151e+04	-1.223000e+04
1.031189e+04	-2.452200e+04
1.031227e+04	4.144000e+03
1.031265e+04	2.872800e+04
1.031303e+04	2.462600e+04
1.031342e+04	-2.453600e+04
1.031380e+04	2.873000e+04
1.031418e+04	-1.224300e+04
1.031456e+04	1.643300e+04
1.031494e+04	-1.632200e+04
1.031532e+04	-1.633100e+04
1.031570e+04	1.643200e+04
1.031609e+04	-2.860800e+04
1.031647e+04	4.162000e+03
1.031685e+04	-8.130000e+03
1.031723e+04	8.254000e+03
1.031761e+04	2.873700e+04
1.031799e+04	-2.041300e+04
1.031837e+04	-4.034000e+03
1.031876e+04	-4.050000e+03
1.031914e+04	-8.140000e+03
1.031952e+04	-3.270600e+04
1.031990e+04	6.600000e+01
1.032028e+04	-4.028000e+03
1.032066e+04	1.235800e+04
1.032104e+04	1.235200e+04
1.032143e+04	2.873000e+04
1.032181e+04	1.645200e+04
1.032219e+04	-1.222200e+04
1.032257e+04	-2.452200e+04
1.032295e+04	-2.860600e+04
1.032333e+04	1.644900e+04
1.032372e+04	-2.865200e+04
1.032410e+04	2.873500e+04
1.032448e+04	-1.222800e+04
1.032486e+04	-2.453400e+04
1.032524e+04	-4.030000e+03
1.032562e+04	2.873600e+04
1.032600e+04	1.643800e+04
1.032639e+04	-2.451400e+04
1.032677e+04	-2.860600e+04
1.032715e+04	-1.631600e+04
1.032753e+04	-1.222000e+04
1.032791e+04	2.464300e+04
1.032829e+04	-2.451500e+04
1.032867e+04	2.872200e+04
1.032906e+04	2.054800e+04
1.032944e+04	7.200000e+01
1.032982e+04	-2.861100e+04
1.033020e+04	2.873200e+04
1.033058e+04	-8.126000e+03
1.033096e+04	-8.138000e+03
1.033134e+04	-2.455500e+04
1.033173e+04	1.641400e+04
1.033211e+04	8.257000e+03
1.033249e+04	-8.121000e+03
1.033287e+04	-2.041700e+04
1.033325e+04	-2.860100e+04
1.033363e+04	-4.014000e+03
1.033401e+04	-2.039700e+04
1.033440e+04	-8.116000e+03
1.033478e+04	-4.029000e+03
1.033516e+04	-2.041600e+04
1.033554e+04	4.146000e+03
1.033592e+04	1.643500e+04
1.033630e+04	5.800000e+01
1.033669e+04	2.462100e+04
1.033707e+04	2.053500e+04
1.033745e+04	-8.135000e+03
1.033783e+04	-1.633200e+04
1.033821e+04	-8.152000e+03
1.033859e+04	-2.452900e+04
1.033897e+04	2.053900e+04
1.033936e+04	2.464100e+04
1.033974e+04	-2.041300e+04
1.034012e+04	-1.632300e+04
1.034050e+04	5.900000e+01
1.034088e+04	8.262000e+03
1.034126e+04	2.874800e+04
1.034164e+04	-4.019000e+03
1.034203e+04	7.600000e+01
1.034241e+04	2.464700e+04
1.034279e+04	-2.860800e+04
1.034317e+04	1.644300e+04
1.034355e+04	8.240000e+03
1.034393e+04	-8.150000e+03
1.034431e+04	6.200000e+01
1.034470e+04	-1.631900e+04
1.034508e+04	2.873100e+04
1.034546e+04	-8.148000e+03
1.034584e+04	6.100000e+01
1.034622e+04	-4.028000e+03
1.034660e+04	4.170000e+03
1.034698e+04	1.236300e+04
1.034737e+04	-1.631500e+04
1.034775e+04	1.643000e+04
1.034813e+04	-2.861600e+04
1.034851e+04	-3.271000e+04
1.034889e+04	-3.272400e+04
1.034927e+04	6.300000e+01
1.034966e+04	2.054800e+04
1.035004e+04	-8.128000e+03
1.035042e+04	2.872500e+04
1.035080e+04	2.052500e+04
1.035118e+04	-2.861800e+04
1.035156e+04	-1.632200e+04
1.035194e+04	-4.034000e+03
1.035233e+04	2.462300e+04
1.035271e+04	8.248000e+03
1.035309e+04	1.644900e+04
1.035347e+04	1.234900e+04
1.035385e+04	8.249000e+03
1.035423e+04	-2.042300e+04
1.035461e+04	-1.634600e+04
1.035500e+04	4.150000e+03
1.035538e+04	8.251000e+03
1.035576e+04	-4.055000e+03
1.035614e+04	-1.222900e+04
1.035652e+04	-1.222400e+04
1.035690e+04	1.643600e+04
1.035728e+04	-2.453300e+04
1.035767e+04	-2.862100e+04
1.035805e+04	-8.148000e+03
1.035843e+04	-8.131000e+03
1.035881e+04	1.644600e+04
1.035919e+04	4.141000e+03
1.035957e+04	-8.135000e+03
1.035995e+04	2.054400e+04
1.036034e+04	-2.861000e+04
1.036072e+04	1.234700e+04
1.036110e+04	2.053200e+04
1.036148e+04	-8.147000e+03
1.036186e+04	2.463200e+04
1.036224e+04	2.872900e+04
1.036263e+04	-3.271500e+04
1.036301e+04	-1.633600e+04
1.036339e+04	-2.453500e+04
1.036377e+04	-8.172000e+03
1.036415e+04	-3.272100e+04
1.036453e+04	-2.042100e+04
1.036491e+04	-8.127000e+03
1.036530e+04	2.873800e+04
1.036568e+04	2.054600e+04
1.036606e+04	6.200000e+01
1.036644e+04	8.234000e+03
1.036682e+04	-2.862400e+04
1.036720e+04	-2.451900e+04
1.036758e+04	-3.271100e+04
1.036797e+04	-2.861600e+04
1.036835e+04	-1.633300e+04
1.036873e+04	-1.223400e+04
1.036911e+04	2.873600e+04
1.036949e+04	-1.632000e+04
1.036987e+04	-1.223000e+04
1.037025e+04	1.644800e+04
1.037064e+04	-8.126000e+03
1.037102e+04	2.873200e+04
1.037140e+04	2.873000e+04
1.037178e+04	1.235400e+04
1.037216e+04	2.054700e+04
1.037254e+04	-2.041800e+04
1.037292e+04	4.600000e+01
1.037331e+04	-2.453900e+04
1.037369e+04	4.149000e+03
1.037407e+04	-3.271500e+04
1.037445e+04	-3.271300e+04
1.037483e+04	-1.223300e+04
1.037521e+04	-3.271400e+04
1.037560e+04	1.234900e+04
1.037598e+04	-2.860700e+04
1.037636e+04	-2.451500e+04
1.037674e+04	-1.222600e+04
1.037712e+04	-2.041300e+04
1.037750e+04	-2.860700e+04
1.037788e+04	-2.861900e+04
1.037827e+04	-2.451300e+04
1.037865e+04	4.164000e+03
1.037903e+04	-8.131000e+03
1.037941e+04	-1.223400e+04
1.037979e+04	-2.451200e+04
1.038017e+04	-2.450700e+04
1.038055e+04	-2.041000e+04
1.038094e+04	-2.860300e+04
1.038132e+04	-1.631800e+04
1.038170e+04	-8.126000e+03
1.038208e+04	-1.631900e+04
1.038246e+04	4.153000e+03
1.038284e+04	-1.224700e+04
1.038322e+04	-1.224200e+04
1.038361e+04	-1.224600e+04
1.038399e+04	-4.051000e+03
1.038437e+04	5.800000e+01
1.038475e+04	-1.222400e+04
1.038513e+04	8.256000e+03
1.038551e+04	2.052900e+04
1.038589e+04	-3.271100e+04
1.038628e+04	4.162000e+03
1.038666e+04	2.463700e+04
1.038704e+04	1.232400e+04
1.038742e+04	-1.634500e+04
1.038780e+04	-1.223200e+04
1.038818e+04	-3.269900e+04
1.038857e+04	7.300000e+01
1.038895e+04	-2.041200e+04
1.038933e+04	-2.451500e+04
1.038971e+04	-4.041000e+03
1.039009e+04	-3.271500e+04
1.039047e+04	1.233400e+04
1.039085e+04	-2.042800e+04
1.039124e+04	-1.222500e+04
1.039162e+04	-3.270300e+04
1.039200e+04	1.234900e+04
1.039238e+04	-2.042200e+04
1.039276e+04	-2.452400e+04
1.039314e+04	1.000000e+00
1.039352e+04	2.052400e+04
1.039391e+04	-8.140000e+03
1.039429e+04	-4.033000e+03
1.039467e+04	2.874100e+04
1.039505e+04	-2.860400e+04
1.039543e+04	-2.451700e+04
1.039581e+04	2.051000e+04
1.039619e+04	2.053000e+04
1.039658e+04	2.462300e+04
1.039696e+04	2.053000e+04
1.039734e+04	-1.631900e+04
1.039772e+04	2.054500e+04
1.039810e+04	8.249000e+03
1.039848e+04	2.054800e+04
1.039886e+04	-2.450700e+04
1.039925e+04	2.053400e+04
1.039963e+04	-3.271600e+04
1.040001e+04	-2.451500e+04
1.040039e+04	-8.137000e+03
1.040077e+04	4.145000e+03
1.040115e+04	-2.044400e+04
1.040154e+04	-4.033000e+03
1.040192e+04	4.165000e+03
1.040230e+04	-1.222900e+04
1.040268e+04	-2.862300e+04
1.040306e+04	-2.041700e+04
1.040344e+04	-3.270600e+04
1.040382e+04	-8.140000e+03
1.040421e+04	-8.140000e+03
1.040459e+04	-8.135000e+03
1.040497e+04	-2.451400e+04
1.040535e+04	-2.861000e+04
1.040573e+04	-1.632400e+04
1.040611e+04	8.257000e+03
1.040649e+04	-8.126000e+03
1.040688e+04	1.644000e+04
1.040726e+04	4.157000e+03
1.040764e+04	4.168000e+03
1.040802e+04	1.645600e+04
1.040840e+04	2.464200e+04
1.040878e+04	2.053500e+04
1.040916e+04	-8.162000e+03
1.040955e+04	-2.861100e+04
1.040993e+04	-8.126000e+03
1.041031e+04	-2.451200e+04
1.041069e+04	1.644600e+04
1.041107e+04	1.233500e+04
1.041145e+04	-2.861900e+04
1.041183e+04	6.700000e+01
1.041222e+04	6.300000e+01
1.041260e+04	2.053000e+04
1.041298e+04	-2.451400e+04
1.041336e+04	-2.861000e+04
1.041374e+04	-1.222600e+04
1.041412e+04	2.464200e+04
1.041451e+04	-2.451500e+04
1.041489e+04	8.239000e+03
1.041527e+04	5.600000e+01
1.041565e+04	8.251000e+03
1.041603e+04	-1.632700e+04
1.041641e+04	1.643700e+04
1.041679e+04	8.242000e+03
1.041718e+04	-3.272300e+04
1.041756e+04	-2.453700e+04
1.041794e+04	2.871900e+04
1.041832e+04	2.053600e+04
1.041870e+04	-2.042300e+04
1.041908e+04	-1.223500e+04
1.041946e+04	5.000000e+01
1.041985e+04	-1.634600e+04
1.042023e+04	5.100000e+01
1.042061e+04	6.200000e+01
1.042099e+04	-8.132000e+03
1.042137e+04	2.462500e+04
1.042175e+04	-2.452400e+04
1.042213e+04	-2.452900e+04
1.042252e+04	6.200000e+01
1.042290e+04	2.054800e+04
1.042328e+04	-2.041900e+04
1.042366e+04	2.050900e+04
1.042404e+04	8.247000e+03
1.042442e+04	2.872700e+04
1.042480e+04	-3.271000e+04
1.042519e+04	-1.632600e+04
1.042557e+04	2.462300e+04
1.042595e+04	1.231200e+04
1.042633e+04	-3.271000e+04
1.042671e+04	1.645400e+04
1.042709e+04	-1.221500e+04
1.042747e+04	7.000000e+01
1.042786e+04	-8.134000e+03
1.042824e+04	-1.632400e+04
1.042862e+04	-4.037000e+03
1.042900e+04	-3.272300e+04
1.042938e+04	1.233500e+04
1.042976e+04	4.153000e+03
1.043015e+04	2.053800e+04
1.043053e+04	1.643800e+04
1.043091e+04	2.052500e+04
1.043129e+04	4.150000e+03
1.043167e+04	-4.035000e+03
1.043205e+04	-2.860700e+04
1.043243e+04	6.100000e+01
1.043282e+04	1.644600e+04
1.043320e+04	-2.860700e+04
1.043358e+04	4.160000e+03
1.043396e+04	-2.042600e+04
1.043434e+04	2.462900e+04
1.043472e+04	4.164000e+03
1.043510e+04	-1.221500e+04
1.043549e+04	2.464700e+04
1.043587e+04	-1.633500e+04
1.043625e+04	-2.041500e+04
1.043663e+04	2.465200e+04
1.043701e+04	-4.020000e+03
1.043739e+04	-2.860100e+04
1.043777e+04	-1.222500e+04
1.043816e+04	-1.222900e+04
1.043854e+04	1.643800e+04
1.043892e+04	4.144000e+03
1.043930e+04	1.643600e+04
1.043968e+04	-1.224100e+04
1.044006e+04	-3.272800e+04
1.044044e+04	4.400000e+01
1.044083e+04	2.053600e+04
1.044121e+04	-2.861000e+04
1.044159e+04	-4.035000e+03
1.044197e+04	1.643400e+04
1.044235e+04	2.871700e+04
1.044273e+04	1.644600e+04
1.044312e+04	-2.041500e+04
1.044350e+04	8.254000e+03
1.044388e+04	-2.452200e+04
1.044426e+04	-4.043000e+03
1.044464e+04	-1.633000e+04
1.044502e+04	-8.155000e+03
1.044540e+04	2.461900e+04
1.044579e+04	-2.453000e+04
1.044617e+04	-2.862800e+04
1.044655e+04	-8.126000e+03
1.044693e+04	2.055300e+04
1.044731e+04	2.874500e+04
1.044769e+04	2.464000e+04
1.044807e+04	-8.151000e+03
1.044846e+04	8.259000e+03
1.044884e+04	-3.269600e+04
1.044922e+04	-3.269800e+04
1.044960e+04	1.644400e+04
1.044998e+04	1.644100e+04
1.045036e+04	8.256000e+03
1.045074e+04	-2.041400e+04
1.045113e+04	8.256000e+03
1.045151e+04	-4.044000e+03
1.045189e+04	8.254000e+03
1.045227e+04	4.164000e+03
1.045265e+04	-1.222400e+04
1.045303e+04	-2.042500e+04
1.045341e+04	1.643900e+04
1.045380e+04	-8.145000e+03
1.045418e+04	-1.224100e+04
1.045456e+04	-8.134000e+03
1.045494e+04	4.152000e+03
1.045532e+04	2.054300e+04
1.045570e+04	-2.860300e+04
1.045609e+04	-4.031000e+03
1.045647e+04	-4.059000e+03
1.045685e+04	2.053500e+04
1.045723e+04	6.200000e+01
1.045761e+04	2.872600e+04
1.045799e+04	-1.633500e+04
1.045837e+04	2.054100e+04
1.045876e+04	4.164000e+03
1.045914e+04	-8.122000e+03
1.045952e+04	1.235700e+04
1.045990e+04	-2.042100e+04
1.046028e+04	4.144000e+03
1.046066e+04	-3.271000e+04
1.046104e+04	-1.222700e+04
1.046143e+04	4.167000e+03
1.046181e+04	2.464900e+04
1.046219e+04	-1.222400e+04
1.046257e+04	4.138000e+03
1.046295e+04	-1.632200e+04
1.046333e+04	-4.035000e+03
1.046371e+04	-2.452500e+04
1.046410e+04	-4.058000e+03
1.046448e+04	-3.272300e+04
1.046486e+04	-2.861100e+04
1.046524e+04	4.158000e+03
1.046562e+04	-8.135000e+03
1.046600e+04	1.644600e+04
1.046638e+04	6.300000e+01
1.046677e+04	1.642900e+04
1.046715e+04	1.234100e+04
1.046753e+04	-2.451400e+04
1.046791e+04	8.255000e+03
1.046829e+04	-2.451900e+04
1.046867e+04	-1.224400e+04
1.046906e+04	8.249000e+03
1.046944e+04	-1.222400e+04
1.046982e+04	-4.032000e+03
1.047020e+04	-2.042300e+04
1.047058e+04	2.872400e+04
1.047096e+04	5.200000e+01
1.047134e+04	2.460900e+04
1.047173e+04	-2.043400e+04
1.047211e+04	-2.452900e+04
1.047249e+04	-2.861300e+04
1.047287e+04	-3.270000e+04
1.047325e+04	-2.860400e+04
1.047363e+04	4.157000e+03
1.047401e+04	8.253000e+03
1.047440e+04	8.258000e+03
1.047478e+04	-1.632000e+04
1.047516e+04	2.053800e+04
1.047554e+04	4.139000e+03
1.047592e+04	4.146000e+03
1.047630e+04	-1.634400e+04
1.047668e+04	-2.860400e+04
1.047707e+04	-2.449700e+04
1.047745e+04	-8.112000e+03
1.047783e+04	-2.450400e+04
1.047821e+04	1.642000e+04
1.047859e+04	-1.631500e+04
1.047897e+04	-4.026000e+03
1.047935e+04	-3.269800e+04
1.047974e+04	2.055200e+04
1.048012e+04	-2.451000e+04
1.048050e+04	2.052200e+04
1.048088e+04	1.234900e+04
1.048126e+04	-4.033000e+03
1.048164e+04	5.900000e+01
1.048203e+04	-8.140000e+03
1.048241e+04	-3.272100e+04
1.048279e+04	2.462200e+04
1.048317e+04	-1.634200e+04
1.048355e+04	8.247000e+03
1.048393e+04	1.644200e+04
1.048431e+04	-4.037000e+03
1.048470e+04	-3.270800e+04
1.048508e+04	-1.223800e+04
1.048546e+04	2.461500e+04
1.048584e+04	-2.042300e+04
1.048622e+04	8.241000e+03
1.048660e+04	1.232900e+04
1.048698e+04	-2.861700e+04
1.048737e+04	-2.453600e+04
1.048775e+04	4.157000e+03
1.048813e+04	2.464600e+04
1.048851e+04	2.055000e+04
1.048889e+04	-2.860800e+04
1.048927e+04	4.150000e+03
1.048965e+04	8.250000e+03
1.049004e+04	4.163000e+03
1.049042e+04	-1.631600e+04
1.049080e+04	-1.632100e+04
1.049118e+04	-3.271500e+04
1.049156e+04	-8.148000e+03
1.049194e+04	-1.634700e+04
1.049232e+04	1.232500e+04
1.049271e+04	1.233800e+04
1.049309e+04	1.234200e+04
1.049347e+04	4.150000e+03
1.049385e+04	2.462400e+04
1.049423e+04	4.100000e+01
1.049461e+04	-1.632700e+04
1.049500e+04	-3.270800e+04
1.049538e+04	2.053100e+04
1.049576e+04	-4.075000e+03
1.049614e+04	1.643800e+04
1.049652e+04	-1.222500e+04
1.049690e+04	2.054300e+04
1.049728e+04	-2.452500e+04
1.049767e+04	2.461800e+04
1.049805e+04	1.643800e+04
1.049843e+04	-3.272200e+04
1.049881e+04	8.220000e+03
1.049919e+04	-3.272000e+04
1.049957e+04	-1.633100e+04
1.049995e+04	4.143000e+03
1.050034e+04	2.052400e+04
1.050072e+04	4.136000e+03
1.050110e+04	-4.046000e+03
1.050148e+04	-1.631900e+04
1.050186e+04	-4.031000e+03
1.050224e+04	-2.042500e+04
1.050262e+04	-2.453500e+04
1.050301e+04	5.300000e+01
1.050339e+04	-2.451500e+04
1.050377e+04	-2.450900e+04
1.050415e+04	8.258000e+03
1.050453e+04	-4.034000e+03
1.050491e+04	2.053900e+04
1.050529e+04	2.872500e+04
1.050568e+04	-8.128000e+03
1.050606e+04	-1.222400e+04
1.050644e+04	2.463000e+04
1.050682e+04	-2.861200e+04
1.050720e+04	-2.860900e+04
1.050758e+04	1.235700e+04
1.050797e+04	4.169000e+03
1.050835e+04	-3.269800e+04
1.050873e+04	-2.451600e+04
1.050911e+04	-1.633400e+04
1.050949e+04	2.462100e+04
1.050987e+04	-3.271000e+04
1.051025e+04	-1.222600e+04
1.051064e+04	-4.031000e+03
1.051102e+04	-8.135000e+03
1.051140e+04	2.460300e+04
1.051178e+04	2.873500e+04
1.051216e+04	-2.861200e+04
1.051254e+04	-3.273000e+04
1.051292e+04	8.258000e+03
1.051331e+04	1.235700e+04
1.051369e+04	-2.041400e+04
1.051407e+04	-2.860700e+04
1.051445e+04	2.464600e+04
1.051483e+04	-1.631200e+04
1.051521e+04	-4.027000e+03
1.051559e+04	-2.042900e+04
1.051598e+04	2.053500e+04
1.051636e+04	-3.270200e+04
1.051674e+04	6.700000e+01
1.051712e+04	2.464000e+04
1.051750e+04	-3.271800e+04
1.051788e+04	-4.050000e+03
1.051826e+04	4.158000e+03
1.051865e+04	4.160000e+03
1.051903e+04	1.644200e+04
1.051941e+04	-2.043500e+04
1.051979e+04	1.642200e+04
1.052017e+04	-2.452200e+04
1.052055e+04	2.872800e+04
1.052094e+04	-8.139000e+03
1.052132e+04	-8.137000e+03
1.052170e+04	-2.045300e+04
1.052208e+04	-3.270200e+04
1.052246e+04	-8.117000e+03
1.052284e+04	-1.221600e+04
1.052322e+04	-2.042800e+04
1.052361e+04	-4.028000e+03
1.052399e+04	2.054900e+04
1.052437e+04	-3.269300e+04
1.052475e+04	1.647100e+04
1.052513e+04	-4.007000e+03
1.052551e+04	4.181000e+03
1.052589e+04	-4.027000e+03
1.052628e+04	2.871100e+04
1.052666e+04	2.053000e+04
1.052704e+04	-8.158000e+03
1.052742e+04	4.139000e+03
1.052780e+04	8.229000e+03
1.052818e+04	4.153000e+03
1.052856e+04	-1.632100e+04
1.052895e+04	8.258000e+03
1.052933e+04	2.054200e+04
1.052971e+04	-2.453300e+04
1.053009e+04	1.643700e+04
1.053047e+04	-4.038000e+03
1.053085e+04	-2.861800e+04
1.053123e+04	-3.271000e+04
1.053162e+04	2.463600e+04
1.053200e+04	2.463300e+04
1.053238e+04	6.600000e+01
1.053276e+04	-2.450400e+04
1.053314e+04	7.300000e+01
1.053352e+04	1.235700e+04
1.053391e+04	2.873300e+04
1.053429e+04	-4.056000e+03
1.053467e+04	2.052100e+04
1.053505e+04	-2.453600e+04
1.053543e+04	-8.162000e+03
1.053581e+04	-4.059000e+03
1.053619e+04	2.052300e+04
1.053658e+04	1.644400e+04
1.053696e+04	2.054100e+04
1.053734e+04	-8.137000e+03
1.053772e+04	-4.037000e+03
1.053810e+04	1.643600e+04
1.053848e+04	8.247000e+03
1.053886e+04	1.645500e+04
1.053925e+04	-2.450200e+04
1.053963e+04	2.055300e+04
1.054001e+04	-2.450600e+04
1.054039e+04	1.235700e+04
1.054077e+04	2.055000e+04
1.054115e+04	-4.031000e+03
1.054153e+04	1.642200e+04
1.054192e+04	1.643900e+04
1.054230e+04	5.800000e+01
1.054268e+04	2.053800e+04
1.054306e+04	4.159000e+03
1.054344e+04	-2.861000e+04
1.054382e+04	2.873700e+04
1.054420e+04	-8.126000e+03
1.054459e+04	2.873000e+04
1.054497e+04	-2.453400e+04
1.054535e+04	-1.634100e+04
1.054573e+04	2.870300e+04
1.054611e+04	2.052400e+04
1.054649e+04	-1.224700e+04
1.054688e+04	6.000000e+01
1.054726e+04	2.873900e+04
1.054764e+04	2.873800e+04
1.054802e+04	2.054000e+04
1.054840e+04	1.234100e+04
1.054878e+04	8.238000e+03
1.054916e+04	1.233300e+04
1.054955e+04	1.644100e+04
1.054993e+04	4.153000e+03
1.055031e+04	4.146000e+03
1.055069e+04	1.644200e+04
1.055107e+04	-1.222800e+04
1.055145e+04	2.872600e+04
1.055183e+04	-1.223500e+04
1.055222e+04	1.644000e+04
1.055260e+04	2.462000e+04
1.055298e+04	-2.042500e+04
1.055336e+04	2.054300e+04
1.055374e+04	2.463700e+04
1.055412e+04	1.643100e+04
1.055450e+04	4.143000e+03
1.055489e+04	1.644200e+04
1.055527e+04	2.054600e+04
1.055565e+04	6.800000e+01
1.055603e+04	-4.036000e+03
1.055641e+04	2.051100e+04
1.055679e+04	-2.451800e+04
1.055717e+04	-8.137000e+03
1.055756e+04	2.460900e+04
1.055794e+04	1.642300e+04
1.055832e+04	-3.273700e+04
1.055870e+04	-3.272900e+04
1.055908e+04	2.050400e+04
1.055946e+04	-1.223700e+04
1.055984e+04	-2.860800e+04
1.056023e+04	-4.028000e+03
1.056061e+04	-2.450700e+04
1.056099e+04	1.644800e+04
1.056137e+04	2.870800e+04
1.056175e+04	-3.271500e+04
1.056213e+04	-2.452100e+04
1.056252e+04	8.249000e+03
1.056290e+04	1.235300e+04
1.056328e+04	-2.860800e+04
1.056366e+04	-8.136000e+03
1.056404e+04	5.300000e+01
1.056442e+04	-1.632100e+04
1.056480e+04	-4.038000e+03
1.056519e+04	1.642500e+04
1.056557e+04	2.463800e+04
1.056595e+04	2.053100e+04
1.056633e+04	6.200000e+01
1.056671e+04	2.055300e+04
1.056709e+04	2.464600e+04
1.056747e+04	-8.127000e+03
1.056786e+04	1.644800e+04
1.056824e+04	2.052400e+04
1.056862e+04	-3.270500e+04
1.056900e+04	-2.860600e+04
1.056938e+04	-2.450700e+04
1.056976e+04	-2.450600e+04
1.057014e+04	1.643500e+04
1.057053e+04	2.873900e+04
1.057091e+04	1.645000e+04
1.057129e+04	7.200000e+01
1.057167e+04	-2.449800e+04
1.057205e+04	5.800000e+01
1.057243e+04	-1.219400e+04
1.057281e+04	-2.856800e+04
1.057320e+04	1.239200e+04
1.057358e+04	-4.003000e+03
1.057396e+04	-2.451900e+04
1.057434e+04	2.875900e+04
1.057472e+04	2.875400e+04
1.057510e+04	-8.152000e+03
1.057549e+04	2.874100e+04
1.057587e+04	1.235300e+04
1.057625e+04	2.464000e+04
1.057663e+04	2.053700e+04
1.057701e+04	4.136000e+03
1.057739e+04	2.872800e+04
1.057777e+04	2.053100e+04
1.057816e+04	4.162000e+03
1.057854e+04	8.255000e+03
1.057892e+04	-1.632800e+04
1.057930e+04	2.463400e+04
1.057968e+04	6.100000e+01
1.058006e+04	-4.024000e+03
1.058044e+04	-2.040600e+04
1.058083e+04	-2.041500e+04
1.058121e+04	2.461400e+04
1.058159e+04	-1.222800e+04
1.058197e+04	-1.221500e+04
1.058235e+04	-2.040800e+04
1.058273e+04	1.643400e+04
1.058311e+04	-2.042000e+04
1.058350e+04	-1.222900e+04
1.058388e+04	1.235100e+04
1.058426e+04	4.166000e+03
1.058464e+04	-1.633200e+04
1.058502e+04	6.700000e+01
1.058540e+04	-3.269300e+04
1.058578e+04	-2.041200e+04
1.058617e+04	-2.042700e+04
1.058655e+04	-2.042000e+04
1.058693e+04	-8.126000e+03
1.058731e+04	-1.222100e+04
1.058769e+04	1.642600e+04
1.058807e+04	1.235300e+04
1.058846e+04	1.645200e+04
1.058884e+04	-2.860600e+04
1.058922e+04	8.269000e+03
1.058960e+04	-1.631000e+04
1.058998e+04	-2.043200e+04
1.059036e+04	-2.449900e+04
1.059074e+04	-8.113000e+03
1.059113e+04	-3.269800e+04
1.059151e+04	-8.132000e+03
1.059189e+04	-3.272500e+04
1.059227e+04	-8.128000e+03
1.059265e+04	-8.118000e+03
1.059303e+04	1.645400e+04
1.059341e+04	-8.140000e+03
1.059380e+04	-1.222300e+04
1.059418e+04	4.163000e+03
1.059456e+04	2.054100e+04
1.059494e+04	2.052500e+04
1.059532e+04	-2.043200e+04
1.059570e+04	-2.451600e+04
1.059608e+04	-8.131000e+03
1.059647e+04	-4.040000e+03
1.059685e+04	4.145000e+03
1.059723e+04	-1.225700e+04
1.059761e+04	1.234100e+04
1.059799e+04	-4.033000e+03
1.059837e+04	2.054700e+04
1.059875e+04	1.644700e+04
1.059914e+04	-2.043100e+04
1.059952e+04	-1.632800e+04
1.059990e+04	8.255000e+03
1.060028e+04	2.873200e+04
1.060066e+04	1.232600e+04
1.060104e+04	-2.862500e+04
1.060143e+04	8.242000e+03
1.060181e+04	-1.224500e+04
1.060219e+04	4.160000e+03
1.060257e+04	-2.451000e+04
1.060295e+04	2.873100e+04
1.060333e+04	1.234600e+04
1.060371e+04	-1.632800e+04
1.060410e+04	-8.144000e+03
1.060448e+04	-1.222600e+04
1.060486e+04	2.463900e+04
1.060524e+04	-2.861900e+04
1.060562e+04	4.145000e+03
1.060600e+04	-1.224100e+04
1.060638e+04	-1.634200e+04
1.060677e+04	-1.632700e+04
1.060715e+04	-2.861100e+04
1.060753e+04	2.463800e+04
1.060791e+04	2.054200e+04
1.060829e+04	1.644800e+04
1.060867e+04	-2.860800e+04
1.060905e+04	6.200000e+01
1.060944e+04	-4.035000e+03
1.060982e+04	2.873900e+04
1.061020e+04	6.800000e+01
1.061058e+04	-2.042200e+04
1.061096e+04	-1.224300e+04
1.061134e+04	2.872300e+04
1.061172e+04	1.232500e+04
1.061211e+04	-1.633700e+04
1.061249e+04	-4.055000e+03
1.061287e+04	8.244000e+03
1.061325e+04	1.644500e+04
1.061363e+04	-1.632100e+04
1.061401e+04	-2.860400e+04
1.061440e+04	1.645200e+04
1.061478e+04	-2.042100e+04
1.061516e+04	1.645000e+04
1.061554e+04	-1.221700e+04
1.061592e+04	-1.632100e+04
1.061630e+04	-2.043800e+04
1.061668e+04	8.252000e+03
1.061707e+04	-1.633000e+04
1.061745e+04	-1.633300e+04
1.061783e+04	4.153000e+03
1.061821e+04	-1.633300e+04
1.061859e+04	8.226000e+03
1.061897e+04	4.152000e+03
1.061935e+04	2.054100e+04
1.061974e+04	1.644100e+04
1.062012e+04	2.464300e+04
1.062050e+04	-2.040700e+04
1.062088e+04	-1.221500e+04
1.062126e+04	6.600000e+01
1.062164e+04	-1.224200e+04
1.062202e+04	4.800000e+01
1.062241e+04	-2.044600e+04
1.062279e+04	-1.632700e+04
1.062317e+04	-3.270100e+04
1.062355e+04	1.235900e+04
1.062393e+04	2.055100e+04
1.062431e+04	-1.632100e+04
1.062469e+04	4.137000e+03
1.062508e+04	1.234300e+04
1.062546e+04	-2.862100e+04
1.062584e+04	-2.452500e+04
1.062622e+04	2.874100e+04
1.062660e+04	-2.860000e+04
1.062698e+04	4.164000e+03
1.062737e+04	1.235000e+04
1.062775e+04	2.873300e+04
1.062813e+04	1.643500e+04
1.062851e+04	-2.865900e+04
1.062889e+04	-2.046000e+04
1.062927e+04	8.239000e+03
1.062965e+04	-8.132000e+03
1.063004e+04	-1.222600e+04
1.063042e+04	2.053300e+04
1.063080e+04	1.234600e+04
1.063118e+04	4.167000e+03
1.063156e+04	2.874600e+04
1.063194e+04	-2.450600e+04
1.063232e+04	-2.042300e+04
1.063271e+04	-2.452500e+04
1.063309e+04	1.234200e+04
1.063347e+04	1.235200e+04
1.063385e+04	1.645500e+04
1.063423e+04	-3.270000e+04
1.063461e+04	1.233800e+04
1.063499e+04	8.251000e+03
1.063538e+04	-3.271100e+04
1.063576e+04	4.139000e+03
1.063614e+04	-3.270500e+04
1.063652e+04	8.254000e+03
1.063690e+04	8.252000e+03
1.063728e+04	2.464000e+04
1.063766e+04	-1.633300e+04
1.063805e+04	1.644400e+04
1.063843e+04	8.259000e+03
1.063881e+04	2.463200e+04
1.063919e+04	-2.042400e+04
1.063957e+04	-1.222500e+04
1.063995e+04	8.242000e+03
1.064034e+04	2.873800e+04
1.064072e+04	4.167000e+03
1.064110e+04	1.644400e+04
1.064148e+04	-3.270800e+04
1.064186e+04	-2.860400e+04
1.064224e+04	-1.632200e+04
1.064262e+04	-3.272100e+04
1.064301e+04	5.300000e+01
1.064339e+04	4.148000e+03
1.064377e+04	8.250000e+03
1.064415e+04	2.873700e+04
1.064453e+04	-8.122000e+03
1.064491e+04	1.645300e+04
1.064529e+04	-1.222300e+04
1.064568e+04	7.100000e+01
1.064606e+04	2.054800e+04
1.064644e+04	-1.634800e+04
1.064682e+04	-2.040900e+04
1.064720e+04	-4.021000e+03
1.064758e+04	-2.860300e+04
1.064796e+04	4.146000e+03
1.064835e+04	-8.143000e+03
1.064873e+04	1.231200e+04
1.064911e+04	-1.632900e+04
1.064949e+04	-1.223200e+04
1.064987e+04	-2.862800e+04
1.065025e+04	-2.451800e+04
1.065063e+04	-2.451300e+04
1.065102e+04	6.300000e+01
1.065140e+04	-2.041700e+04
1.065178e+04	-2.041300e+04
1.065216e+04	4.164000e+03
1.065254e+04	2.873300e+04
1.065292e+04	-1.223200e+04
1.065331e+04	2.873600e+04
1.065369e+04	-1.222800e+04
1.065407e+04	-4.043000e+03
1.065445e+04	-2.860700e+04
1.065483e+04	4.165000e+03
1.065521e+04	6.700000e+01
1.065559e+04	1.235200e+04
1.065598e+04	-8.128000e+03
1.065636e+04	-2.450900e+04
1.065674e+04	2.874000e+04
1.065712e+04	-3.270200e+04
1.065750e+04	8.251000e+03
1.065788e+04	-1.224700e+04
1.065826e+04	8.240000e+03
1.065865e+04	5.100000e+01
1.065903e+04	1.642100e+04
1.065941e+04	1.234200e+04
1.065979e+04	6.500000e+01
1.066017e+04	-3.270300e+04
1.066055e+04	8.245000e+03
1.066093e+04	-1.223200e+04
1.066132e+04	-8.130000e+03
1.066170e+04	-8.139000e+03
1.066208e+04	-4.052000e+03
1.066246e+04	2.054100e+04
1.066284e+04	8.251000e+03
1.066322e+04	-3.272600e+04
1.066360e+04	-2.861800e+04
1.066399e+04	6.200000e+01
1.066437e+04	-2.451400e+04
1.066475e+04	-4.034000e+03
1.066513e+04	-1.633300e+04
1.066551e+04	-1.632300e+04
1.066589e+04	1.645700e+04
1.066628e+04	-2.450300e+04
1.066666e+04	1.235100e+04
1.066704e+04	-8.150000e+03
1.066742e+04	5.500000e+01
1.066780e+04	7.400000e+01
1.066818e+04	1.237000e+04
1.066856e+04	2.056200e+04
1.066895e+04	8.267000e+03
1.066933e+04	-1.222500e+04
1.066971e+04	6.300000e+01
1.067009e+04	1.644400e+04
1.067047e+04	-1.223300e+04
1.067085e+04	4.163000e+03
1.067123e+04	2.055000e+04
1.067162e+04	2.464000e+04
1.067200e+04	2.870600e+04
1.067238e+04	4.154000e+03
1.067276e+04	-4.033000e+03
1.067314e+04	2.873700e+04
1.067352e+04	-1.223600e+04
1.067390e+04	2.462900e+04
1.067429e+04	2.464500e+04
1.067467e+04	-1.221800e+04
1.067505e+04	-3.270400e+04
1.067543e+04	2.053600e+04
1.067581e+04	5.000000e+01
1.067619e+04	-2.860900e+04
1.067657e+04	2.464300e+04
1.067696e+04	-1.633000e+04
1.067734e+04	-2.861800e+04
1.067772e+04	2.873400e+04
1.067810e+04	2.462700e+04
1.067848e+04	-1.634200e+04
1.067886e+04	-8.138000e+03
1.067925e+04	2.052200e+04
1.067963e+04	-1.633400e+04
1.068001e+04	-2.042500e+04
1.068039e+04	1.643600e+04
1.068077e+04	5.400000e+01
1.068115e+04	-2.861500e+04
1.068153e+04	-2.451400e+04
1.068192e+04	2.873900e+04
1.068230e+04	-2.041000e+04
1.068268e+04	-1.221800e+04
1.068306e+04	-8.125000e+03
1.068344e+04	2.054300e+04
1.068382e+04	2.873400e+04
1.068420e+04	6.300000e+01
1.068459e+04	8.250000e+03
1.068497e+04	-3.273500e+04
1.068535e+04	-8.133000e+03
1.068573e+04	-1.632200e+04
1.068611e+04	-3.271700e+04
1.068649e+04	-2.861600e+04
1.068687e+04	-2.041300e+04
1.068726e+04	-1.631700e+04
1.068764e+04	2.054300e+04
1.068802e+04	-1.633400e+04
1.068840e+04	-8.164000e+03
1.068878e+04	1.233400e+04
1.068916e+04	-2.042600e+04
1.068954e+04	1.644600e+04
1.068993e+04	-4.028000e+03
1.069031e+04	2.464800e+04
1.069069e+04	8.260000e+03
1.069107e+04	1.644000e+04
1.069145e+04	-2.041800e+04
1.069183e+04	8.259000e+03
1.069221e+04	-8.136000e+03
1.069260e+04	-1.633600e+04
1.069298e+04	-4.036000e+03
1.069336e+04	2.872300e+04
1.069374e+04	2.462400e+04
1.069412e+04	4.153000e+03
1.069450e+04	-8.151000e+03
1.069489e+04	4.700000e+01
1.069527e+04	1.643800e+04
1.069565e+04	6.000000e+01
1.069603e+04	4.168000e+03
1.069641e+04	2.465200e+04
1.069679e+04	-8.119000e+03
1.069717e+04	-4.031000e+03
1.069756e+04	2.873000e+04
1.069794e+04	1.234800e+04
1.069832e+04	4.158000e+03
1.069870e+04	2.464000e+04
1.069908e+04	-8.131000e+03
1.069946e+04	1.233600e+04
1.069984e+04	-1.224500e+04
1.070023e+04	2.872100e+04
1.070061e+04	1.231500e+04
1.070099e+04	1.643200e+04
1.070137e+04	2.052900e+04
1.070175e+04	4.127000e+03
1.070213e+04	1.644200e+04
1.070251e+04	-4.038000e+03
1.070290e+04	-4.065000e+03
1.070328e+04	-8.135000e+03
1.070366e+04	-4.033000e+03
1.070404e+04	-1.632900e+04
1.070442e+04	1.234000e+04
1.070480e+04	-2.042000e+04
1.070518e+04	1.235100e+04
1.070557e+04	2.872800e+04
1.070595e+04	-2.455500e+04
1.070633e+04	2.872600e+04
1.070671e+04	-2.042000e+04
1.070709e+04	-3.271900e+04
1.070747e+04	-3.272000e+04
1.070786e+04	-3.270700e+04
1.070824e+04	2.464300e+04
1.070862e+04	4.169000e+03
1.070900e+04	-1.221300e+04
1.070938e+04	-2.450600e+04
1.070976e+04	4.155000e+03
1.071014e+04	-1.632100e+04
1.071053e+04	-8.127000e+03
1.071091e+04	4.152000e+03
1.071129e+04	1.000000e+00
1.071167e+04	4.128000e+03
1.071205e+04	2.053500e+04
1.071243e+04	2.463900e+04
1.071281e+04	1.644100e+04
1.071320e+04	-2.862700e+04
1.071358e+04	2.054800e+04
1.071396e+04	-2.450600e+04
1.071434e+04	-3.270400e+04
1.071472e+04	-8.134000e+03
1.071510e+04	8.246000e+03
1.071548e+04	-3.272300e+04
1.071587e+04	4.167000e+03
1.071625e+04	-2.859500e+04
1.071663e+04	-4.021000e+03
1.071701e+04	2.465000e+04
1.071739e+04	7.800000e+01
1.071777e+04	2.055600e+04
1.071815e+04	-1.632000e+04
1.071854e+04	-4.037000e+03
1.071892e+04	-4.030000e+03
1.071930e+04	-1.223400e+04
1.071968e+04	2.463400e+04
1.072006e+04	1.645200e+04
1.072044e+04	-2.451500e+04
1.072083e+04	1.233900e+04
1.072121e+04	-2.451700e+04
1.072159e+04	-1.632900e+04
1.072197e+04	1.644200e+04
1.072235e+04	6.300000e+01
1.072273e+04	4.157000e+03
1.072311e+04	-8.135000e+03
1.072350e+04	2.463400e+04
1.072388e+04	-1.633600e+04
1.072426e+04	8.237000e+03
1.072464e+04	-2.043300e+04
1.072502e+04	-1.636300e+04
1.072540e+04	-3.271300e+04
1.072578e+04	-1.632300e+04
1.072617e+04	4.159000e+03
1.072655e+04	-2.041200e+04
1.072693e+04	2.874100e+04
1.072731e+04	-4.035000e+03
1.072769e+04	-4.058000e+03
1.072807e+04	2.873000e+04
1.072845e+04	-2.860600e+04
1.072884e+04	-8.123000e+03
1.072922e+04	8.258000e+03
1.072960e+04	-3.271200e+04
1.072998e+04	4.155000e+03
1.073036e+04	-4.039000e+03
1.073074e+04	-3.273400e+04
1.073112e+04	1.644000e+04
1.073151e+04	-2.451000e+04
1.073189e+04	2.054600e+04
1.073227e+04	1.644400e+04
1.073265e+04	-3.272000e+04
1.073303e+04	-1.634000e+04
1.073341e+04	2.462500e+04
1.073380e+04	-4.056000e+03
1.073418e+04	2.459900e+04
1.073456e+04	8.224000e+03
1.073494e+04	4.150000e+03
1.073532e+04	-8.131000e+03
1.073570e+04	2.054200e+04
1.073608e+04	-1.223700e+04
1.073647e+04	-3.271700e+04
1.073685e+04	-2.862000e+04
1.073723e+04	2.463200e+04
1.073761e+04	4.165000e+03
1.073799e+04	4.168000e+03
1.073837e+04	-2.041300e+04
1.073875e+04	1.645100e+04
1.073914e+04	-1.222000e+04
1.073952e+04	-1.631800e+04
1.073990e+04	-2.451100e+04
1.074028e+04	-2.860600e+04
1.074066e+04	2.054500e+04
1.074104e+04	2.054200e+04
1.074142e+04	-2.042600e+04
1.074181e+04	1.233700e+04
1.074219e+04	-1.222500e+04
1.074257e+04	4.164000e+03
1.074295e+04	2.054400e+04
1.074333e+04	8.243000e+03
1.074371e+04	-4.030000e+03
1.074409e+04	-2.860100e+04
1.074448e+04	-2.041200e+04
1.074486e+04	-1.223400e+04
1.074524e+04	2.872500e+04
1.074562e+04	1.644100e+04
1.074600e+04	-1.633600e+04
1.074638e+04	-8.136000e+03
1.074677e+04	2.873900e+04
1.074715e+04	-1.631400e+04
1.074753e+04	-2.860500e+04
1.074791e+04	1.644400e+04
1.074829e+04	4.900000e+01
1.074867e+04	2.459900e+04
1.074905e+04	-8.149000e+03
1.074944e+04	8.250000e+03
1.074982e+04	2.464000e+04
1.075020e+04	2.054300e+04
1.075058e+04	1.643600e+04
1.075096e+04	-1.223700e+04
1.075134e+04	-2.042500e+04
1.075172e+04	-3.271700e+04
1.075211e+04	-3.270700e+04
1.075249e+04	-4.040000e+03
1.075287e+04	2.054100e+04
1.075325e+04	8.265000e+03
1.075363e+04	4.169000e+03
1.075401e+04	-4.033000e+03
1.075439e+04	-2.042100e+04
1.075478e+04	8.242000e+03
1.075516e+04	-1.632300e+04
1.075554e+04	-1.631600e+04
1.075592e+04	-3.271900e+04
1.075630e+04	-8.118000e+03
1.075668e+04	2.056500e+04
1.075706e+04	-2.449100e+04
1.075745e+04	4.174000e+03
1.075783e+04	2.054800e+04
1.075821e+04	1.645300e+04
1.075859e+04	-2.041800e+04
1.075897e+04	-3.270800e+04
1.075935e+04	1.644300e+04
1.075974e+04	-3.273300e+04
1.076012e+04	1.234400e+04
1.076050e+04	-2.451400e+04
1.076088e+04	-3.271200e+04
1.076126e+04	-2.452600e+04
1.076164e+04	-2.861600e+04
1.076202e+04	2.873300e+04
1.076241e+04	-2.451200e+04
1.076279e+04	1.235500e+04
1.076317e+04	-2.451000e+04
1.076355e+04	2.054400e+04
1.076393e+04	-3.270600e+04
1.076431e+04	-8.133000e+03
1.076469e+04	5.300000e+01
1.076508e+04	1.233100e+04
1.076546e+04	-3.270600e+04
1.076584e+04	2.054800e+04
1.076622e+04	2.874000e+04
1.076660e+04	-2.451400e+04
1.076698e+04	1.644100e+04
1.076736e+04	2.872900e+04
1.076775e+04	-8.143000e+03
1.076813e+04	4.148000e+03
1.076851e+04	-1.632000e+04
1.076889e+04	-4.029000e+03
1.076927e+04	-3.270400e+04
1.076965e+04	-2.043400e+04
1.077003e+04	-2.453500e+04
1.077042e+04	-2.452900e+04
1.077080e+04	1.642700e+04
1.077118e+04	2.873200e+04
1.077156e+04	-8.129000e+03
1.077194e+04	-1.222800e+04
1.077232e+04	8.251000e+03
1.077271e+04	-4.042000e+03
1.077309e+04	4.147000e+03
1.077347e+04	6.300000e+01
1.077385e+04	8.256000e+03
1.077423e+04	-1.223300e+04
1.077461e+04	2.052700e+04
1.077499e+04	5.800000e+01
1.077538e+04	-2.451800e+04
1.077576e+04	8.244000e+03
1.077614e+04	2.871600e+04
1.077652e+04	-2.862100e+04
1.077690e+04	4.157000e+03
1.077728e+04	1.645000e+04
1.077766e+04	1.644600e+04
1.077805e+04	-1.632800e+04
1.077843e+04	-2.041400e+04
1.077881e+04	-2.451200e+04
1.077919e+04	-3.272000e+04
1.077957e+04	1.644400e+04
1.077995e+04	1.234800e+04
1.078033e+04	-8.128000e+03
1.078072e+04	7.000000e+01
1.078110e+04	1.644800e+04
1.078148e+04	2.462700e+04
1.078186e+04	1.643500e+04
1.078224e+04	2.052700e+04
1.078262e+04	1.645000e+04
1.078300e+04	-2.041300e+04
1.078339e+04	2.872600e+04
1.078377e+04	1.642100e+04
1.078415e+04	2.462600e+04
1.078453e+04	-2.451500e+04
1.078491e+04	4.164000e+03
1.078529e+04	-2.451300e+04
1.078568e+04	2.872000e+04
1.078606e+04	1.232700e+04
1.078644e+04	-8.139000e+03
1.078682e+04	2.873300e+04
1.078720e+04	-3.271400e+04
1.078758e+04	8.251000e+03
1.078796e+04	2.055000e+04
1.078835e+04	2.874100e+04
1.078873e+04	-8.133000e+03
1.078911e+04	1.644200e+04
1.078949e+04	-3.270600e+04
1.078987e+04	-3.271200e+04
1.079025e+04	1.643700e+04
1.079063e+04	-4.032000e+03
1.079102e+04	2.873800e+04
1.079140e+04	-2.042300e+04
1.079178e+04	-1.227800e+04
1.079216e+04	-1.223200e+04
1.079254e+04	6.500000e+01
1.079292e+04	-4.032000e+03
1.079330e+04	-1.633200e+04
1.079369e+04	2.873300e+04
1.079407e+04	-8.122000e+03
1.079445e+04	2.054900e+04
1.079483e+04	2.053100e+04
1.079521e+04	-3.271000e+04
1.079559e+04	-2.041400e+04
1.079597e+04	1.235000e+04
1.079636e+04	-8.144000e+03
1.079674e+04	-2.451200e+04
1.079712e+04	2.464200e+04
1.079750e+04	-1.222600e+04
1.079788e+04	8.259000e+03
1.079826e+04	8.260000e+03
1.079865e+04	-1.222900e+04
1.079903e+04	-4.044000e+03
1.079941e+04	-1.633300e+04
1.079979e+04	-1.634900e+04
1.080017e+04	2.051900e+04
1.080055e+04	2.871500e+04
1.080093e+04	-2.043400e+04
1.080132e+04	-3.271500e+04
1.080170e+04	-2.044700e+04
1.080208e+04	5.600000e+01
1.080246e+04	1.645000e+04
1.080284e+04	4.162000e+03
1.080322e+04	2.873600e+04
1.080360e+04	-3.270900e+04
1.080399e+04	-4.043000e+03
1.080437e+04	-4.020000e+03
1.080475e+04	-3.268700e+04
1.080513e+04	1.645900e+04
1.080551e+04	-2.861300e+04
1.080589e+04	-8.130000e+03
1.080627e+04	8.241000e+03
1.080666e+04	4.157000e+03
1.080704e+04	-4.029000e+03
1.080742e+04	4.164000e+03
1.080780e+04	-8.122000e+03
1.080818e+04	6.700000e+01
1.080856e+04	-2.862700e+04
1.080894e+04	-1.224300e+04
1.080933e+04	2.870800e+04
1.080971e+04	4.161000e+03
1.081009e+04	-4.026000e+03
1.081047e+04	8.256000e+03
1.081085e+04	2.052300e+04
1.081123e+04	1.643800e+04
1.081162e+04	8.264000e+03
1.081200e+04	1.236400e+04
1.081238e+04	-3.269700e+04
1.081276e+04	2.052800e+04
1.081314e+04	-1.633200e+04
1.081352e+04	2.053400e+04
1.081390e+04	2.872600e+04
1.081429e+04	1.234300e+04
1.081467e+04	2.052600e+04
1.081505e+04	1.000000e+00
1.081543e+04	-2.862500e+04
1.081581e+04	-1.223000e+04
1.081619e+04	5.900000e+01
1.081657e+04	2.872800e+04
1.081696e+04	-1.223000e+04
1.081734e+04	2.053200e+04
1.081772e+04	-1.632800e+04
1.081810e+04	-2.041700e+04
1.081848e+04	-8.130000e+03
1.081886e+04	4.162000e+03
1.081924e+04	4.163000e+03
1.081963e+04	-2.861400e+04
1.082001e+04	2.873000e+04
1.082039e+04	-2.861100e+04
1.082077e+04	8.249000e+03
1.082115e+04	4.400000e+01
1.082153e+04	-1.224800e+04
1.082191e+04	-4.052000e+03
1.082230e+04	1.642900e+04
1.082268e+04	-8.132000e+03
1.082306e+04	6.200000e+01
1.082344e+04	2.052600e+04
1.082382e+04	-1.632400e+04
1.082420e+04	2.873400e+04
1.082458e+04	2.053300e+04
1.082497e+04	-2.041600e+04
1.082535e+04	-4.030000e+03
1.082573e+04	2.872800e+04
1.082611e+04	1.232400e+04
1.082649e+04	2.053300e+04
1.082687e+04	4.149000e+03
1.082726e+04	4.600000e+01
1.082764e+04	-2.042600e+04
1.082802e+04	-8.133000e+03
1.082840e+04	-1.223800e+04
1.082878e+04	-4.046000e+03
1.082916e+04	-2.861000e+04
1.082954e+04	2.054200e+04
1.082993e+04	1.645000e+04
1.083031e+04	7.100000e+01
1.083069e+04	1.645500e+04
1.083107e+04	2.874100e+04
1.083145e+04	-2.041600e+04
1.083183e+04	-4.048000e+03
1.083221e+04	-4.046000e+03
1.083260e+04	-1.222300e+04
1.083298e+04	-2.860400e+04
1.083336e+04	-2.450700e+04
1.083374e+04	2.464800e+04
1.083412e+04	-2.860200e+04
1.083450e+04	2.464300e+04
1.083488e+04	-1.221800e+04
1.083527e+04	1.235800e+04
1.083565e+04	-2.451700e+04
1.083603e+04	8.239000e+03
1.083641e+04	1.234800e+04
1.083679e+04	8.254000e+03
1.083717e+04	1.233700e+04
1.083755e+04	6.300000e+01
1.083794e+04	-2.041400e+04
1.083832e+04	1.235100e+04
1.083870e+04	-4.027000e+03
1.083908e+04	1.645200e+04
1.083946e+04	-2.863400e+04
1.083984e+04	-1.221500e+04
1.084023e+04	1.236400e+04
1.084061e+04	8.253000e+03
1.084099e+04	-4.026000e+03
1.084137e+04	-2.450100e+04
1.084175e+04	-1.631800e+04
1.084213e+04	-2.041600e+04
1.084251e+04	-8.127000e+03
1.084290e+04	1.234100e+04
1.084328e+04	-2.451600e+04
1.084366e+04	-3.270800e+04
1.084404e+04	1.642800e+04
1.084442e+04	2.052500e+04
1.084480e+04	1.644800e+04
1.084518e+04	-2.040900e+04
1.084557e+04	-1.631500e+04
1.084595e+04	-8.144000e+03
1.084633e+04	8.245000e+03
1.084671e+04	2.873400e+04
1.084709e+04	2.054700e+04
1.084747e+04	-8.123000e+03
1.084785e+04	-1.632100e+04
1.084824e+04	-4.065000e+03
1.084862e+04	2.463200e+04
1.084900e+04	-2.861300e+04
1.084938e+04	-1.632100e+04
1.084976e+04	-8.122000e+03
1.085014e+04	1.235700e+04
1.085052e+04	-8.150000e+03
1.085091e+04	-1.223000e+04
1.085129e+04	-4.039000e+03
1.085167e+04	-4.030000e+03
1.085205e+04	-3.268800e+04
1.085243e+04	8.277000e+03
1.085281e+04	2.875600e+04
1.085320e+04	8.271000e+03
1.085358e+04	-1.222500e+04
1.085396e+04	6.100000e+01
1.085434e+04	-1.631400e+04
1.085472e+04	4.161000e+03
1.085510e+04	1.000000e+00
1.085548e+04	-2.043000e+04
1.085587e+04	2.463100e+04
1.085625e+04	1.644300e+04
1.085663e+04	-3.270200e+04
1.085701e+04	-4.022000e+03
1.085739e+04	-1.221300e+04
1.085777e+04	-8.125000e+03
1.085815e+04	2.463600e+04
1.085854e+04	-3.269900e+04
1.085892e+04	-2.041300e+04
1.085930e+04	2.463400e+04
1.085968e+04	1.233100e+04
1.086006e+04	2.051000e+04
1.086044e+04	-1.223600e+04
1.086082e+04	5.600000e+01
1.086121e+04	1.644100e+04
1.086159e+04	8.243000e+03
1.086197e+04	4.300000e+01
1.086235e+04	1.644300e+04
1.086273e+04	-2.861300e+04
1.086311e+04	-1.223400e+04
1.086349e+04	-8.133000e+03
1.086388e+04	-2.861700e+04
1.086426e+04	-8.141000e+03
1.086464e+04	6.000000e+01
1.086502e+04	1.644200e+04
1.086540e+04	-2.863400e+04
1.086578e+04	-1.634700e+04
1.086617e+04	4.136000e+03
1.086655e+04	-1.226400e+04
1.086693e+04	8.234000e+03
1.086731e+04	-2.454600e+04
1.086769e+04	4.800000e+01
1.086807e+04	-1.632400e+04
1.086845e+04	1.235000e+04
1.086884e+04	-1.633700e+04
1.086922e+04	-1.633000e+04
1.086960e+04	8.260000e+03
1.086998e+04	-3.269800e+04
1.087036e+04	-1.222600e+04
1.087074e+04	-2.043400e+04
1.087112e+04	-1.223100e+04
1.087151e+04	2.463900e+04
1.087189e+04	1.235300e+04
1.087227e+04	2.463000e+04
1.087265e+04	-1.633200e+04
1.087303e+04	-2.041400e+04
1.087341e+04	1.235400e+04
1.087379e+04	2.463200e+04
1.087418e+04	-1.632600e+04
1.087456e+04	-3.270800e+04
1.087494e+04	1.643300e+04
1.087532e+04	-2.455600e+04
1.087570e+04	8.205000e+03
1.087608e+04	3.600000e+01
1.087646e+04	-1.633300e+04
1.087685e+04	5.900000e+01
1.087723e+04	-3.271400e+04
1.087761e+04	-2.862900e+04
1.087799e+04	-3.270500e+04
1.087837e+04	1.644700e+04
1.087875e+04	2.872000e+04
1.087914e+04	1.235100e+04
1.087952e+04	-3.270200e+04
1.087990e+04	-1.222900e+04
1.088028e+04	-4.037000e+03
1.088066e+04	-1.632800e+04
1.088104e+04	-3.272500e+04
1.088142e+04	-8.125000e+03
1.088181e+04	-1.221700e+04
1.088219e+04	4.162000e+03
1.088257e+04	-1.223900e+04
1.088295e+04	-3.272500e+04
1.088333e+04	-2.861600e+04
1.088371e+04	1.235200e+04
1.088409e+04	2.054400e+04
1.088448e+04	-2.861600e+04
1.088486e+04	-3.275000e+04
1.088524e+04	2.462900e+04
1.088562e+04	-8.135000e+03
1.088600e+04	2.053300e+04
1.088638e+04	1.233800e+04
1.088676e+04	2.053200e+04
1.088715e+04	-2.043000e+04
1.088753e+04	-2.863600e+04
1.088791e+04	2.871600e+04
1.088829e+04	-1.223400e+04
1.088867e+04	-1.223100e+04
1.088905e+04	8.248000e+03
1.088943e+04	-1.633900e+04
1.088982e+04	1.231600e+04
1.089020e+04	-1.633000e+04
1.089058e+04	8.247000e+03
1.089096e+04	1.643000e+04
1.089134e+04	2.053800e+04
1.089172e+04	1.645000e+04
1.089211e+04	-2.860400e+04
1.089249e+04	-1.631900e+04
1.089287e+04	-2.860900e+04
1.089325e+04	1.234700e+04
1.089363e+04	-4.041000e+03
1.089401e+04	-3.270400e+04
1.089439e+04	2.873800e+04
1.089478e+04	-1.632300e+04
1.089516e+04	-8.156000e+03
1.089554e+04	1.234400e+04
1.089592e+04	6.200000e+01
1.089630e+04	-4.035000e+03
1.089668e+04	5.700000e+01
1.089706e+04	1.643400e+04
1.089745e+04	8.241000e+03
1.089783e+04	-8.128000e+03
1.089821e+04	2.055000e+04
1.089859e+04	-2.041300e+04
1.089897e+04	-3.271000e+04
1.089935e+04	8.245000e+03
1.089973e+04	2.054700e+04
1.090012e+04	2.055800e+04
1.090050e+04	-2.859100e+04
1.090088e+04	-8.117000e+03
1.090126e+04	-1.223400e+04
1.090164e+04	8.257000e+03
1.090202e+04	-3.269900e+04
1.090240e+04	1.644400e+04
1.090279e+04	-2.044500e+04
1.090317e+04	8.232000e+03
1.090355e+04	1.643200e+04
1.090393e+04	2.872900e+04
1.090431e+04	-1.632500e+04
1.090469e+04	5.600000e+01
1.090508e+04	-2.862800e+04
1.090546e+04	-1.223600e+04
1.090584e+04	2.053100e+04
1.090622e+04	1.234100e+04
1.090660e+04	-2.861900e+04
1.090698e+04	2.871000e+04
1.090736e+04	-2.450900e+04
1.090775e+04	-1.221600e+04
1.090813e+04	2.874100e+04
1.090851e+04	2.463800e+04
1.090889e+04	8.252000e+03
1.090927e+04	-2.451700e+04
1.090965e+04	1.645200e+04
1.091003e+04	-2.860500e+04
1.091042e+04	2.461300e+04
1.091080e+04	-4.030000e+03
1.091118e+04	-1.221900e+04
1.091156e+04	4.149000e+03
1.091194e+04	-1.632700e+04
1.091232e+04	1.645000e+04
1.091270e+04	2.872900e+04
1.091309e+04	-1.226000e+04
1.091347e+04	-1.633300e+04
1.091385e+04	1.234700e+04
1.091423e+04	-2.451300e+04
1.091461e+04	-2.452200e+04
1.091499e+04	-2.453100e+04
1.091537e+04	-1.222600e+04
1.091576e+04	2.873400e+04
1.091614e+04	1.233200e+04
1.091652e+04	1.234100e+04
1.091690e+04	-2.042200e+04
1.091728e+04	1.644100e+04
1.091766e+04	2.463100e+04
1.091805e+04	-1.224200e+04
1.091843e+04	-3.271100e+04
1.091881e+04	1.644900e+04
1.091919e+04	8.256000e+03
1.091957e+04	1.234900e+04
1.091995e+04	-3.270600e+04
1.092033e+04	-3.270900e+04
1.092072e+04	-8.141000e+03
1.092110e+04	1.644100e+04
1.092148e+04	8.255000e+03
1.092186e+04	-1.222500e+04
1.092224e+04	1.233200e+04
1.092262e+04	-1.632300e+04
1.092300e+04	1.645800e+04
1.092339e+04	4.171000e+03
1.092377e+04	4.164000e+03
1.092415e+04	-8.140000e+03
1.092453e+04	1.642300e+04
1.092491e+04	8.239000e+03
1.092529e+04	2.052700e+04
1.092567e+04	-2.862900e+04
1.092606e+04	-2.042900e+04
1.092644e+04	2.463600e+04
1.092682e+04	-1.222500e+04
1.092720e+04	6.000000e+01
1.092758e+04	-1.634000e+04
1.092796e+04	-1.223400e+04
1.092834e+04	8.251000e+03
1.092873e+04	-3.271100e+04
1.092911e+04	8.248000e+03
1.092949e+04	2.052900e+04
1.092987e+04	4.136000e+03
1.093025e+04	-2.861600e+04
1.093063e+04	-4.032000e+03
1.093102e+04	8.259000e+03
1.093140e+04	1.644400e+04
1.093178e+04	2.052000e+04
1.093216e+04	-4.043000e+03
1.093254e+04	-2.861200e+04
1.093292e+04	2.463500e+04
1.093330e+04	1.234100e+04
1.093369e+04	1.233800e+04
1.093407e+04	-1.224600e+04
1.093445e+04	-1.222600e+04
1.093483e+04	-2.041000e+04
1.093521e+04	6.700000e+01
1.093559e+04	-1.633300e+04
1.093597e+04	-3.271500e+04
1.093636e+04	-3.272300e+04
1.093674e+04	-8.144000e+03
1.093712e+04	-8.133000e+03
1.093750e+04	-4.042000e+03
1.093788e+04	-4.046000e+03
1.093826e+04	-2.452600e+04
1.093864e+04	-8.140000e+03
1.093903e+04	-2.451200e+04
1.093941e+04	2.464400e+04
1.093979e+04	-2.860700e+04
1.094017e+04	-2.451700e+04
1.094055e+04	1.234000e+04
1.094093e+04	-4.051000e+03
1.094131e+04	-2.044900e+04
1.094170e+04	2.459100e+04
1.094208e+04	1.233200e+04
1.094246e+04	-2.861900e+04
1.094284e+04	-3.271800e+04
1.094322e+04	-8.145000e+03
1.094360e+04	-2.860700e+04
1.094398e+04	1.235500e+04
1.094437e+04	6.200000e+01
1.094475e+04	2.054600e+04
1.094513e+04	2.873200e+04
1.094551e+04	8.234000e+03
1.094589e+04	-4.032000e+03
1.094627e+04	-8.127000e+03
1.094666e+04	-1.221900e+04
1.094704e+04	-2.451000e+04
1.094742e+04	1.644800e+04
1.094780e+04	-3.268500e+04
1.094818e+04	1.237600e+04
1.094856e+04	-1.220600e+04
1.094894e+04	-1.632700e+04
1.094933e+04	-2.860500e+04
1.094971e+04	2.055200e+04
1.095009e+04	2.464000e+04
1.095047e+04	2.053600e+04
1.095085e+04	1.644200e+04
1.095123e+04	-4.031000e+03
1.095161e+04	-2.041500e+04
1.095200e+04	1.644400e+04
1.095238e+04	-2.451500e+04
1.095276e+04	-1.631800e+04
1.095314e+04	2.464100e+04
1.095352e+04	-2.862300e+04
1.095390e+04	-2.861200e+04
1.095428e+04	-2.860900e+04
1.095467e+04	-8.135000e+03
1.095505e+04	2.054700e+04
1.095543e+04	-1.631600e+04
1.095581e+04	-2.861800e+04
1.095619e+04	-8.141000e+03
1.095657e+04	2.054000e+04
1.095695e+04	1.234200e+04
1.095734e+04	4.132000e+03
1.095772e+04	1.642600e+04
1.095810e+04	-1.223900e+04
1.095848e+04	2.871400e+04
1.095886e+04	-2.866000e+04
1.095924e+04	8.236000e+03
1.095963e+04	2.873500e+04
1.096001e+04	8.264000e+03
1.096039e+04	2.055100e+04
1.096077e+04	2.054000e+04
1.096115e+04	1.234400e+04
1.096153e+04	1.644300e+04
1.096191e+04	-1.222700e+04
1.096230e+04	1.235200e+04
1.096268e+04	2.053200e+04
1.096306e+04	1.235000e+04
1.096344e+04	8.258000e+03
1.096382e+04	-2.452000e+04
1.096420e+04	-1.632600e+04
1.096458e+04	-1.222900e+04
1.096497e+04	1.233500e+04
1.096535e+04	4.148000e+03
1.096573e+04	1.234300e+04
1.096611e+04	-3.271400e+04
1.096649e+04	1.643000e+04
1.096687e+04	1.234000e+04
1.096725e+04	1.235500e+04
1.096764e+04	-8.125000e+03
1.096802e+04	4.154000e+03
1.096840e+04	2.052200e+04
1.096878e+04	8.239000e+03
1.096916e+04	1.644100e+04
1.096954e+04	-4.042000e+03
1.096992e+04	4.101000e+03
1.097031e+04	-2.862300e+04
1.097069e+04	2.051500e+04
1.097107e+04	-4.039000e+03
1.097145e+04	-2.451100e+04
1.097183e+04	8.253000e+03
1.097221e+04	-3.272100e+04
1.097260e+04	-2.455000e+04
1.097298e+04	-4.042000e+03
1.097336e+04	-2.860800e+04
1.097374e+04	-2.451700e+04
1.097412e+04	2.460600e+04
1.097450e+04	-2.042200e+04
1.097488e+04	2.053900e+04
1.097527e+04	-3.271900e+04
1.097565e+04	-8.141000e+03
1.097603e+04	8.245000e+03
1.097641e+04	4.159000e+03
1.097679e+04	-3.270300e+04
1.097717e+04	-1.632600e+04
1.097755e+04	2.872400e+04
1.097794e+04	-1.633400e+04
1.097832e+04	5.600000e+01
1.097870e+04	-2.042300e+04
1.097908e+04	8.246000e+03
1.097946e+04	-3.271200e+04
1.097984e+04	5.800000e+01
1.098022e+04	-2.042800e+04
1.098061e+04	-2.453100e+04
1.098099e+04	-3.273700e+04
1.098137e+04	1.234100e+04
1.098175e+04	1.644400e+04
1.098213e+04	1.644200e+04
1.098251e+04	-2.861300e+04
1.098289e+04	1.235300e+04
1.098328e+04	-8.125000e+03
1.098366e+04	-8.126000e+03
1.098404e+04	2.054700e+04
1.098442e+04	8.260000e+03
1.098480e+04	1.234700e+04
1.098518e+04	-2.862600e+04
1.098557e+04	2.054400e+04
1.098595e+04	-2.860900e+04
1.098633e+04	-8.144000e+03
1.098671e+04	-1.222400e+04
1.098709e+04	-1.631200e+04
1.098747e+04	-3.269700e+04
1.098785e+04	2.463600e+04
1.098824e+04	-2.044100e+04
1.098862e+04	-2.452400e+04
1.098900e+04	4.151000e+03
1.098938e+04	-2.452700e+04
1.098976e+04	4.154000e+03
1.099014e+04	8.255000e+03
1.099052e+04	1.643600e+04
1.099091e+04	-2.452100e+04
1.099129e+04	4.165000e+03
1.099167e+04	-4.031000e+03
1.099205e+04	4.139000e+03
1.099243e+04	4.150000e+03
1.099281e+04	2.870100e+04
1.099319e+04	8.257000e+03
1.099358e+04	4.168000e+03
1.099396e+04	-2.450600e+04
1.099434e+04	1.645500e+04
1.099472e+04	6.300000e+01
1.099510e+04	-2.450600e+04
1.099548e+04	2.466400e+04
1.099586e+04	-2.448400e+04
1.099625e+04	4.184000e+03
1.099663e+04	-1.222000e+04
1.099701e+04	-2.860700e+04
1.099739e+04	-1.631500e+04
1.099777e+04	2.463300e+04
1.099815e+04	-8.133000e+03
1.099854e+04	2.052200e+04
1.099892e+04	4.156000e+03
1.099930e+04	1.235300e+04
1.099968e+04	-4.035000e+03
1.100006e+04	2.464400e+04
1.100044e+04	-2.041400e+04
1.100082e+04	-2.453300e+04
1.100121e+04	-2.042600e+04
1.100159e+04	-2.452600e+04
1.100197e+04	1.643800e+04
1.100235e+04	1.644600e+04
1.100273e+04	-1.224700e+04
1.100311e+04	-2.042000e+04
1.100349e+04	-2.450900e+04
1.100388e+04	-1.632500e+04
1.100426e+04	-2.046100e+04
1.100464e+04	-3.273400e+04
1.100502e+04	-2.043200e+04
1.100540e+04	-2.042000e+04
1.100578e+04	-2.042300e+04
1.100616e+04	5.400000e+01
1.100655e+04	-1.222800e+04
1.100693e+04	-3.271600e+04
1.100731e+04	-2.452900e+04
1.100769e+04	2.462900e+04
1.100807e+04	-1.224700e+04
1.100845e+04	1.643800e+04
1.100883e+04	1.644300e+04
1.100922e+04	2.872800e+04
1.100960e+04	8.250000e+03
1.100998e+04	-1.632500e+04
1.101036e+04	-1.222600e+04
1.101074e+04	-1.222300e+04
1.101112e+04	4.162000e+03
1.101151e+04	-2.861100e+04
1.101189e+04	4.500000e+01
1.101227e+04	4.152000e+03
1.101265e+04	2.463800e+04
1.101303e+04	-1.632200e+04
1.101341e+04	-8.127000e+03
1.101379e+04	6.800000e+01
1.101418e+04	-1.632200e+04
1.101456e+04	-8.140000e+03
1.101494e+04	8.250000e+03
1.101532e+04	-1.223200e+04
1.101570e+04	-8.134000e+03
1.101608e+04	2.053300e+04
1.101646e+04	-3.271200e+04
1.101685e+04	-1.222200e+04
1.101723e+04	7.000000e+01
1.101761e+04	1.235800e+04
1.101799e+04	8.261000e+03
1.101837e+04	-1.223300e+04
1.101875e+04	-1.632800e+04
1.101913e+04	1.235700e+04
1.101952e+04	2.873700e+04
1.101990e+04	1.644600e+04
1.102028e+04	8.262000e+03
1.102066e+04	-2.860600e+04
1.102104e+04	-4.033000e+03
1.102142e+04	2.464700e+04
1.102180e+04	1.235600e+04
1.102219e+04	-8.134000e+03
1.102257e+04	1.645300e+04
1.102295e+04	-2.860100e+04
1.102333e+04	2.054700e+04
1.102371e+04	4.158000e+03
1.102409e+04	-2.042300e+04
1.102448e+04	8.247000e+03
1.102486e+04	8.238000e+03
1.102524e+04	2.461900e+04
1.102562e+04	1.233700e+04
1.102600e+04	5.400000e+01
1.102638e+04	2.463000e+04
1.102676e+04	-4.041000e+03
1.102715e+04	-1.223300e+04
1.102753e+04	8.247000e+03
1.102791e+04	1.234200e+04
1.102829e+04	-2.041800e+04
1.102867e+04	7.100000e+01
1.102905e+04	-1.631200e+04
1.102943e+04	4.162000e+03
1.102982e+04	-8.151000e+03
1.103020e+04	-1.633800e+04
1.103058e+04	2.461900e+04
1.103096e+04	1.235600e+04
1.103134e+04	-2.859900e+04
1.103172e+04	-2.041000e+04
1.103210e+04	-2.451400e+04
1.103249e+04	2.872200e+04
1.103287e+04	8.241000e+03
1.103325e+04	-3.270800e+04
1.103363e+04	-4.049000e+03
1.103401e+04	-1.223300e+04
1.103439e+04	4.161000e+03
1.103477e+04	1.644300e+04
1.103516e+04	-3.271000e+04
1.103554e+04	-2.451600e+04
1.103592e+04	-1.634000e+04
1.103630e+04	4.156000e+03
1.103668e+04	2.873300e+04
1.103706e+04	6.100000e+01
1.103745e+04	-3.270200e+04
1.103783e+04	8.251000e+03
1.103821e+04	2.462200e+04
1.103859e+04	4.154000e+03
1.103897e+04	8.239000e+03
1.103935e+04	4.143000e+03
1.103973e+04	2.054200e+04
1.104012e+04	2.054800e+04
1.104050e+04	1.645000e+04
1.104088e+04	8.250000e+03
1.104126e+04	-2.451100e+04
1.104164e+04	1.644200e+04
1.104202e+04	-1.632600e+04
1.104240e+04	-3.270800e+04
1.104279e+04	8.262000e+03
1.104317e+04	-2.039000e+04
1.104355e+04	9.700000e+01
1.104393e+04	-1.628900e+04
1.104431e+04	-1.220500e+04
1.104469e+04	-3.271200e+04
1.104507e+04	1.236100e+04
1.104546e+04	5.800000e+01
1.104584e+04	-3.269900e+04
1.104622e+04	2.874800e+04
1.104660e+04	-2.040500e+04
1.104698e+04	7.800000e+01
1.104736e+04	2.465200e+04
1.104774e+04	-2.451100e+04
1.104813e+04	-2.861600e+04
1.104851e+04	-2.451100e+04
1.104889e+04	1.235500e+04
1.104927e+04	2.464000e+04
1.104965e+04	5.600000e+01
1.105003e+04	-1.634600e+04
1.105042e+04	-1.633000e+04
1.105080e+04	-3.270800e+04
1.105118e+04	-8.134000e+03
1.105156e+04	-3.271400e+04
1.105194e+04	-1.223200e+04
1.105232e+04	1.644400e+04
1.105270e+04	4.157000e+03
1.105309e+04	4.153000e+03
1.105347e+04	-1.633100e+04
1.105385e+04	-4.031000e+03
1.105423e+04	4.170000e+03
1.105461e+04	2.465100e+04
1.105499e+04	-1.631600e+04
1.105537e+04	-2.862400e+04
1.105576e+04	-8.138000e+03
1.105614e+04	1.234400e+04
1.105652e+04	1.642300e+04
1.105690e+04	-4.046000e+03
1.105728e+04	-2.451500e+04
1.105766e+04	2.054200e+04
1.105804e+04	1.642800e+04
1.105843e+04	5.800000e+01
1.105881e+04	4.165000e+03
1.105919e+04	4.164000e+03
1.105957e+04	2.053800e+04
1.105995e+04	-2.046200e+04
1.106033e+04	2.053300e+04
1.106071e+04	-4.036000e+03
1.106110e+04	1.234600e+04
1.106148e+04	-4.050000e+03
1.106186e+04	-3.272600e+04
1.106224e+04	8.243000e+03
1.106262e+04	-1.632700e+04
1.106300e+04	-2.451500e+04
1.106339e+04	-3.270100e+04
1.106377e+04	2.464700e+04
1.106415e+04	-8.124000e+03
1.106453e+04	-1.223000e+04
1.106491e+04	-1.633000e+04
1.106529e+04	-2.042200e+04
1.106567e+04	-1.633000e+04
1.106606e+04	4.149000e+03
1.106644e+04	-2.862300e+04
1.106682e+04	-2.863500e+04
1.106720e+04	2.462800e+04
1.106758e+04	2.872600e+04
1.106796e+04	-1.224300e+04
1.106834e+04	2.053300e+04
1.106873e+04	2.873400e+04
1.106911e+04	4.157000e+03
1.106949e+04	-1.223300e+04
1.106987e+04	1.643800e+04
1.107025e+04	-3.270900e+04
1.107063e+04	6.200000e+01
1.107101e+04	2.873700e+04
1.107140e+04	-1.222100e+04
1.107178e+04	6.300000e+01
1.107216e+04	-2.043200e+04
1.107254e+04	-1.223200e+04
1.107292e+04	-4.037000e+03
1.107330e+04	-2.861600e+04
1.107368e+04	4.144000e+03
1.107407e+04	-1.227000e+04
1.107445e+04	-4.038000e+03
1.107483e+04	-1.222400e+04
1.107521e+04	5.700000e+01
1.107559e+04	1.233400e+04
1.107597e+04	2.054700e+04
1.107635e+04	-2.041300e+04
1.107674e+04	-2.451500e+04
1.107712e+04	1.234900e+04
1.107750e+04	2.873200e+04
1.107788e+04	1.644400e+04
1.107826e+04	1.644800e+04
1.107864e+04	-3.270900e+04
1.107903e+04	-1.634700e+04
1.107941e+04	1.644100e+04
1.107979e+04	8.246000e+03
1.108017e+04	-2.864600e+04
1.108055e+04	-2.042500e+04
1.108093e+04	-3.271300e+04
1.108131e+04	-1.226200e+04
1.108170e+04	-1.224700e+04
1.108208e+04	-1.633600e+04
1.108246e+04	4.153000e+03
1.108284e+04	-2.451400e+04
1.108322e+04	2.463800e+04
1.108360e+04	-1.632200e+04
1.108398e+04	2.054600e+04
1.108437e+04	8.264000e+03
1.108475e+04	-2.450200e+04
1.108513e+04	-4.025000e+03
1.108551e+04	-1.222900e+04
1.108589e+04	1.642400e+04
1.108627e+04	8.249000e+03
1.108665e+04	-1.632100e+04
1.108704e+04	-2.041300e+04
1.108742e+04	2.054400e+04
1.108780e+04	2.053300e+04
1.108818e+04	5.900000e+01
1.108856e+04	-4.043000e+03
1.108894e+04	2.460200e+04
1.108932e+04	-4.056000e+03
1.108971e+04	5.700000e+01
1.109009e+04	-4.032000e+03
1.109047e+04	-8.144000e+03
1.109085e+04	-1.221400e+04
1.109123e+04	-2.858600e+04
1.109161e+04	1.237600e+04
1.109200e+04	-3.268800e+04
1.109238e+04	-1.222500e+04
1.109276e+04	1.235500e+04
1.109314e+04	2.872900e+04
1.109352e+04	8.231000e+03
1.109390e+04	-1.223700e+04
1.109428e+04	2.463300e+04
1.109467e+04	1.235600e+04
1.109505e+04	1.235300e+04
1.109543e+04	-2.042500e+04
1.109581e+04	2.463700e+04
1.109619e+04	1.234100e+04
1.109657e+04	-8.140000e+03
1.109695e+04	1.644900e+04
1.109734e+04	-2.451000e+04
1.109772e+04	-1.222400e+04
1.109810e+04	2.463400e+04
1.109848e+04	1.642600e+04
1.109886e+04	1.643400e+04
1.109924e+04	-4.046000e+03
1.109962e+04	-8.137000e+03
1.110001e+04	4.158000e+03
1.110039e+04	6.200000e+01
1.110077e+04	-2.862000e+04
1.110115e+04	-1.633900e+04
1.110153e+04	2.873100e+04
1.110191e+04	5.100000e+01
1.110229e+04	2.873000e+04
1.110268e+04	-2.860300e+04
1.110306e+04	2.054700e+04
1.110344e+04	-2.863400e+04
1.110382e+04	2.053800e+04
1.110420e+04	8.254000e+03
1.110458e+04	4.153000e+03
1.110497e+04	4.154000e+03
1.110535e+04	-8.131000e+03
1.110573e+04	-1.222800e+04
1.110611e+04	2.053200e+04
1.110649e+04	-2.861700e+04
1.110687e+04	-2.042900e+04
1.110725e+04	1.233900e+04
1.110764e+04	8.261000e+03
1.110802e+04	7.000000e+01
1.110840e+04	2.463500e+04
1.110878e+04	-1.222400e+04
1.110916e+04	-1.222200e+04
1.110954e+04	4.153000e+03
1.110992e+04	-1.631500e+04
1.111031e+04	-1.631200e+04
1.111069e+04	2.464000e+04
1.111107e+04	-4.043000e+03
1.111145e+04	8.257000e+03
1.111183e+04	-2.041700e+04
1.111221e+04	-8.138000e+03
1.111259e+04	1.233600e+04
1.111298e+04	2.053100e+04
1.111336e+04	-1.632500e+04
1.111374e+04	2.873000e+04
1.111412e+04	2.463200e+04
1.111450e+04	2.054100e+04
1.111488e+04	8.252000e+03
1.111526e+04	4.135000e+03
1.111565e+04	1.233300e+04
1.111603e+04	-4.051000e+03
1.111641e+04	8.250000e+03
1.111679e+04	-3.270200e+04
1.111717e+04	-8.126000e+03
1.111755e+04	4.162000e+03
1.111794e+04	2.464300e+04
1.111832e+04	-2.042400e+04
1.111870e+04	1.643800e+04
1.111908e+04	4.165000e+03
1.111946e+04	-2.450400e+04
1.111984e+04	-2.860200e+04
1.112022e+04	2.054600e+04
1.112061e+04	-4.035000e+03
1.112099e+04	4.147000e+03
1.112137e+04	-4.055000e+03
1.112175e+04	6.300000e+01
1.112213e+04	-2.451200e+04
1.112251e+04	-3.272400e+04
1.112289e+04	-8.133000e+03
1.112328e+04	-4.027000e+03
1.112366e+04	-4.028000e+03
1.112404e+04	-4.037000e+03
1.112442e+04	-1.633600e+04
1.112480e+04	1.643800e+04
1.112518e+04	1.234900e+04
1.112556e+04	-2.041700e+04
1.112595e+04	2.873600e+04
1.112633e+04	-2.860800e+04
1.112671e+04	5.900000e+01
1.112709e+04	1.230800e+04
1.112747e+04	4.157000e+03
1.112785e+04	-1.221900e+04
1.112823e+04	-2.040700e+04
1.112862e+04	-2.040800e+04
1.112900e+04	-1.632000e+04
1.112938e+04	2.871200e+04
1.112976e+04	4.145000e+03
1.113014e+04	1.234200e+04
1.113052e+04	2.872100e+04
1.113091e+04	1.231200e+04
1.113129e+04	-2.042000e+04
1.113167e+04	-8.127000e+03
1.113205e+04	-8.135000e+03
1.113243e+04	1.233700e+04
1.113281e+04	8.250000e+03
1.113319e+04	2.462900e+04
1.113358e+04	2.463600e+04
1.113396e+04	2.054400e+04
1.113434e+04	6.200000e+01
1.113472e+04	1.644400e+04
1.113510e+04	-3.271500e+04
1.113548e+04	-2.043900e+04
1.113586e+04	-3.270500e+04
1.113625e+04	-8.126000e+03
1.113663e+04	-4.035000e+03
1.113701e+04	2.053500e+04
1.113739e+04	-4.056000e+03
1.113777e+04	-4.050000e+03
1.113815e+04	-2.862000e+04
1.113853e+04	2.873500e+04
1.113892e+04	2.875000e+04
1.113930e+04	-4.014000e+03
1.113968e+04	-2.449700e+04
1.114006e+04	-1.222800e+04
1.114044e+04	-8.130000e+03
1.114082e+04	-2.450400e+04
1.114120e+04	2.055000e+04
1.114159e+04	-8.129000e+03
1.114197e+04	4.153000e+03
1.114235e+04	-8.150000e+03
1.114273e+04	-1.223300e+04
1.114311e+04	-2.451200e+04
1.114349e+04	6.500000e+01
1.114388e+04	2.873100e+04
1.114426e+04	-2.452200e+04
1.114464e+04	2.053100e+04
1.114502e+04	-1.633000e+04
1.114540e+04	2.053600e+04
1.114578e+04	-2.453200e+04
1.114616e+04	-2.042100e+04
1.114655e+04	-1.632000e+04
1.114693e+04	-2.861700e+04
1.114731e+04	1.233600e+04
1.114769e+04	8.256000e+03
1.114807e+04	-1.631900e+04
1.114845e+04	-4.033000e+03
1.114883e+04	-2.042700e+04
1.114922e+04	-2.452600e+04
1.114960e+04	2.464200e+04
1.114998e+04	1.644700e+04
1.115036e+04	-3.272500e+04
1.115074e+04	1.232900e+04
1.115112e+04	-1.226600e+04
1.115150e+04	2.053500e+04
1.115189e+04	2.053700e+04
1.115227e+04	-4.052000e+03
1.115265e+04	8.256000e+03
1.115303e+04	1.645100e+04
1.115341e+04	-1.223000e+04
1.115379e+04	4.144000e+03
1.115417e+04	-2.043100e+04
1.115456e+04	-2.861900e+04
1.115494e+04	2.053500e+04
1.115532e+04	2.872100e+04
1.115570e+04	-8.143000e+03
1.115608e+04	-2.862200e+04
1.115646e+04	-1.224100e+04
1.115685e+04	-1.632500e+04
1.115723e+04	4.160000e+03
1.115761e+04	1.644800e+04
1.115799e+04	-1.632200e+04
1.115837e+04	-2.042000e+04
1.115875e+04	4.146000e+03
1.115913e+04	-4.036000e+03
1.115952e+04	-4.027000e+03
1.115990e+04	2.464300e+04
1.116028e+04	1.233100e+04
1.116066e+04	4.160000e+03
1.116104e+04	4.164000e+03
1.116142e+04	-2.861600e+04
1.116180e+04	-1.636200e+04
1.116219e+04	8.229000e+03
1.116257e+04	-8.135000e+03
1.116295e+04	-2.041600e+04
1.116333e+04	-1.223500e+04
1.116371e+04	-1.633300e+04
1.116409e+04	2.873500e+04
1.116447e+04	2.053200e+04
1.116486e+04	1.233100e+04
1.116524e+04	2.872600e+04
1.116562e+04	8.203000e+03
1.116600e+04	2.053800e+04
1.116638e+04	-2.041800e+04
1.116676e+04	4.150000e+03
1.116714e+04	1.233300e+04
1.116753e+04	-3.271700e+04
1.116791e+04	-3.271300e+04
1.116829e+04	4.144000e+03
1.116867e+04	-3.271500e+04
1.116905e+04	7.000000e+01
1.116943e+04	-2.450300e+04
1.116982e+04	-8.125000e+03
1.117020e+04	-8.143000e+03
1.117058e+04	8.239000e+03
1.117096e+04	4.139000e+03
1.117134e+04	-2.044000e+04
1.117172e+04	5.000000e+01
1.117210e+04	-4.053000e+03
1.117249e+04	1.232800e+04
1.117287e+04	-4.050000e+03
1.117325e+04	2.052600e+04
1.117363e+04	4.158000e+03
1.117401e+04	-2.041400e+04
1.117439e+04	-2.451100e+04
1.117477e+04	1.644700e+04
1.117516e+04	-4.031000e+03
1.117554e+04	2.464200e+04
1.117592e+04	-1.223000e+04
1.117630e+04	1.233600e+04
1.117668e+04	2.054200e+04
1.117706e+04	8.257000e+03
1.117744e+04	-8.147000e+03
1.117783e+04	2.054000e+04
1.117821e+04	-2.041000e+04
1.117859e+04	1.235500e+04
1.117897e+04	2.055000e+04
1.117935e+04	2.465800e+04
1.117973e+04	-2.449100e+04
1.118011e+04	2.056200e+04
1.118050e+04	-8.120000e+03
1.118088e+04	1.235200e+04
1.118126e+04	-1.222400e+04
1.118164e+04	6.500000e+01
1.118202e+04	8.250000e+03
1.118240e+04	-2.452500e+04
1.118279e+04	-1.222900e+04
1.118317e+04	-1.222500e+04
1.118355e+04	-3.270200e+04
1.118393e+04	8.254000e+03
1.118431e+04	-2.862400e+04
1.118469e+04	2.873500e+04
1.118507e+04	1.235300e+04
1.118546e+04	-4.036000e+03
1.118584e+04	4.147000e+03
1.118622e+04	-1.633100e+04
1.118660e+04	1.645600e+04
1.118698e+04	2.055700e+04
1.118736e+04	-2.450300e+04
1.118774e+04	-3.270900e+04
1.118813e+04	-1.632000e+04
1.118851e+04	2.055100e+04
1.118889e+04	-1.631600e+04
1.118927e+04	2.872900e+04
1.118965e+04	-2.451900e+04
1.119003e+04	-3.270800e+04
1.119041e+04	1.643400e+04
1.119080e+04	-2.042500e+04
1.119118e+04	2.463500e+04
1.119156e+04	2.463500e+04
1.119194e+04	-2.041700e+04
1.119232e+04	8.253000e+03
1.119270e+04	8.236000e+03
1.119308e+04	-1.223900e+04
1.119347e+04	-1.223400e+04
1.119385e+04	-8.139000e+03
1.119423e+04	-4.044000e+03
1.119461e+04	8.247000e+03
1.119499e+04	1.644300e+04
1.119537e+04	1.644300e+04
1.119576e+04	5.900000e+01
1.119614e+04	2.463500e+04
1.119652e+04	8.254000e+03
1.119690e+04	-1.632300e+04
1.119728e+04	-1.632900e+04
1.119766e+04	2.462800e+04
1.119804e+04	-2.041900e+04
1.119843e+04	-2.041300e+04
1.119881e+04	4.165000e+03
1.119919e+04	-1.632200e+04
1.119957e+04	2.461600e+04
1.119995e+04	-2.043900e+04
1.120033e+04	1.641500e+04
1.120071e+04	2.052700e+04
1.120110e+04	-3.271900e+04
1.120148e+04	-1.634000e+04
1.120186e+04	-1.224100e+04
1.120224e+04	2.870900e+04
1.120262e+04	-2.041500e+04
1.120300e+04	8.264000e+03
1.120338e+04	2.874200e+04
1.120377e+04	-2.861100e+04
1.120415e+04	1.234300e+04
1.120453e+04	-2.452900e+04
1.120491e+04	-8.145000e+03
1.120529e+04	4.163000e+03
1.120567e+04	-1.631200e+04
1.120605e+04	4.164000e+03
1.120644e+04	1.642900e+04
1.120682e+04	-2.861300e+04
1.120720e+04	2.054500e+04
1.120758e+04	-1.223200e+04
1.120796e+04	-2.453400e+04
1.120834e+04	2.463200e+04
1.120872e+04	-1.632200e+04
1.120911e+04	-1.222200e+04
1.120949e+04	-3.269900e+04
1.120987e+04	-2.041000e+04
1.121025e+04	-2.860600e+04
1.121063e+04	8.241000e+03
1.121101e+04	-2.043300e+04
1.121140e+04	1.234200e+04
1.121178e+04	4.141000e+03
1.121216e+04	2.051300e+04
1.121254e+04	2.052000e+04
1.121292e+04	2.871100e+04
1.121330e+04	2.871300e+04
1.121368e+04	-4.050000e+03
1.121407e+04	-1.633500e+04
1.121445e+04	1.643500e+04
1.121483e+04	8.242000e+03
1.121521e+04	-3.272700e+04
1.121559e+04	-1.227100e+04
1.121597e+04	1.234600e+04
1.121635e+04	-1.631500e+04
1.121674e+04	-2.859900e+04
1.121712e+04	1.235800e+04
1.121750e+04	-2.861200e+04
1.121788e+04	1.234200e+04
1.121826e+04	-4.049000e+03
1.121864e+04	-2.863700e+04
1.121902e+04	-2.042800e+04
1.121941e+04	2.051500e+04
1.121979e+04	-2.861700e+04
1.122017e+04	8.252000e+03
1.122055e+04	4.138000e+03
1.122093e+04	-2.452200e+04
1.122131e+04	4.159000e+03
1.122169e+04	2.462900e+04
1.122208e+04	8.235000e+03
1.122246e+04	-1.223200e+04
1.122284e+04	-8.140000e+03
1.122322e+04	2.871000e+04
1.122360e+04	8.246000e+03
1.122398e+04	1.643600e+04
1.122437e+04	-4.063000e+03
1.122475e+04	-2.453300e+04
1.122513e+04	-1.633900e+04
1.122551e+04	1.233100e+04
1.122589e+04	-1.224000e+04
1.122627e+04	2.872000e+04
1.122665e+04	8.259000e+03
1.122704e+04	-1.630700e+04
1.122742e+04	-2.859000e+04
1.122780e+04	-2.859200e+04
1.122818e+04	-2.040800e+04
1.122856e+04	2.873400e+04
1.122894e+04	8.256000e+03
1.122932e+04	6.000000e+01
1.122971e+04	4.400000e+01
1.123009e+04	4.154000e+03
1.123047e+04	2.463500e+04
1.123085e+04	-3.271100e+04
1.123123e+04	2.873400e+04
1.123161e+04	-4.035000e+03
1.123199e+04	-4.041000e+03
1.123238e+04	1.232600e+04
1.123276e+04	2.869900e+04
1.123314e+04	2.463200e+04
1.123352e+04	1.644400e+04
1.123390e+04	8.240000e+03
1.123428e+04	-4.041000e+03
1.123466e+04	8.258000e+03
1.123505e+04	-3.270600e+04
1.123543e+04	2.462600e+04
1.123581e+04	1.235300e+04
1.123619e+04	8.259000e+03
1.123657e+04	2.054200e+04
1.123695e+04	8.254000e+03
1.123734e+04	2.054300e+04
1.123772e+04	1.644300e+04
1.123810e+04	-1.223800e+04
1.123848e+04	-2.452300e+04
1.123886e+04	-4.037000e+03
1.123924e+04	4.160000e+03
1.123962e+04	-1.631800e+04
1.124001e+04	1.645100e+04
1.124039e+04	-2.041400e+04
1.124077e+04	-4.033000e+03
1.124115e+04	5.500000e+01
1.124153e+04	1.233500e+04
1.124191e+04	2.463500e+04
1.124229e+04	-2.041800e+04
1.124268e+04	2.463600e+04
1.124306e+04	2.462700e+04
1.124344e+04	-1.633500e+04
1.124382e+04	-1.223200e+04
1.124420e+04	-2.861600e+04
1.124458e+04	1.233300e+04
1.124496e+04	-2.044900e+04
1.124535e+04	1.230700e+04
1.124573e+04	4.300000e+01
1.124611e+04	-4.038000e+03
1.124649e+04	2.054400e+04
1.124687e+04	-4.039000e+03
1.124725e+04	-8.154000e+03
1.124763e+04	-2.041600e+04
1.124802e+04	-2.860400e+04
1.124840e+04	-1.222500e+04
1.124878e+04	-2.042300e+04
1.124916e+04	-1.633200e+04
1.124954e+04	1.233900e+04
1.124992e+04	2.461900e+04
1.125031e+04	-8.148000e+03
1.125069e+04	-2.041900e+04
1.125107e+04	4.158000e+03
1.125145e+04	1.234300e+04
1.125183e+04	4.145000e+03
1.125221e+04	2.461100e+04
1.125259e+04	-4.047000e+03
1.125298e+04	-2.451400e+04
1.125336e+04	1.644600e+04
1.125374e+04	-2.861700e+04
1.125412e+04	-2.862100e+04
1.125450e+04	-8.134000e+03
1.125488e+04	-1.631900e+04
1.125526e+04	2.463900e+04
1.125565e+04	-1.632700e+04
1.125603e+04	1.233300e+04
1.125641e+04	-1.224100e+04
1.125679e+04	-4.035000e+03
1.125717e+04	2.463300e+04
1.125755e+04	1.233300e+04
1.125793e+04	8.259000e+03
1.125832e+04	-1.631500e+04
1.125870e+04	-1.632500e+04
1.125908e+04	1.233900e+04
1.125946e+04	5.900000e+01
1.125984e+04	8.254000e+03
1.126022e+04	-2.041700e+04
1.126060e+04	5.800000e+01
1.126099e+04	-1.224000e+04
1.126137e+04	4.200000e+01
1.126175e+04	1.233800e+04
1.126213e+04	-1.222900e+04
1.126251e+04	2.054100e+04
1.126289e+04	5.100000e+01
1.126328e+04	4.128000e+03
1.126366e+04	-8.157000e+03
1.126404e+04	2.051700e+04
1.126442e+04	-2.863200e+04
1.126480e+04	2.051200e+04
1.126518e+04	8.215000e+03
1.126556e+04	-1.226700e+04
1.126595e+04	-8.148000e+03
1.126633e+04	-2.861400e+04
1.126671e+04	-2.451400e+04
1.126709e+04	5.900000e+01
1.126747e+04	-1.226000e+04
1.126785e+04	5.200000e+01
1.126823e+04	2.463400e+04
1.126862e+04	8.234000e+03
1.126900e+04	-2.861400e+04
1.126938e+04	-4.028000e+03
1.126976e+04	-1.631700e+04
1.127014e+04	-2.451800e+04
1.127052e+04	-2.861800e+04
1.127090e+04	4.142000e+03
1.127129e+04	-1.223400e+04
1.127167e+04	-4.028000e+03
1.127205e+04	2.055100e+04
1.127243e+04	-2.860600e+04
1.127281e+04	4.155000e+03
1.127319e+04	-1.224700e+04
1.127357e+04	1.641900e+04
1.127396e+04	-1.223800e+04
1.127434e+04	-1.222100e+04
1.127472e+04	-3.269200e+04
1.127510e+04	7.700000e+01
1.127548e+04	6.300000e+01
1.127586e+04	2.872600e+04
1.127625e+04	-3.270400e+04
1.127663e+04	2.463200e+04
1.127701e+04	-1.223600e+04
1.127739e+04	-8.131000e+03
1.127777e+04	2.872200e+04
1.127815e+04	-4.038000e+03
1.127853e+04	1.235300e+04
1.127892e+04	8.251000e+03
1.127930e+04	1.235100e+04
1.127968e+04	4.170000e+03
1.128006e+04	1.645800e+04
1.128044e+04	6.200000e+01
1.128082e+04	2.053500e+04
1.128120e+04	-1.221900e+04
1.128159e+04	-2.860700e+04
1.128197e+04	-3.272000e+04
1.128235e+04	-3.269300e+04
1.128273e+04	1.646500e+04
1.128311e+04	-1.630700e+04
1.128349e+04	2.054300e+04
1.128387e+04	2.874500e+04
1.128426e+04	-2.040300e+04
1.128464e+04	2.874500e+04
1.128502e+04	2.054400e+04
1.128540e+04	2.873100e+04
1.128578e+04	-1.222600e+04
1.128616e+04	-2.861200e+04
1.128654e+04	-2.043200e+04
1.128693e+04	2.462600e+04
1.128731e+04	-8.145000e+03
1.128769e+04	-8.133000e+03
1.128807e+04	4.164000e+03
1.128845e+04	8.257000e+03
1.128883e+04	-1.634000e+04
1.128922e+04	1.234200e+04
1.128960e+04	6.100000e+01
1.128998e+04	-2.043500e+04
1.129036e+04	-2.451900e+04
1.129074e+04	4.162000e+03
1.129112e+04	-3.270700e+04
1.129150e+04	1.234900e+04
1.129189e+04	1.236000e+04
1.129227e+04	-3.269700e+04
1.129265e+04	1.644700e+04
1.129303e+04	-1.632100e+04
1.129341e+04	-1.222900e+04
1.129379e+04	-2.044500e+04
1.129417e+04	-8.140000e+03
1.129456e+04	1.642200e+04
1.129494e+04	4.700000e+01
1.129532e+04	-2.042600e+04
1.129570e+04	4.147000e+03
1.129608e+04	8.253000e+03
1.129646e+04	-2.451600e+04
1.129684e+04	1.643900e+04
1.129723e+04	6.100000e+01
1.129761e+04	2.053700e+04
1.129799e+04	-8.155000e+03
1.129837e+04	-3.271500e+04
1.129875e+04	4.149000e+03
1.129913e+04	8.210000e+03
1.129951e+04	-8.144000e+03
1.129990e+04	-2.043000e+04
1.130028e+04	-2.452500e+04
1.130066e+04	1.235400e+04
1.130104e+04	2.464700e+04
1.130142e+04	-1.631500e+04
1.130180e+04	1.235100e+04
1.130219e+04	2.872900e+04
1.130257e+04	-2.452200e+04
1.130295e+04	-4.048000e+03
1.130333e+04	-1.222900e+04
1.130371e+04	2.054400e+04
1.130409e+04	-4.037000e+03
1.130447e+04	8.247000e+03
1.130486e+04	2.463200e+04
1.130524e+04	2.463200e+04
1.130562e+04	-2.041700e+04
1.130600e+04	8.262000e+03
1.130638e+04	-2.860300e+04
1.130676e+04	2.873800e+04
1.130714e+04	-1.631700e+04
1.130753e+04	7.000000e+01
1.130791e+04	7.100000e+01
1.130829e+04	2.873900e+04
1.130867e+04	-1.222600e+04
1.130905e+04	-2.861700e+04
1.130943e+04	-2.863800e+04
1.130981e+04	-2.453400e+04
1.131020e+04	2.462300e+04
1.131058e+04	2.870300e+04
1.131096e+04	-4.049000e+03
1.131134e+04	-8.138000e+03
1.131172e+04	2.873000e+04
1.131210e+04	-1.223400e+04
1.131248e+04	-2.452900e+04
1.131287e+04	1.233300e+04
1.131325e+04	-3.271400e+04
1.131363e+04	2.464000e+04
1.131401e+04	2.873900e+04
1.131439e+04	-1.222500e+04
1.131477e+04	-4.040000e+03
1.131516e+04	-2.862800e+04
1.131554e+04	8.237000e+03
1.131592e+04	-2.452200e+04
1.131630e+04	-2.862500e+04
1.131668e+04	-2.861400e+04
1.131706e+04	-1.632400e+04
1.131744e+04	1.642500e+04
1.131783e+04	2.053800e+04
1.131821e+04	-2.861500e+04
1.131859e+04	-3.272300e+04
1.131897e+04	-2.041700e+04
1.131935e+04	2.054400e+04
1.131973e+04	2.053100e+04
1.132011e+04	-2.863500e+04
1.132050e+04	5.200000e+01
1.132088e+04	-4.035000e+03
1.132126e+04	2.463400e+04
1.132164e+04	8.236000e+03
1.132202e+04	-3.271600e+04
1.132240e+04	-2.862900e+04
1.132278e+04	4.168000e+03
1.132317e+04	-1.221000e+04
1.132355e+04	7.500000e+01
1.132393e+04	1.234300e+04
1.132431e+04	2.464100e+04
1.132469e+04	1.235500e+04
1.132507e+04	2.053900e+04
1.132545e+04	1.233200e+04
1.132584e+04	2.461900e+04
1.132622e+04	-2.042200e+04
1.132660e+04	8.254000e+03
1.132698e+04	-2.861000e+04
1.132736e+04	-8.134000e+03
1.132774e+04	-1.223000e+04
1.132813e+04	1.235100e+04
1.132851e+04	-1.223100e+04
1.132889e+04	-2.044600e+04
1.132927e+04	4.155000e+03
1.132965e+04	-1.633100e+04
1.133003e+04	-2.042000e+04
1.133041e+04	-2.041000e+04
1.133080e+04	2.464600e+04
1.133118e+04	1.644800e+04
1.133156e+04	1.234800e+04
1.133194e+04	-3.271500e+04
1.133232e+04	-8.138000e+03
1.133270e+04	-4.037000e+03
1.133308e+04	5.500000e+01
1.133347e+04	4.300000e+01
1.133385e+04	-2.862000e+04
1.133423e+04	-1.633500e+04
1.133461e+04	-1.632400e+04
1.133499e+04	-1.222000e+04
1.133537e+04	-1.222000e+04
1.133575e+04	-2.041900e+04
1.133614e+04	8.249000e+03
1.133652e+04	4.157000e+03
1.133690e+04	2.464400e+04
1.133728e+04	-1.221900e+04
1.133766e+04	-4.031000e+03
1.133804e+04	2.873100e+04
1.133842e+04	-3.271400e+04
1.133881e+04	4.153000e+03
1.133919e+04	2.873100e+04
1.133957e+04	-4.046000e+03
1.133995e+04	8.238000e+03
1.134033e+04	-3.270800e+04
1.134071e+04	-3.270900e+04
1.134109e+04	-2.863300e+04
1.134148e+04	-3.272300e+04
1.134186e+04	-8.141000e+03
1.134224e+04	2.871400e+04
1.134262e+04	8.209000e+03
1.134300e+04	-2.043500e+04
1.134338e+04	-2.452500e+04
1.134377e+04	-1.223400e+04
1.134415e+04	-4.046000e+03
1.134453e+04	-4.054000e+03
1.134491e+04	2.463800e+04
1.134529e+04	-8.122000e+03
1.134567e+04	2.055400e+04
1.134605e+04	-2.860100e+04
1.134644e+04	-8.136000e+03
1.134682e+04	-2.861600e+04
1.134720e+04	6.400000e+01
1.134758e+04	-1.223200e+04
1.134796e+04	-3.273100e+04
1.134834e+04	-2.043000e+04
1.134872e+04	-8.127000e+03
1.134911e+04	-2.040900e+04
1.134949e+04	-8.125000e+03
1.134987e+04	1.233600e+04
1.135025e+04	4.147000e+03
1.135063e+04	2.053100e+04
1.135101e+04	2.462700e+04
1.135139e+04	-4.042000e+03
1.135178e+04	2.462700e+04
1.135216e+04	8.251000e+03
1.135254e+04	8.250000e+03
1.135292e+04	1.643200e+04
1.135330e+04	4.158000e+03
1.135368e+04	-1.631700e+04
1.135406e+04	-2.450900e+04
1.135445e+04	-1.222300e+04
1.135483e+04	2.463300e+04
1.135521e+04	8.222000e+03
1.135559e+04	2.053700e+04
1.135597e+04	1.235400e+04
1.135635e+04	-2.450700e+04
1.135674e+04	7.100000e+01
1.135712e+04	-2.860400e+04
1.135750e+04	-1.222900e+04
1.135788e+04	-1.223800e+04
1.135826e+04	-2.452900e+04
1.135864e+04	4.140000e+03
1.135902e+04	4.160000e+03
1.135941e+04	-4.030000e+03
1.135979e+04	-2.042100e+04
1.136017e+04	4.100000e+01
1.136055e+04	1.643300e+04
1.136093e+04	1.233300e+04
1.136131e+04	-2.452600e+04
1.136169e+04	2.463500e+04
1.136208e+04	4.158000e+03
1.136246e+04	1.234300e+04
1.136284e+04	1.642500e+04
1.136322e+04	1.234700e+04
1.136360e+04	-1.632400e+04
1.136398e+04	5.400000e+01
1.136436e+04	-1.223800e+04
1.136475e+04	4.160000e+03
1.136513e+04	-2.041400e+04
1.136551e+04	-1.223100e+04
1.136589e+04	2.872400e+04
1.136627e+04	6.200000e+01
1.136665e+04	6.200000e+01
1.136703e+04	-1.223900e+04
1.136742e+04	2.052400e+04
1.136780e+04	2.872900e+04
1.136818e+04	2.463200e+04
1.136856e+04	2.700000e+01
1.136894e+04	-1.223700e+04
1.136932e+04	-4.038000e+03
1.136971e+04	2.873400e+04
1.137009e+04	4.148000e+03
1.137047e+04	1.235100e+04
1.137085e+04	-3.269600e+04
1.137123e+04	-2.860500e+04
1.137161e+04	2.052600e+04
1.137199e+04	1.645300e+04
1.137238e+04	2.873900e+04
1.137276e+04	4.165000e+03
1.137314e+04	-2.040400e+04
1.137352e+04	-1.221500e+04
1.137390e+04	-3.270300e+04
1.137428e+04	2.464000e+04
1.137466e+04	1.234300e+04
1.137505e+04	-2.861600e+04
1.137543e+04	8.253000e+03
1.137581e+04	2.053000e+04
1.137619e+04	2.054200e+04
1.137657e+04	-1.223200e+04
1.137695e+04	-1.633900e+04
1.137733e+04	-4.038000e+03
1.137772e+04	1.233200e+04
1.137810e+04	1.645700e+04
1.137848e+04	2.465400e+04
1.137886e+04	4.168000e+03
1.137924e+04	-1.632000e+04
1.137962e+04	-2.860400e+04
1.138000e+04	-2.041700e+04
1.138039e+04	8.260000e+03
1.138077e+04	4.164000e+03
1.138115e+04	1.234700e+04
1.138153e+04	-2.450800e+04
1.138191e+04	-2.450600e+04
1.138229e+04	6.000000e+01
1.138268e+04	-2.863500e+04
1.138306e+04	2.051600e+04
1.138344e+04	-1.225100e+04
1.138382e+04	2.872100e+04
1.138420e+04	2.872800e+04
1.138458e+04	6.300000e+01
1.138496e+04	2.054300e+04
1.138535e+04	1.234100e+04
1.138573e+04	-3.272300e+04
1.138611e+04	2.462800e+04
1.138649e+04	-3.272000e+04
1.138687e+04	-3.272400e+04
1.138725e+04	1.644200e+04
1.138763e+04	4.157000e+03
1.138802e+04	1.644000e+04
1.138840e+04	-1.224200e+04
1.138878e+04	1.642900e+04
1.138916e+04	4.400000e+01
1.138954e+04	-2.453900e+04
1.138992e+04	-2.862000e+04
1.139030e+04	-2.861200e+04
1.139069e+04	-4.036000e+03
1.139107e+04	-8.126000e+03
1.139145e+04	1.235600e+04
1.139183e+04	-2.451900e+04
1.139221e+04	1.643800e+04
1.139259e+04	4.163000e+03
1.139297e+04	-3.270300e+04
1.139336e+04	1.644200e+04
1.139374e+04	-1.633000e+04
1.139412e+04	-2.862000e+04
1.139450e+04	-3.272000e+04
1.139488e+04	-8.143000e+03
1.139526e+04	1.643500e+04
1.139565e+04	2.462600e+04
1.139603e+04	-3.271700e+04
1.139641e+04	2.872400e+04
1.139679e+04	5.800000e+01
1.139717e+04	-1.222500e+04
1.139755e+04	6.500000e+01
1.139793e+04	-2.452100e+04
1.139832e+04	2.872700e+04
1.139870e+04	-4.035000e+03
1.139908e+04	2.462600e+04
1.139946e+04	-2.860900e+04
1.139984e+04	-2.859900e+04
1.140022e+04	-4.027000e+03
1.140060e+04	-2.454500e+04
1.140099e+04	-1.221800e+04
1.140137e+04	2.464900e+04
1.140175e+04	-2.041800e+04
1.140213e+04	4.157000e+03
1.140251e+04	-8.126000e+03
1.140289e+04	2.463400e+04
1.140327e+04	-3.272300e+04
1.140366e+04	4.147000e+03
1.140404e+04	-1.223300e+04
1.140442e+04	5.900000e+01
1.140480e+04	-2.861700e+04
1.140518e+04	-1.632200e+04
1.140556e+04	-2.861100e+04
1.140594e+04	-1.633400e+04
1.140633e+04	-2.452000e+04
1.140671e+04	2.461400e+04
1.140709e+04	-8.136000e+03
1.140747e+04	-1.222300e+04
1.140785e+04	-2.861200e+04
1.140823e+04	-1.631800e+04
1.140862e+04	-2.041000e+04
1.140900e+04	1.644800e+04
1.140938e+04	-2.861400e+04
1.140976e+04	-2.042600e+04
1.141014e+04	1.234200e+04
1.141052e+04	2.463500e+04
1.141090e+04	-2.452900e+04
1.141129e+04	-2.862200e+04
1.141167e+04	-4.043000e+03
1.141205e+04	-4.046000e+03
1.141243e+04	-8.129000e+03
1.141281e+04	1.235500e+04
1.141319e+04	-2.860600e+04
1.141357e+04	2.873800e+04
1.141396e+04	-1.222300e+04
1.141434e+04	-2.861100e+04
1.141472e+04	2.053700e+04
1.141510e+04	-4.030000e+03
1.141548e+04	8.258000e+03
1.141586e+04	5.700000e+01
1.141624e+04	8.262000e+03
1.141663e+04	2.054100e+04
1.141701e+04	-1.221500e+04
1.141739e+04	1.236900e+04
1.141777e+04	8.245000e+03
1.141815e+04	-1.629400e+04
1.141853e+04	2.058100e+04
1.141891e+04	1.020000e+02
1.141930e+04	-1.629100e+04
1.141968e+04	-4.033000e+03
1.142006e+04	-2.859600e+04
1.142044e+04	2.464700e+04
1.142082e+04	-4.038000e+03
1.142120e+04	-3.269900e+04
1.142159e+04	2.053800e+04
1.142197e+04	-1.221600e+04
1.142235e+04	1.236100e+04
1.142273e+04	6.400000e+01
1.142311e+04	-2.041100e+04
1.142349e+04	2.464300e+04
1.142387e+04	-2.041500e+04
1.142426e+04	4.168000e+03
1.142464e+04	1.235300e+04
1.142502e+04	-2.043200e+04
1.142540e+04	-4.029000e+03
1.142578e+04	2.874000e+04
1.142616e+04	-2.041000e+04
1.142654e+04	2.464800e+04
1.142693e+04	-1.222300e+04
1.142731e+04	-2.862100e+04
1.142769e+04	1.645000e+04
1.142807e+04	2.464300e+04
1.142845e+04	4.160000e+03
1.142883e+04	8.256000e+03
1.142921e+04	8.257000e+03
1.142960e+04	8.249000e+03
1.142998e+04	4.600000e+01
1.143036e+04	-1.632100e+04
1.143074e+04	8.257000e+03
1.143112e+04	2.872900e+04
1.143150e+04	1.234400e+04
1.143188e+04	-8.134000e+03
1.143227e+04	-2.452900e+04
1.143265e+04	-2.451500e+04
1.143303e+04	1.645300e+04
1.143341e+04	-2.860800e+04
1.143379e+04	2.871800e+04
1.143417e+04	-2.451700e+04
1.143456e+04	2.464100e+04
1.143494e+04	-8.131000e+03
1.143532e+04	2.462700e+04
1.143570e+04	-2.452600e+04
1.143608e+04	2.053800e+04
1.143646e+04	-2.861700e+04
1.143684e+04	1.233500e+04
1.143723e+04	4.118000e+03
1.143761e+04	1.234000e+04
1.143799e+04	-8.132000e+03
1.143837e+04	2.873300e+04
1.143875e+04	2.462400e+04
1.143913e+04	2.052600e+04
1.143951e+04	-1.223000e+04
1.143990e+04	1.234300e+04
1.144028e+04	2.464100e+04
1.144066e+04	2.055300e+04
1.144104e+04	1.645600e+04
1.144142e+04	1.234800e+04
1.144180e+04	-1.224300e+04
1.144218e+04	-1.632500e+04
1.144257e+04	-4.036000e+03
1.144295e+04	-3.271100e+04
1.144333e+04	2.870900e+04
1.144371e+04	-2.042700e+04
1.144409e+04	-8.130000e+03
1.144447e+04	-2.861600e+04
1.144485e+04	-4.064000e+03
1.144524e+04	1.644200e+04
1.144562e+04	-1.632600e+04
1.144600e+04	1.642600e+04
1.144638e+04	2.053900e+04
1.144676e+04	-2.860900e+04
1.144714e+04	-3.271100e+04
1.144753e+04	-4.036000e+03
1.144791e+04	-2.041500e+04
1.144829e+04	2.873400e+04
1.144867e+04	8.254000e+03
1.144905e+04	1.235200e+04
1.144943e+04	6.300000e+01
1.144981e+04	-2.860400e+04
1.145020e+04	1.236000e+04
1.145058e+04	-3.270300e+04
1.145096e+04	2.871900e+04
1.145134e+04	-1.632100e+04
1.145172e+04	1.235700e+04
1.145210e+04	7.100000e+01
1.145248e+04	-2.451100e+04
1.145287e+04	4.129000e+03
1.145325e+04	4.159000e+03
1.145363e+04	4.165000e+03
1.145401e+04	2.873400e+04
1.145439e+04	2.872800e+04
1.145477e+04	-8.132000e+03
1.145515e+04	-2.041700e+04
1.145554e+04	-1.222400e+04
1.145592e+04	4.159000e+03
1.145630e+04	-1.223000e+04
1.145668e+04	2.873300e+04
1.145706e+04	-2.860500e+04
1.145744e+04	2.873700e+04
1.145782e+04	2.871900e+04
1.145821e+04	-1.633100e+04
1.145859e+04	2.054400e+04
1.145897e+04	6.200000e+01
1.145935e+04	-8.138000e+03
1.145973e+04	4.153000e+03
1.146011e+04	-4.037000e+03
1.146050e+04	1.233900e+04
1.146088e+04	5.900000e+01
1.146126e+04	4.164000e+03
1.146164e+04	2.054500e+04
1.146202e+04	1.234100e+04
1.146240e+04	-2.043600e+04
1.146278e+04	4.143000e+03
1.146317e+04	-1.223400e+04
1.146355e+04	2.051400e+04
1.146393e+04	-2.041600e+04
1.146431e+04	2.874600e+04
1.146469e+04	4.161000e+03
1.146507e+04	2.053400e+04
1.146545e+04	1.235400e+04
1.146584e+04	-2.041600e+04
1.146622e+04	4.185000e+03
1.146660e+04	2.467200e+04
1.146698e+04	1.238300e+04
1.146736e+04	1.237200e+04
1.146774e+04	4.163000e+03
1.146812e+04	2.874900e+04
1.146851e+04	-1.221800e+04
1.146889e+04	2.055200e+04
1.146927e+04	-4.017000e+03
1.146965e+04	2.465600e+04
1.147003e+04	-2.450000e+04
1.147041e+04	-1.631600e+04
1.147079e+04	-4.038000e+03
1.147118e+04	-3.271500e+04
1.147156e+04	-3.272400e+04
1.147194e+04	-4.042000e+03
1.147232e+04	-3.270800e+04
1.147270e+04	-4.041000e+03
1.147308e+04	2.462700e+04
1.147346e+04	-3.270500e+04
1.147385e+04	1.235700e+04
1.147423e+04	-2.041400e+04
1.147461e+04	1.644700e+04
1.147499e+04	1.235400e+04
1.147537e+04	1.644300e+04
1.147575e+04	-2.044900e+04
1.147614e+04	-3.271500e+04
1.147652e+04	-8.149000e+03
1.147690e+04	-2.452900e+04
1.147728e+04	-1.222400e+04
1.147766e+04	-4.028000e+03
1.147804e+04	-2.041400e+04
1.147842e+04	2.872900e+04
1.147881e+04	2.054600e+04
1.147919e+04	-1.222000e+04
1.147957e+04	-4.037000e+03
1.147995e+04	8.227000e+03
1.148033e+04	5.100000e+01
1.148071e+04	1.642700e+04
1.148109e+04	2.462800e+04
1.148148e+04	-3.271200e+04
1.148186e+04	-4.042000e+03
1.148224e+04	-1.633300e+04
1.148262e+04	-8.143000e+03
1.148300e+04	6.100000e+01
1.148338e+04	2.873700e+04
1.148376e+04	2.873300e+04
1.148415e+04	-2.452400e+04
1.148453e+04	-1.222900e+04
1.148491e+04	-4.035000e+03
1.148529e+04	4.154000e+03
1.148567e+04	2.053200e+04
1.148605e+04	2.052600e+04
1.148643e+04	2.463300e+04
1.148682e+04	-8.129000e+03
1.148720e+04	4.157000e+03
1.148758e+04	5.300000e+01
1.148796e+04	-2.452000e+04
1.148834e+04	-1.223400e+04
1.148872e+04	2.460300e+04
1.148911e+04	2.872800e+04
1.148949e+04	-2.041900e+04
1.148987e+04	2.463200e+04
1.149025e+04	3.600000e+01
1.149063e+04	-1.225900e+04
1.149101e+04	1.642400e+04
1.149139e+04	2.052200e+04
1.149178e+04	4.143000e+03
1.149216e+04	2.462800e+04
1.149254e+04	-1.633200e+04
1.149292e+04	1.232400e+04
1.149330e+04	-4.052000e+03
1.149368e+04	1.234100e+04
1.149406e+04	-2.044900e+04
1.149445e+04	-2.862300e+04
1.149483e+04	-2.451800e+04
1.149521e+04	-8.135000e+03
1.149559e+04	-1.632700e+04
1.149597e+04	-4.038000e+03
1.149635e+04	2.464200e+04
1.149673e+04	-3.269600e+04
1.149712e+04	-1.631300e+04
1.149750e+04	2.873700e+04
1.149788e+04	-4.035000e+03
1.149826e+04	4.161000e+03
1.149864e+04	6.300000e+01
1.149902e+04	1.644000e+04
1.149940e+04	-2.453400e+04
1.149979e+04	1.232400e+04
1.150017e+04	1.232600e+04
1.150055e+04	1.233000e+04
1.150093e+04	-2.043600e+04
1.150131e+04	2.053700e+04
1.150169e+04	1.645300e+04
1.150208e+04	-4.025000e+03
1.150246e+04	4.163000e+03
1.150284e+04	-1.633400e+04
1.150322e+04	2.873000e+04
1.150360e+04	2.463500e+04
1.150398e+04	-1.224700e+04
1.150436e+04	-1.632500e+04
1.150475e+04	1.235300e+04
1.150513e+04	2.873200e+04
1.150551e+04	4.148000e+03
1.150589e+04	-2.861100e+04
1.150627e+04	1.235900e+04
1.150665e+04	4.170000e+03
1.150703e+04	4.166000e+03
1.150742e+04	-1.633000e+04
1.150780e+04	-8.150000e+03
1.150818e+04	-3.271200e+04
1.150856e+04	2.872800e+04
1.150894e+04	2.053000e+04
1.150932e+04	-3.273100e+04
1.150970e+04	-1.633100e+04
1.151009e+04	-2.861000e+04
1.151047e+04	-3.270900e+04
1.151085e+04	4.600000e+01
1.151123e+04	4.146000e+03
1.151161e+04	8.254000e+03
1.151199e+04	8.254000e+03
1.151237e+04	2.872300e+04
1.151276e+04	1.234300e+04
1.151314e+04	1.644000e+04
1.151352e+04	4.148000e+03
1.151390e+04	1.236300e+04
1.151428e+04	1.646600e+04
1.151466e+04	4.176000e+03
1.151505e+04	-1.221800e+04
1.151543e+04	-4.037000e+03
1.151581e+04	4.159000e+03
1.151619e+04	2.053100e+04
1.151657e+04	-2.862700e+04
1.151695e+04	2.872600e+04
1.151733e+04	-3.271400e+04
1.151772e+04	2.053100e+04
1.151810e+04	4.153000e+03
1.151848e+04	-1.223000e+04
1.151886e+04	-3.270900e+04
1.151924e+04	2.872900e+04
1.151962e+04	4.154000e+03
1.152000e+04	-2.452100e+04
1.152039e+04	-3.271600e+04
1.152077e+04	-2.042700e+04
1.152115e+04	-1.632700e+04
1.152153e+04	-2.451700e+04
1.152191e+04	-2.042400e+04
1.152229e+04	-8.142000e+03
1.152267e+04	-2.453600e+04
1.152306e+04	2.462700e+04
1.152344e+04	-1.222900e+04
1.152382e+04	-8.130000e+03
1.152420e+04	1.644800e+04
1.152458e+04	4.155000e+03
1.152496e+04	-4.037000e+03
1.152534e+04	-3.269900e+04
1.152573e+04	2.055200e+04
1.152611e+04	-4.026000e+03
1.152649e+04	-2.041400e+04
1.152687e+04	-4.040000e+03
1.152725e+04	-1.224000e+04
1.152763e+04	4.159000e+03
1.152802e+04	-4.032000e+03
1.152840e+04	6.100000e+01
1.152878e+04	8.251000e+03
1.152916e+04	-1.222300e+04
1.152954e+04	6.700000e+01
1.152992e+04	-8.135000e+03
1.153030e+04	1.643800e+04
1.153069e+04	2.463300e+04
1.153107e+04	1.235100e+04
1.153145e+04	-4.024000e+03
1.153183e+04	-1.631100e+04
1.153221e+04	8.259000e+03
1.153259e+04	-8.135000e+03
1.153297e+04	-8.138000e+03
1.153336e+04	-8.144000e+03
1.153374e+04	-2.861300e+04
1.153412e+04	-1.222600e+04
1.153450e+04	2.053400e+04
1.153488e+04	-3.273600e+04
1.153526e+04	-3.271400e+04
1.153564e+04	-2.041700e+04
1.153603e+04	6.500000e+01
1.153641e+04	8.250000e+03
1.153679e+04	-8.167000e+03
1.153717e+04	8.249000e+03
1.153755e+04	-1.223200e+04
1.153793e+04	-4.053000e+03
1.153831e+04	2.464000e+04
1.153870e+04	1.645100e+04
1.153908e+04	-2.451600e+04
1.153946e+04	2.053200e+04
1.153984e+04	-3.273000e+04
1.154022e+04	-1.632700e+04
1.154060e+04	1.644700e+04
1.154099e+04	2.462300e+04
1.154137e+04	-2.041600e+04
1.154175e+04	-2.040900e+04
1.154213e+04	8.256000e+03
1.154251e+04	2.461500e+04
1.154289e+04	-4.035000e+03
1.154327e+04	2.053800e+04
1.154366e+04	2.053700e+04
1.154404e+04	6.500000e+01
1.154442e+04	-3.270500e+04
1.154480e+04	-2.452400e+04
1.154518e+04	1.231100e+04
1.154556e+04	8.238000e+03
1.154594e+04	-2.864200e+04
1.154633e+04	8.237000e+03
1.154671e+04	-2.043700e+04
1.154709e+04	4.200000e+01
1.154747e+04	2.873000e+04
1.154785e+04	2.053300e+04
1.154823e+04	1.234500e+04
1.154861e+04	-2.041200e+04
1.154900e+04	1.235300e+04
1.154938e+04	-1.224100e+04
1.154976e+04	6.100000e+01
1.155014e+04	1.234700e+04
1.155052e+04	-3.274000e+04
1.155090e+04	-1.632700e+04
1.155128e+04	-8.140000e+03
1.155167e+04	-4.061000e+03
1.155205e+04	-2.042300e+04
1.155243e+04	4.153000e+03
1.155281e+04	-2.862200e+04
1.155319e+04	-2.860600e+04
1.155357e+04	7.200000e+01
1.155396e+04	-4.029000e+03
1.155434e+04	2.873000e+04
1.155472e+04	-3.270100e+04
1.155510e+04	1.645000e+04
1.155548e+04	-2.862900e+04
1.155586e+04	4.149000e+03
1.155624e+04	-4.043000e+03
1.155663e+04	-2.451900e+04
1.155701e+04	1.644300e+04
1.155739e+04	4.147000e+03
1.155777e+04	-2.860800e+04
1.155815e+04	-4.030000e+03
1.155853e+04	2.053900e+04
1.155891e+04	4.142000e+03
1.155930e+04	1.233900e+04
1.155968e+04	-1.633200e+04
1.156006e+04	-8.136000e+03
1.156044e+04	6.300000e+01
1.156082e+04	6.300000e+01
1.156120e+04	2.872100e+04
1.156158e+04	-3.269100e+04
1.156197e+04	1.647000e+04
1.156235e+04	-1.220100e+04
1.156273e+04	-2.449500e+04
1.156311e+04	-8.126000e+03
1.156349e+04	-2.861800e+04
1.156387e+04	2.052700e+04
1.156425e+04	-2.861800e+04
1.156464e+04	-2.041800e+04
1.156502e+04	-1.632700e+04
1.156540e+04	4.135000e+03
1.156578e+04	8.247000e+03
1.156616e+04	2.872300e+04
1.156654e+04	-1.633500e+04
1.156693e+04	-3.272600e+04
1.156731e+04	-8.143000e+03
1.156769e+04	1.645000e+04
1.156807e+04	2.054600e+04
1.156845e+04	-2.862000e+04
1.156883e+04	-8.150000e+03
1.156921e+04	-2.451300e+04
1.156960e+04	-1.631300e+04
1.156998e+04	2.874400e+04
1.157036e+04	4.162000e+03
1.157074e+04	1.235000e+04
1.157112e+04	-3.270000e+04
1.157150e+04	7.000000e+01
1.157188e+04	4.163000e+03
1.157227e+04	5.600000e+01
1.157265e+04	1.644100e+04
1.157303e+04	-2.041200e+04
1.157341e+04	-2.450600e+04
1.157379e+04	-2.451100e+04
1.157417e+04	-2.861900e+04
1.157455e+04	2.461400e+04
1.157494e+04	-2.453000e+04
1.157532e+04	4.145000e+03
1.157570e+04	1.643600e+04
1.157608e+04	-3.271800e+04
1.157646e+04	8.241000e+03
1.157684e+04	1.643300e+04
1.157722e+04	-8.148000e+03
1.157761e+04	-3.271100e+04
1.157799e+04	-8.127000e+03
1.157837e+04	-1.222300e+04
1.157875e+04	-1.632700e+04
1.157913e+04	-4.046000e+03
1.157951e+04	5.600000e+01
1.157990e+04	-1.223000e+04
1.158028e+04	1.644400e+04
1.158066e+04	2.053500e+04
1.158104e+04	-4.056000e+03
1.158142e+04	4.800000e+01
1.158180e+04	8.239000e+03
1.158218e+04	-1.633100e+04
1.158257e+04	2.463200e+04
1.158295e+04	4.149000e+03
1.158333e+04	2.873900e+04
1.158371e+04	1.236300e+04
1.158409e+04	-2.040500e+04
1.158447e+04	4.167000e+03
1.158485e+04	1.234700e+04
1.158524e+04	-4.056000e+03
1.158562e+04	-4.039000e+03
1.158600e+04	2.872200e+04
1.158638e+04	2.462600e+04
1.158676e+04	-4.032000e+03
1.158714e+04	6.300000e+01
1.158752e+04	-2.862800e+04
1.158791e+04	4.000000e+01
1.158829e+04	-4.048000e+03
1.158867e+04	-1.632600e+04
1.158905e+04	2.054100e+04
1.158943e+04	-4.041000e+03
1.158981e+04	-1.632900e+04
1.159019e+04	2.872100e+04
1.159058e+04	8.241000e+03
1.159096e+04	1.645100e+04
1.159134e+04	-8.122000e+03
1.159172e+04	8.257000e+03
1.159210e+04	-8.142000e+03
1.159248e+04	2.462800e+04
1.159287e+04	-1.223200e+04
1.159325e+04	2.053800e+04
1.159363e+04	8.249000e+03
1.159401e+04	3.800000e+01
1.159439e+04	-3.271800e+04
1.159477e+04	-3.271500e+04
1.159515e+04	2.871200e+04
1.159554e+04	4.160000e+03
1.159592e+04	2.874100e+04
1.159630e+04	6.500000e+01
1.159668e+04	-8.128000e+03
1.159706e+04	-8.123000e+03
1.159744e+04	-8.125000e+03
1.159782e+04	-4.030000e+03
1.159821e+04	-2.041300e+04
1.159859e+04	-2.042500e+04
1.159897e+04	2.872300e+04
1.159935e+04	-2.041700e+04
1.159973e+04	2.463600e+04
1.160011e+04	8.258000e+03
1.160049e+04	-1.222100e+04
1.160088e+04	2.872300e+04
1.160126e+04	-2.041000e+04
1.160164e+04	-2.450400e+04
1.160202e+04	-4.056000e+03
1.160240e+04	2.055400e+04
1.160278e+04	-1.220800e+04
1.160316e+04	2.465100e+04
1.160355e+04	-2.861500e+04
1.160393e+04	2.052500e+04
1.160431e+04	-4.032000e+03
1.160469e+04	2.874400e+04
1.160507e+04	-8.125000e+03
1.160545e+04	-2.861600e+04
1.160583e+04	-2.451300e+04
1.160622e+04	-1.223200e+04
1.160660e+04	-2.452500e+04
1.160698e+04	-2.452200e+04
1.160736e+04	1.642400e+04
1.160774e+04	-4.047000e+03
1.160812e+04	1.645400e+04
1.160851e+04	-2.859400e+04
1.160889e+04	-2.859700e+04
1.160927e+04	-2.450500e+04
1.160965e+04	4.182000e+03
1.161003e+04	-1.629600e+04
1.161041e+04	-1.630500e+04
1.161079e+04	2.871800e+04
1.161118e+04	-8.119000e+03
1.161156e+04	2.464500e+04
1.161194e+04	5.800000e+01
1.161232e+04	-2.860700e+04
1.161270e+04	-2.042500e+04
1.161308e+04	-2.861600e+04
1.161346e+04	-1.223000e+04
1.161385e+04	8.216000e+03
1.161423e+04	2.463600e+04
1.161461e+04	4.162000e+03
1.161499e+04	4.166000e+03
1.161537e+04	2.055100e+04
1.161575e+04	4.162000e+03
1.161613e+04	8.259000e+03
1.161652e+04	4.164000e+03
1.161690e+04	5.800000e+01
1.161728e+04	-3.271900e+04
1.161766e+04	-2.041400e+04
1.161804e+04	-1.221900e+04
1.161842e+04	-1.222100e+04
1.161880e+04	8.257000e+03
1.161919e+04	-8.135000e+03
1.161957e+04	-8.152000e+03
1.161995e+04	8.207000e+03
1.162033e+04	-8.141000e+03
1.162071e+04	-8.132000e+03
1.162109e+04	-1.223100e+04
1.162148e+04	-8.153000e+03
1.162186e+04	-1.223900e+04
1.162224e+04	4.400000e+01
1.162262e+04	-2.862200e+04
1.162300e+04	-3.270500e+04
1.162338e+04	-3.270100e+04
1.162376e+04	-2.860400e+04
1.162415e+04	-2.860500e+04
1.162453e+04	-2.451500e+04
1.162491e+04	-2.861600e+04
1.162529e+04	-2.451700e+04
1.162567e+04	4.162000e+03
1.162605e+04	2.054800e+04
1.162643e+04	2.464100e+04
1.162682e+04	-2.451700e+04
1.162720e+04	2.053400e+04
1.162758e+04	2.871100e+04
1.162796e+04	-2.451700e+04
1.162834e+04	2.464900e+04
1.162872e+04	-2.450000e+04
1.162910e+04	8.262000e+03
1.162949e+04	2.872400e+04
1.162987e+04	-1.631800e+04
1.163025e+04	-8.131000e+03
1.163063e+04	4.159000e+03
1.163101e+04	2.874100e+04
1.163139e+04	-8.134000e+03
1.163177e+04	5.200000e+01
1.163216e+04	-2.451200e+04
1.163254e+04	2.053300e+04
1.163292e+04	-8.131000e+03
1.163330e+04	8.260000e+03
1.163368e+04	-1.222600e+04
1.163406e+04	4.139000e+03
1.163445e+04	1.643100e+04
1.163483e+04	2.053700e+04
1.163521e+04	2.463400e+04
1.163559e+04	-3.276000e+04
1.163597e+04	1.644000e+04
1.163635e+04	-3.271300e+04
1.163673e+04	-1.224900e+04
1.163712e+04	2.463900e+04
1.163750e+04	-2.041900e+04
1.163788e+04	3.500000e+01
1.163826e+04	-2.042700e+04
1.163864e+04	-2.452900e+04
1.163902e+04	8.246000e+03
1.163940e+04	2.873500e+04
1.163979e+04	1.644300e+04
1.164017e+04	2.871900e+04
1.164055e+04	-2.043200e+04
1.164093e+04	1.640600e+04
1.164131e+04	1.643900e+04
1.164169e+04	2.873100e+04
1.164207e+04	1.643100e+04
1.164246e+04	-1.225000e+04
1.164284e+04	3.800000e+01
1.164322e+04	-2.860800e+04
1.164360e+04	-1.631400e+04
1.164398e+04	8.255000e+03
1.164436e+04	-1.223400e+04
1.164474e+04	7.100000e+01
1.164513e+04	-3.269900e+04
1.164551e+04	1.234300e+04
1.164589e+04	2.053700e+04
1.164627e+04	2.871900e+04
1.164665e+04	5.600000e+01
1.164703e+04	-8.124000e+03
1.164742e+04	-2.860200e+04
1.164780e+04	-1.631500e+04
1.164818e+04	4.161000e+03
1.164856e+04	4.144000e+03
1.164894e+04	4.160000e+03
1.164932e+04	-3.270600e+04
1.164970e+04	-2.452000e+04
1.165009e+04	-2.860100e+04
1.165047e+04	1.645800e+04
1.165085e+04	2.464200e+04
1.165123e+04	-3.270900e+04
1.165161e+04	-4.034000e+03
1.165199e+04	-2.042400e+04
1.165237e+04	2.050900e+04
1.165276e+04	-8.147000e+03
1.165314e+04	1.643800e+04
1.165352e+04	1.234400e+04
1.165390e+04	-3.271200e+04
1.165428e+04	-3.270900e+04
1.165466e+04	-3.270400e+04
1.165504e+04	-4.037000e+03
1.165543e+04	-4.042000e+03
1.165581e+04	6.800000e+01
1.165619e+04	-4.026000e+03
1.165657e+04	1.235000e+04
1.165695e+04	-2.453300e+04
1.165733e+04	-1.631800e+04
1.165771e+04	2.874100e+04
1.165810e+04	-3.270200e+04
1.165848e+04	-2.042400e+04
1.165886e+04	4.130000e+03
1.165924e+04	-3.271900e+04
1.165962e+04	2.053700e+04
1.166000e+04	4.800000e+01
1.166039e+04	-2.043400e+04
1.166077e+04	-8.133000e+03
1.166115e+04	5.700000e+01
1.166153e+04	-3.272700e+04
1.166191e+04	-4.048000e+03
1.166229e+04	-4.049000e+03
1.166267e+04	4.153000e+03
1.166306e+04	2.873100e+04
1.166344e+04	-4.057000e+03
1.166382e+04	5.700000e+01
1.166420e+04	-2.041900e+04
1.166458e+04	5.600000e+01
1.166496e+04	-1.631800e+04
1.166534e+04	-3.269900e+04
1.166573e+04	-3.270500e+04
1.166611e+04	8.250000e+03
1.166649e+04	8.252000e+03
1.166687e+04	-2.042900e+04
1.166725e+04	4.134000e+03
1.166763e+04	8.247000e+03
1.166801e+04	4.153000e+03
1.166840e+04	-8.138000e+03
1.166878e+04	2.053000e+04
1.166916e+04	-4.051000e+03
1.166954e+04	-4.052000e+03
1.166992e+04	-3.271500e+04
1.167030e+04	1.235000e+04
1.167068e+04	-3.270300e+04
1.167107e+04	-2.451100e+04
1.167145e+04	1.645100e+04
1.167183e+04	-2.860500e+04
1.167221e+04	2.463900e+04
1.167259e+04	-8.145000e+03
1.167297e+04	2.872400e+04
1.167336e+04	-1.223200e+04
1.167374e+04	-2.043400e+04
1.167412e+04	2.872300e+04
1.167450e+04	1.644600e+04
1.167488e+04	1.644300e+04
1.167526e+04	-3.272000e+04
1.167564e+04	-1.632200e+04
1.167603e+04	1.235400e+04
1.167641e+04	8.251000e+03
1.167679e+04	-3.273300e+04
1.167717e+04	-2.862200e+04
1.167755e+04	1.644200e+04
1.167793e+04	-3.271100e+04
1.167831e+04	2.463400e+04
1.167870e+04	-2.041900e+04
1.167908e+04	-2.042200e+04
1.167946e+04	-8.154000e+03
1.167984e+04	2.052700e+04
1.168022e+04	-1.632200e+04
1.168060e+04	-3.270300e+04
1.168098e+04	-1.632400e+04
1.168137e+04	1.233800e+04
1.168175e+04	-2.042600e+04
1.168213e+04	1.234000e+04
1.168251e+04	4.139000e+03
1.168289e+04	-8.154000e+03
1.168327e+04	-2.866200e+04
1.168365e+04	-1.226700e+04
1.168404e+04	4.146000e+03
1.168442e+04	-4.035000e+03
1.168480e+04	-8.131000e+03
1.168518e+04	8.239000e+03
1.168556e+04	2.053800e+04
1.168594e+04	8.257000e+03
1.168633e+04	-1.632200e+04
1.168671e+04	-3.270500e+04
1.168709e+04	-2.451500e+04
1.168747e+04	6.100000e+01
1.168785e+04	-2.860500e+04
1.168823e+04	1.235700e+04
1.168861e+04	-3.269900e+04
1.168900e+04	-1.631300e+04
1.168938e+04	1.236000e+04
1.168976e+04	-2.041500e+04
1.169014e+04	4.157000e+03
1.169052e+04	2.874300e+04
1.169090e+04	-4.028000e+03
1.169128e+04	1.233100e+04
1.169167e+04	-2.041000e+04
1.169205e+04	-4.024000e+03
1.169243e+04	-4.040000e+03
1.169281e+04	-1.632500e+04
1.169319e+04	-1.221900e+04
1.169357e+04	-2.860300e+04
1.169395e+04	2.053700e+04
1.169434e+04	2.053200e+04
1.169472e+04	-1.222300e+04
1.169510e+04	-4.045000e+03
1.169548e+04	-2.860100e+04
1.169586e+04	-1.630800e+04
1.169624e+04	1.234700e+04
1.169662e+04	-2.859800e+04
1.169701e+04	-2.039700e+04
1.169739e+04	-3.269100e+04
1.169777e+04	8.275000e+03
1.169815e+04	-1.219800e+04
1.169853e+04	4.185000e+03
1.169891e+04	8.268000e+03
1.169930e+04	-8.158000e+03
1.169968e+04	-8.140000e+03
1.170006e+04	2.053200e+04
1.170044e+04	-2.042000e+04
1.170082e+04	-3.272000e+04
1.170120e+04	-2.041000e+04
1.170158e+04	2.465000e+04
1.170197e+04	-2.041600e+04
1.170235e+04	-2.862300e+04
1.170273e+04	-1.223600e+04
1.170311e+04	2.052000e+04
1.170349e+04	-1.223700e+04
1.170387e+04	-1.632700e+04
1.170425e+04	2.054500e+04
1.170464e+04	-2.450600e+04
1.170502e+04	8.266000e+03
1.170540e+04	-1.221300e+04
1.170578e+04	2.464800e+04
1.170616e+04	-8.129000e+03
1.170654e+04	-1.223200e+04
1.170692e+04	8.249000e+03
1.170731e+04	-1.633800e+04
1.170769e+04	-1.224000e+04
1.170807e+04	2.463800e+04
1.170845e+04	4.158000e+03
1.170883e+04	2.053200e+04
1.170921e+04	8.254000e+03
1.170959e+04	2.054900e+04
1.170998e+04	2.055000e+04
1.171036e+04	-2.860900e+04
1.171074e+04	2.050700e+04
1.171112e+04	-1.222800e+04
1.171150e+04	-3.270100e+04
1.171188e+04	-2.450800e+04
1.171227e+04	-2.450900e+04
1.171265e+04	1.644300e+04
1.171303e+04	-1.633200e+04
1.171341e+04	-8.132000e+03
1.171379e+04	8.246000e+03
1.171417e+04	8.236000e+03
1.171455e+04	4.154000e+03
1.171494e+04	-2.861200e+04
1.171532e+04	1.234800e+04
1.171570e+04	-1.223000e+04
1.171608e+04	-3.271000e+04
1.171646e+04	-2.451400e+04
1.171684e+04	2.873500e+04
1.171722e+04	-4.037000e+03
1.171761e+04	-1.223400e+04
1.171799e+04	-8.134000e+03
1.171837e+04	-4.030000e+03
1.171875e+04	-3.269800e+04
1.171913e+04	-2.040900e+04
1.171951e+04	8.261000e+03
1.171989e+04	8.254000e+03
1.172028e+04	-3.272100e+04
1.172066e+04	-1.224700e+04
1.172104e+04	2.872200e+04
1.172142e+04	-2.451700e+04
1.172180e+04	-3.270700e+04
1.172218e+04	-2.862300e+04
1.172256e+04	8.230000e+03
1.172295e+04	-1.633200e+04
1.172333e+04	2.051900e+04
1.172371e+04	2.053400e+04
1.172409e+04	-4.036000e+03
1.172447e+04	-1.633300e+04
1.172485e+04	2.871100e+04
1.172523e+04	-1.632900e+04
1.172562e+04	2.873600e+04
1.172600e+04	-2.450600e+04
1.172638e+04	-2.041100e+04
1.172676e+04	8.250000e+03
1.172714e+04	2.053000e+04
1.172752e+04	-2.861800e+04
1.172791e+04	2.053700e+04
1.172829e+04	-2.042300e+04
1.172867e+04	4.144000e+03
1.172905e+04	-2.861300e+04
1.172943e+04	4.157000e+03
1.172981e+04	-1.634500e+04
1.173019e+04	-3.270400e+04
1.173058e+04	-2.041000e+04
1.173096e+04	1.235400e+04
1.173134e+04	1.234900e+04
1.173172e+04	-8.129000e+03
1.173210e+04	-1.223200e+04
1.173248e+04	-8.153000e+03
1.173286e+04	-2.863100e+04
1.173325e+04	-2.045300e+04
1.173363e+04	-1.224100e+04
1.173401e+04	2.462900e+04
1.173439e+04	-3.271800e+04
1.173477e+04	-8.145000e+03
1.173515e+04	2.052500e+04
1.173553e+04	-3.271600e+04
1.173592e+04	-3.270600e+04
1.173630e+04	-2.860600e+04
1.173668e+04	-4.033000e+03
1.173706e+04	2.053200e+04
1.173744e+04	-1.634300e+04
1.173782e+04	-1.632600e+04
1.173820e+04	6.500000e+01
1.173859e+04	-8.127000e+03
1.173897e+04	-8.135000e+03
1.173935e+04	1.232200e+04
1.173973e+04	1.643000e+04
1.174011e+04	2.462900e+04
1.174049e+04	-2.451600e+04
1.174088e+04	8.251000e+03
1.174126e+04	4.500000e+01
1.174164e+04	-8.144000e+03
1.174202e+04	-4.044000e+03
1.174240e+04	8.241000e+03
1.174278e+04	1.231300e+04
1.174316e+04	1.644600e+04
1.174355e+04	1.235800e+04
1.174393e+04	1.235400e+04
1.174431e+04	-2.861900e+04
1.174469e+04	-3.270300e+04
1.174507e+04	1.644300e+04
1.174545e+04	-3.270300e+04
1.174583e+04	4.175000e+03
1.174622e+04	4.177000e+03
1.174660e+04	1.236100e+04
1.174698e+04	1.643800e+04
1.174736e+04	-2.452000e+04
1.174774e+04	-2.863000e+04
1.174812e+04	8.238000e+03
1.174850e+04	-2.863000e+04
1.174889e+04	-8.158000e+03
1.174927e+04	8.229000e+03
1.174965e+04	2.872400e+04
1.175003e+04	-1.631700e+04
1.175041e+04	-1.222000e+04
1.175079e+04	-1.223400e+04
1.175117e+04	-2.451300e+04
1.175156e+04	8.261000e+03
1.175194e+04	2.463700e+04
1.175232e+04	2.461600e+04
1.175270e+04	2.463000e+04
1.175308e+04	6.800000e+01
1.175346e+04	1.645700e+04
1.175385e+04	-1.631300e+04
1.175423e+04	-4.035000e+03
1.175461e+04	1.232600e+04
1.175499e+04	1.641800e+04
1.175537e+04	2.872600e+04
1.175575e+04	-2.451400e+04
1.175613e+04	-8.131000e+03
1.175652e+04	-4.043000e+03
1.175690e+04	-1.223800e+04
1.175728e+04	-2.451600e+04
1.175766e+04	4.162000e+03
1.175804e+04	6.400000e+01
1.175842e+04	2.871800e+04
1.175880e+04	-1.223300e+04
1.175919e+04	4.160000e+03
1.175957e+04	-2.042000e+04
1.175995e+04	-3.270500e+04
1.176033e+04	2.464400e+04
1.176071e+04	-8.128000e+03
1.176109e+04	1.233900e+04
1.176147e+04	1.643500e+04
1.176186e+04	2.873900e+04
1.176224e+04	1.236100e+04
1.176262e+04	-4.028000e+03
1.176300e+04	-2.861200e+04
1.176338e+04	-2.041200e+04
1.176376e+04	2.054300e+04
1.176414e+04	1.643000e+04
1.176453e+04	-2.450900e+04
1.176491e+04	6.200000e+01
1.176529e+04	1.643200e+04
1.176567e+04	-1.631700e+04
1.176605e+04	2.873800e+04
1.176643e+04	4.149000e+03
1.176682e+04	-2.864700e+04
1.176720e+04	-8.166000e+03
1.176758e+04	-2.453500e+04
1.176796e+04	2.053500e+04
1.176834e+04	2.464400e+04
1.176872e+04	4.168000e+03
1.176910e+04	2.054400e+04
1.176949e+04	2.049600e+04
1.176987e+04	-1.632800e+04
1.177025e+04	2.053600e+04
1.177063e+04	-2.452100e+04
1.177101e+04	2.872000e+04
1.177139e+04	8.246000e+03
1.177177e+04	1.645400e+04
1.177216e+04	-1.631200e+04
1.177254e+04	2.464000e+04
1.177292e+04	-4.050000e+03
1.177330e+04	2.463800e+04
1.177368e+04	-1.632100e+04
1.177406e+04	1.234400e+04
1.177444e+04	1.642800e+04
1.177483e+04	-2.864500e+04
1.177521e+04	2.460900e+04
1.177559e+04	-2.453300e+04
1.177597e+04	8.234000e+03
1.177635e+04	-2.043400e+04
1.177673e+04	-2.452300e+04
1.177711e+04	-8.135000e+03
1.177750e+04	-2.451700e+04
1.177788e+04	4.160000e+03
1.177826e+04	2.874000e+04
1.177864e+04	2.464400e+04
1.177902e+04	-2.451500e+04
1.177940e+04	2.869600e+04
1.177979e+04	2.462700e+04
1.178017e+04	-1.222900e+04
1.178055e+04	2.873500e+04
1.178093e+04	-4.029000e+03
1.178131e+04	6.600000e+01
1.178169e+04	1.234500e+04
1.178207e+04	-8.132000e+03
1.178246e+04	1.645000e+04
1.178284e+04	-8.128000e+03
1.178322e+04	2.463400e+04
1.178360e+04	-2.861700e+04
1.178398e+04	1.644500e+04
1.178436e+04	6.100000e+01
1.178474e+04	4.900000e+01
1.178513e+04	-2.043400e+04
1.178551e+04	-1.222500e+04
1.178589e+04	-2.041400e+04
1.178627e+04	6.800000e+01
1.178665e+04	-2.450900e+04
1.178703e+04	-2.451200e+04
1.178741e+04	-3.271100e+04
1.178780e+04	1.643700e+04
1.178818e+04	8.249000e+03
1.178856e+04	-2.042000e+04
1.178894e+04	2.053800e+04
1.178932e+04	-1.224600e+04
1.178970e+04	2.871000e+04
1.179008e+04	2.872100e+04
1.179047e+04	-2.862900e+04
1.179085e+04	-1.223200e+04
1.179123e+04	-1.222300e+04
1.179161e+04	-1.222800e+04
1.179199e+04	2.463300e+04
1.179237e+04	-2.041200e+04
1.179276e+04	1.235500e+04
1.179314e+04	2.464600e+04
1.179352e+04	2.465700e+04
1.179390e+04	-2.449300e+04
1.179428e+04	-1.221200e+04
1.179466e+04	1.644500e+04
1.179504e+04	1.235800e+04
1.179543e+04	4.170000e+03
1.179581e+04	-4.031000e+03
1.179619e+04	8.209000e+03
1.179657e+04	-8.131000e+03
1.179695e+04	-1.222800e+04
1.179733e+04	-8.155000e+03
1.179771e+04	-1.223300e+04
1.179810e+04	2.053700e+04
1.179848e+04	4.147000e+03
1.179886e+04	4.158000e+03
1.179924e+04	-3.270500e+04
1.179962e+04	8.253000e+03
1.180000e+04	5.500000e+01
1.180038e+04	2.871900e+04
1.180077e+04	-2.453500e+04
1.180115e+04	4.149000e+03
1.180153e+04	2.463700e+04
1.180191e+04	-2.042200e+04
1.180229e+04	-8.145000e+03
1.180267e+04	-2.452100e+04
1.180305e+04	-2.862800e+04
1.180344e+04	-2.451700e+04
1.180382e+04	-4.030000e+03
1.180420e+04	-4.038000e+03
1.180458e+04	1.644300e+04
1.180496e+04	2.874000e+04
1.180534e+04	-2.451000e+04
1.180573e+04	2.053700e+04
1.180611e+04	-1.633100e+04
1.180649e+04	-2.863500e+04
1.180687e+04	-4.043000e+03
1.180725e+04	-3.270500e+04
1.180763e+04	-4.033000e+03
1.180801e+04	2.054400e+04
1.180840e+04	2.464200e+04
1.180878e+04	1.235700e+04
1.180916e+04	1.645400e+04
1.180954e+04	-8.125000e+03
1.180992e+04	2.054700e+04
1.181030e+04	2.873900e+04
1.181068e+04	1.235300e+04
1.181107e+04	-1.222900e+04
1.181145e+04	-8.133000e+03
1.181183e+04	-8.134000e+03
1.181221e+04	-4.045000e+03
1.181259e+04	1.232300e+04
1.181297e+04	-2.451600e+04
1.181335e+04	8.256000e+03
1.181374e+04	-3.270800e+04
1.181412e+04	-3.272800e+04
1.181450e+04	2.462100e+04
1.181488e+04	2.872800e+04
1.181526e+04	-1.632900e+04
1.181564e+04	2.051900e+04
1.181602e+04	-8.149000e+03
1.181641e+04	-2.861600e+04
1.181679e+04	8.250000e+03
1.181717e+04	1.234300e+04
1.181755e+04	1.234000e+04
1.181793e+04	8.236000e+03
1.181831e+04	-1.224100e+04
1.181870e+04	2.873500e+04
1.181908e+04	-1.632000e+04
1.181946e+04	-3.271400e+04
1.181984e+04	2.051400e+04
1.182022e+04	-4.042000e+03
1.182060e+04	-2.862600e+04
1.182098e+04	-2.043600e+04
1.182137e+04	4.149000e+03
1.182175e+04	-4.052000e+03
1.182213e+04	8.234000e+03
1.182251e+04	-4.047000e+03
1.182289e+04	-2.861900e+04
1.182327e+04	-8.140000e+03
1.182365e+04	-4.045000e+03
1.182404e+04	-3.272600e+04
1.182442e+04	-1.634000e+04
1.182480e+04	2.054100e+04
1.182518e+04	-3.270800e+04
1.182556e+04	8.237000e+03
1.182594e+04	-2.041300e+04
1.182632e+04	2.874600e+04
1.182671e+04	2.464400e+04
1.182709e+04	4.152000e+03
1.182747e+04	-3.269800e+04
1.182785e+04	2.464700e+04
1.182823e+04	-4.031000e+03
1.182861e+04	-2.860500e+04
1.182899e+04	2.873000e+04
1.182938e+04	5.200000e+01
1.182976e+04	-2.860400e+04
1.183014e+04	8.260000e+03
1.183052e+04	2.463100e+04
1.183090e+04	-2.452200e+04
1.183128e+04	4.159000e+03
1.183167e+04	8.256000e+03
1.183205e+04	8.257000e+03
1.183243e+04	4.160000e+03
1.183281e+04	2.873000e+04
1.183319e+04	-3.271400e+04
1.183357e+04	-2.042000e+04
1.183395e+04	8.240000e+03
1.183434e+04	-3.270700e+04
1.183472e+04	-2.450600e+04
1.183510e+04	6.500000e+01
1.183548e+04	2.870500e+04
1.183586e+04	2.873100e+04
1.183624e+04	2.463300e+04
1.183662e+04	1.231300e+04
1.183701e+04	-2.862400e+04
1.183739e+04	2.871500e+04
1.183777e+04	-4.036000e+03
1.183815e+04	7.000000e+01
1.183853e+04	2.874100e+04
1.183891e+04	6.300000e+01
1.183929e+04	8.254000e+03
1.183968e+04	2.461900e+04
1.184006e+04	-4.025000e+03
1.184044e+04	-1.221300e+04
1.184082e+04	-1.632300e+04
1.184120e+04	8.900000e+01
1.184158e+04	-3.999000e+03
1.184196e+04	-8.095000e+03
1.184235e+04	-8.104000e+03
1.184273e+04	2.872900e+04
1.184311e+04	2.464500e+04
1.184349e+04	5.500000e+01
1.184387e+04	-2.041200e+04
1.184425e+04	8.267000e+03
1.184464e+04	-1.221900e+04
1.184502e+04	5.300000e+01
1.184540e+04	8.229000e+03
1.184578e+04	4.600000e+01
1.184616e+04	-2.452100e+04
1.184654e+04	-1.633400e+04
1.184692e+04	-2.861000e+04
1.184731e+04	4.160000e+03
1.184769e+04	1.234400e+04
1.184807e+04	-2.453000e+04
1.184845e+04	-2.862000e+04
1.184883e+04	2.053700e+04
1.184921e+04	-2.043400e+04
1.184959e+04	-4.046000e+03
1.184998e+04	2.873800e+04
1.185036e+04	-2.860500e+04
1.185074e+04	1.644500e+04
1.185112e+04	-2.453600e+04
1.185150e+04	8.258000e+03
1.185188e+04	2.055100e+04
1.185226e+04	1.235300e+04
1.185265e+04	-2.453700e+04
1.185303e+04	1.644800e+04
1.185341e+04	-1.632400e+04
1.185379e+04	-2.861800e+04
1.185417e+04	2.054400e+04
1.185455e+04	6.000000e+01
1.185493e+04	-2.042400e+04
1.185532e+04	2.053600e+04
1.185570e+04	-2.864400e+04
1.185608e+04	-2.451700e+04
1.185646e+04	1.644800e+04
1.185684e+04	8.246000e+03
1.185722e+04	5.200000e+01
1.185760e+04	4.159000e+03
1.185799e+04	-2.041600e+04
1.185837e+04	-3.271200e+04
1.185875e+04	-4.052000e+03
1.185913e+04	-1.223900e+04
1.185951e+04	-3.271400e+04
1.185989e+04	1.235000e+04
1.186028e+04	8.256000e+03
1.186066e+04	-8.135000e+03
1.186104e+04	2.870100e+04
1.186142e+04	4.155000e+03
1.186180e+04	-8.128000e+03
1.186218e+04	-2.861500e+04
1.186256e+04	1.232600e+04
1.186295e+04	4.154000e+03
1.186333e+04	-1.223100e+04
1.186371e+04	1.234000e+04
1.186409e+04	-1.634300e+04
1.186447e+04	-1.632300e+04
1.186485e+04	4.168000e+03
1.186523e+04	2.055300e+04
1.186562e+04	2.464300e+04
1.186600e+04	1.234300e+04
1.186638e+04	2.052700e+04
1.186676e+04	1.643200e+04
1.186714e+04	2.100000e+01
1.186752e+04	8.245000e+03
1.186790e+04	2.054200e+04
1.186829e+04	1.234000e+04
1.186867e+04	3.900000e+01
1.186905e+04	-1.222900e+04
1.186943e+04	4.160000e+03
1.186981e+04	-2.450900e+04
1.187019e+04	-4.030000e+03
1.187057e+04	1.644100e+04
1.187096e+04	-1.631700e+04
1.187134e+04	4.167000e+03
1.187172e+04	1.235200e+04
1.187210e+04	-1.633500e+04
1.187248e+04	4.142000e+03
1.187286e+04	-1.632800e+04
1.187325e+04	1.235100e+04
1.187363e+04	-2.451500e+04
1.187401e+04	-8.142000e+03
1.187439e+04	4.800000e+01
1.187477e+04	2.054700e+04
1.187515e+04	2.055100e+04
1.187553e+04	-1.631800e+04
1.187592e+04	2.053500e+04
1.187630e+04	-3.272100e+04
1.187668e+04	-8.140000e+03
1.187706e+04	-2.042100e+04
1.187744e+04	6.200000e+01
1.187782e+04	-2.451300e+04
1.187820e+04	-1.222500e+04
1.187859e+04	6.000000e+01
1.187897e+04	-3.271000e+04
1.187935e+04	-4.039000e+03
1.187973e+04	1.643900e+04
1.188011e+04	-1.224600e+04
1.188049e+04	1.232400e+04
1.188087e+04	-8.142000e+03
1.188126e+04	-2.861500e+04
1.188164e+04	-1.632900e+04
1.188202e+04	-2.862300e+04
1.188240e+04	-2.043500e+04
1.188278e+04	-2.861800e+04
1.188316e+04	6.200000e+01
1.188354e+04	-3.270800e+04
1.188393e+04	4.154000e+03
1.188431e+04	2.053900e+04
1.188469e+04	4.153000e+03
1.188507e+04	-2.452700e+04
1.188545e+04	2.053100e+04
1.188583e+04	-2.861600e+04
1.188622e+04	1.234700e+04
1.188660e+04	-4.033000e+03
1.188698e+04	-2.450900e+04
1.188736e+04	6.600000e+01
1.188774e+04	2.463300e+04
1.188812e+04	-3.271200e+04
1.188850e+04	8.229000e+03
1.188889e+04	2.465200e+04
1.188927e+04	-1.629800e+04
1.188965e+04	2.056800e+04
1.189003e+04	-2.039800e+04
1.189041e+04	8.260000e+03
1.189079e+04	2.464600e+04
1.189117e+04	-2.860300e+04
1.189156e+04	-3.270500e+04
1.189194e+04	-2.861700e+04
1.189232e+04	3.400000e+01
1.189270e+04	1.234200e+04
1.189308e+04	4.159000e+03
1.189346e+04	-2.451600e+04
1.189384e+04	-1.222700e+04
1.189423e+04	1.644400e+04
1.189461e+04	4.149000e+03
1.189499e+04	8.238000e+03
1.189537e+04	2.872600e+04
1.189575e+04	-2.452200e+04
1.189613e+04	-4.055000e+03
1.189651e+04	1.640100e+04
1.189690e+04	-8.176000e+03
1.189728e+04	-1.633300e+04
1.189766e+04	1.235100e+04
1.189804e+04	-8.130000e+03
1.189842e+04	-1.223000e+04
1.189880e+04	2.463200e+04
1.189919e+04	5.800000e+01
1.189957e+04	8.251000e+03
1.189995e+04	5.600000e+01
1.190033e+04	1.000000e+00
1.190071e+04	2.873100e+04
1.190109e+04	6.600000e+01
1.190147e+04	2.873600e+04
1.190186e+04	4.159000e+03
1.190224e+04	2.054200e+04
1.190262e+04	1.234800e+04
1.190300e+04	2.053200e+04
1.190338e+04	-3.272000e+04
1.190376e+04	-3.271400e+04
1.190414e+04	-2.042000e+04
1.190453e+04	1.644900e+04
1.190491e+04	2.463800e+04
1.190529e+04	-3.271500e+04
1.190567e+04	-2.044100e+04
1.190605e+04	-1.635000e+04
1.190643e+04	1.233600e+04
1.190681e+04	1.234400e+04
1.190720e+04	-4.039000e+03
1.190758e+04	6.200000e+01
1.190796e+04	-8.131000e+03
1.190834e+04	-4.046000e+03
1.190872e+04	-1.226700e+04
1.190910e+04	8.240000e+03
1.190948e+04	1.235300e+04
1.190987e+04	-4.026000e+03
1.191025e+04	-3.270000e+04
1.191063e+04	-2.042900e+04
1.191101e+04	1.643800e+04
1.191139e+04	-1.632800e+04
1.191177e+04	-1.634000e+04
1.191216e+04	2.052800e+04
1.191254e+04	-3.271800e+04
1.191292e+04	2.462500e+04
1.191330e+04	1.234600e+04
1.191368e+04	-2.860900e+04
1.191406e+04	2.873200e+04
1.191444e+04	1.643300e+04
1.191483e+04	-1.634400e+04
1.191521e+04	-4.035000e+03
1.191559e+04	6.500000e+01
1.191597e+04	-1.632300e+04
1.191635e+04	2.872100e+04
1.191673e+04	4.900000e+01
1.191711e+04	-2.453400e+04
1.191750e+04	-2.452700e+04
1.191788e+04	4.600000e+01
1.191826e+04	-3.272100e+04
1.191864e+04	8.257000e+03
1.191902e+04	-8.129000e+03
1.191940e+04	-2.045300e+04
1.191978e+04	8.257000e+03
1.192017e+04	-2.860400e+04
1.192055e+04	2.873100e+04
1.192093e+04	2.463500e+04
1.192131e+04	4.160000e+03
1.192169e+04	-1.222500e+04
1.192207e+04	2.054500e+04
1.192245e+04	-2.451900e+04
1.192284e+04	4.133000e+03
1.192322e+04	2.872400e+04
1.192360e+04	1.233600e+04
1.192398e+04	4.157000e+03
1.192436e+04	-8.123000e+03
1.192474e+04	-4.027000e+03
1.192513e+04	-3.270900e+04
1.192551e+04	2.872500e+04
1.192589e+04	-8.137000e+03
1.192627e+04	8.231000e+03
1.192665e+04	-1.222500e+04
1.192703e+04	1.645500e+04
1.192741e+04	-3.269500e+04
1.192780e+04	-1.631200e+04
1.192818e+04	-2.860300e+04
1.192856e+04	-2.860900e+04
1.192894e+04	4.154000e+03
1.192932e+04	-8.131000e+03
1.192970e+04	-2.450600e+04
1.193008e+04	-1.221800e+04
1.193047e+04	-3.270600e+04
1.193085e+04	-4.039000e+03
1.193123e+04	-3.270800e+04
1.193161e+04	-2.862100e+04
1.193199e+04	2.462200e+04
1.193237e+04	-1.223200e+04
1.193275e+04	-4.027000e+03
1.193314e+04	-2.859800e+04
1.193352e+04	2.464800e+04
1.193390e+04	1.645200e+04
1.193428e+04	-1.631800e+04
1.193466e+04	-2.861100e+04
1.193504e+04	-1.223800e+04
1.193542e+04	-1.634900e+04
1.193581e+04	6.100000e+01
1.193619e+04	-3.271000e+04
1.193657e+04	1.234500e+04
1.193695e+04	-8.116000e+03
1.193733e+04	-3.268700e+04
1.193771e+04	7.600000e+01
1.193810e+04	2.463300e+04
1.193848e+04	4.163000e+03
1.193886e+04	-2.860400e+04
1.193924e+04	-2.042400e+04
1.193962e+04	-1.634300e+04
1.194000e+04	-2.866800e+04
1.194038e+04	8.246000e+03
1.194077e+04	2.054100e+04
1.194115e+04	2.872600e+04
1.194153e+04	2.870900e+04
1.194191e+04	-1.222700e+04
1.194229e+04	-3.270200e+04
1.194267e+04	-2.451600e+04
1.194305e+04	-8.145000e+03
1.194344e+04	2.872000e+04
1.194382e+04	2.050900e+04
1.194420e+04	2.873300e+04
1.194458e+04	-3.269800e+04
1.194496e+04	2.464500e+04
1.194534e+04	1.233500e+04
1.194572e+04	2.464100e+04
1.194611e+04	-2.860200e+04
1.194649e+04	1.644600e+04
1.194687e+04	6.300000e+01
1.194725e+04	-2.450900e+04
1.194763e+04	2.873700e+04
1.194801e+04	4.168000e+03
1.194839e+04	-1.221500e+04
1.194878e+04	-1.632200e+04
1.194916e+04	-2.453900e+04
1.194954e+04	1.234400e+04
1.194992e+04	-2.452500e+04
1.195030e+04	-2.451800e+04
1.195068e+04	2.872800e+04
1.195107e+04	1.641500e+04
1.195145e+04	8.242000e+03
1.195183e+04	-2.043400e+04
1.195221e+04	-1.222800e+04
1.195259e+04	2.054200e+04
1.195297e+04	-8.148000e+03
1.195335e+04	1.644100e+04
1.195374e+04	-3.271100e+04
1.195412e+04	2.461500e+04
1.195450e+04	8.237000e+03
1.195488e+04	4.900000e+01
1.195526e+04	-2.860100e+04
1.195564e+04	1.236400e+04
1.195602e+04	1.645100e+04
1.195641e+04	-8.144000e+03
1.195679e+04	-1.631800e+04
1.195717e+04	2.872900e+04
1.195755e+04	-2.862000e+04
1.195793e+04	-3.270300e+04
1.195831e+04	2.053600e+04
1.195869e+04	4.200000e+01
1.195908e+04	2.462600e+04
1.195946e+04	1.233900e+04
1.195984e+04	-2.860800e+04
1.196022e+04	-8.128000e+03
1.196060e+04	8.256000e+03
1.196098e+04	2.464300e+04
1.196136e+04	-3.270500e+04
1.196175e+04	-2.863100e+04
1.196213e+04	-8.132000e+03
1.196251e+04	4.160000e+03
1.196289e+04	2.053800e+04
1.196327e+04	8.247000e+03
1.196365e+04	-3.270900e+04
1.196404e+04	6.100000e+01
1.196442e+04	-3.270600e+04
1.196480e+04	-2.860400e+04
1.196518e+04	8.260000e+03
1.196556e+04	-2.042000e+04
1.196594e+04	2.871500e+04
1.196632e+04	-2.454900e+04
1.196671e+04	-3.273300e+04
1.196709e+04	8.241000e+03
1.196747e+04	-2.042400e+04
1.196785e+04	8.252000e+03
1.196823e+04	1.644900e+04
1.196861e+04	1.645100e+04
1.196899e+04	2.054300e+04
1.196938e+04	1.642500e+04
1.196976e+04	-1.632400e+04
1.197014e+04	8.259000e+03
1.197052e+04	-1.222300e+04
1.197090e+04	-2.041900e+04
1.197128e+04	-1.632400e+04
1.197166e+04	-2.451400e+04
1.197205e+04	-8.129000e+03
1.197243e+04	2.873700e+04
1.197281e+04	-4.031000e+03
1.197319e+04	6.200000e+01
1.197357e+04	4.800000e+01
1.197395e+04	4.154000e+03
1.197433e+04	-2.860400e+04
1.197472e+04	4.163000e+03
1.197510e+04	2.053300e+04
1.197548e+04	8.250000e+03
1.197586e+04	-1.222900e+04
1.197624e+04	-8.125000e+03
1.197662e+04	1.645900e+04
1.197701e+04	7.000000e+01
1.197739e+04	-2.862100e+04
1.197777e+04	-1.221400e+04
1.197815e+04	-2.450000e+04
1.197853e+04	1.235400e+04
1.197891e+04	-8.137000e+03
1.197929e+04	1.235000e+04
1.197968e+04	2.464400e+04
1.198006e+04	8.263000e+03
1.198044e+04	-1.631900e+04
1.198082e+04	8.255000e+03
1.198120e+04	2.464000e+04
1.198158e+04	2.054000e+04
1.198196e+04	-2.861000e+04
1.198235e+04	2.873300e+04
1.198273e+04	1.644000e+04
1.198311e+04	-2.043000e+04
1.198349e+04	-1.223500e+04
1.198387e+04	-3.270900e+04
1.198425e+04	1.232600e+04
1.198463e+04	2.874700e+04
1.198502e+04	2.465900e+04
1.198540e+04	-2.449600e+04
1.198578e+04	-1.222400e+04
1.198616e+04	-4.039000e+03
1.198654e+04	4.160000e+03
1.198692e+04	2.873000e+04
1.198730e+04	-1.222000e+04
1.198769e+04	-2.041300e+04
1.198807e+04	-3.271500e+04
1.198845e+04	-2.453300e+04
1.198883e+04	-3.270700e+04
1.198921e+04	2.464300e+04
1.198959e+04	-2.860800e+04
1.198997e+04	1.644600e+04
1.199036e+04	-8.123000e+03
1.199074e+04	-2.450500e+04
1.199112e+04	2.874300e+04
1.199150e+04	2.055000e+04
1.199188e+04	-3.270500e+04
1.199226e+04	4.900000e+01
1.199265e+04	-2.042400e+04
1.199303e+04	-1.633200e+04
1.199341e+04	-3.271500e+04
1.199379e+04	-4.038000e+03
1.199417e+04	2.463400e+04
1.199455e+04	-4.047000e+03
1.199493e+04	2.050000e+04
1.199532e+04	8.248000e+03
1.199570e+04	-2.861400e+04
1.199608e+04	4.146000e+03
1.199646e+04	2.053800e+04
1.199684e+04	2.464100e+04
1.199722e+04	6.700000e+01
1.199760e+04	-3.269800e+04
1.199799e+04	-3.269500e+04
1.199837e+04	-4.025000e+03
1.199875e+04	-2.041500e+04
1.199913e+04	-4.039000e+03
1.199951e+04	2.053000e+04
1.199989e+04	-2.044800e+04
1.200027e+04	-4.085000e+03
1.200066e+04	1.232300e+04
1.200104e+04	-2.044600e+04
1.200142e+04	8.251000e+03
1.200180e+04	-3.270100e+04
1.200218e+04	-1.222100e+04
1.200256e+04	-1.632300e+04
1.200294e+04	-3.271700e+04
1.200333e+04	-8.155000e+03
1.200371e+04	-8.130000e+03
1.200409e+04	-1.222000e+04
1.200447e+04	4.160000e+03
1.200485e+04	-1.633000e+04
1.200523e+04	-2.860900e+04
1.200562e+04	-4.032000e+03
1.200600e+04	1.234900e+04
1.200638e+04	8.250000e+03
1.200676e+04	4.143000e+03
1.200714e+04	2.462000e+04
1.200752e+04	-1.632300e+04
1.200790e+04	-3.270500e+04
1.200829e+04	2.053500e+04
1.200867e+04	-2.862800e+04
1.200905e+04	4.152000e+03
1.200943e+04	1.644800e+04
1.200981e+04	8.262000e+03
1.201019e+04	7.200000e+01
1.201057e+04	4.165000e+03
1.201096e+04	1.234900e+04
1.201134e+04	1.643500e+04
1.201172e+04	-4.051000e+03
1.201210e+04	-2.863100e+04
1.201248e+04	4.000000e+01
1.201286e+04	-2.043800e+04
1.201324e+04	-2.861600e+04
1.201363e+04	-8.130000e+03
1.201401e+04	-2.861000e+04
1.201439e+04	2.463200e+04
1.201477e+04	8.250000e+03
1.201515e+04	4.159000e+03
1.201553e+04	-2.041300e+04
1.201591e+04	-2.041100e+04
1.201630e+04	-2.451100e+04
1.201668e+04	2.053700e+04
1.201706e+04	8.252000e+03
1.201744e+04	-1.633400e+04
1.201782e+04	-8.142000e+03
1.201820e+04	1.235600e+04
1.201859e+04	-1.221600e+04
1.201897e+04	2.464800e+04
1.201935e+04	1.235600e+04
1.201973e+04	8.254000e+03
1.202011e+04	2.053000e+04
1.202049e+04	2.462500e+04
1.202087e+04	-2.042700e+04
1.202126e+04	8.250000e+03
1.202164e+04	6.000000e+01
1.202202e+04	-1.633000e+04
1.202240e+04	-2.452500e+04
1.202278e+04	1.234400e+04
1.202316e+04	-2.451700e+04
1.202354e+04	-1.633000e+04
1.202393e+04	-2.043200e+04
1.202431e+04	-2.451300e+04
1.202469e+04	-2.451000e+04
1.202507e+04	2.873100e+04
1.202545e+04	-2.451200e+04
1.202583e+04	-2.860300e+04
1.202621e+04	1.644600e+04
1.202660e+04	-2.863100e+04
1.202698e+04	-2.861300e+04
1.202736e+04	-2.042500e+04
1.202774e+04	1.644800e+04
1.202812e+04	-4.026000e+03
1.202850e+04	-8.124000e+03
1.202888e+04	-1.222700e+04
1.202927e+04	-1.223300e+04
1.202965e+04	8.240000e+03
1.203003e+04	4.146000e+03
1.203041e+04	2.874000e+04
1.203079e+04	-3.269600e+04
1.203117e+04	-2.860800e+04
1.203156e+04	-2.042800e+04
1.203194e+04	2.055300e+04
1.203232e+04	-1.630500e+04
1.203270e+04	2.465900e+04
1.203308e+04	-2.858900e+04
1.203346e+04	-1.221400e+04
1.203384e+04	-2.860400e+04
1.203423e+04	1.646100e+04
1.203461e+04	-1.221400e+04
1.203499e+04	2.872800e+04
1.203537e+04	-1.223300e+04
1.203575e+04	6.100000e+01
1.203613e+04	-4.032000e+03
1.203651e+04	-4.030000e+03
1.203690e+04	-1.633000e+04
1.203728e+04	4.143000e+03
1.203766e+04	-8.129000e+03
1.203804e+04	4.161000e+03
1.203842e+04	-8.133000e+03
1.203880e+04	-3.271500e+04
1.203918e+04	-2.451900e+04
1.203957e+04	1.234700e+04
1.203995e+04	4.148000e+03
1.204033e+04	-3.271700e+04
1.204071e+04	-2.043800e+04
1.204109e+04	-2.044700e+04
1.204147e+04	-2.042700e+04
1.204185e+04	1.235300e+04
1.204224e+04	-1.222000e+04
1.204262e+04	4.162000e+03
1.204300e+04	2.871900e+04
1.204338e+04	-2.862300e+04
1.204376e+04	-2.042200e+04
1.204414e+04	2.872900e+04
1.204453e+04	5.500000e+01
1.204491e+04	2.872400e+04
1.204529e+04	-2.042300e+04
1.204567e+04	-3.270700e+04
1.204605e+04	1.643800e+04
1.204643e+04	8.242000e+03
1.204681e+04	-2.042000e+04
1.204720e+04	-1.223200e+04
1.204758e+04	-1.633100e+04
1.204796e+04	-1.222300e+04
1.204834e+04	2.464300e+04
1.204872e+04	1.234800e+04
1.204910e+04	-4.041000e+03
1.204948e+04	4.157000e+03
1.204987e+04	1.644400e+04
1.205025e+04	8.245000e+03
1.205063e+04	1.643900e+04
1.205101e+04	-4.037000e+03
1.205139e+04	6.200000e+01
1.205177e+04	-2.451200e+04
1.205215e+04	2.054100e+04
1.205254e+04	1.233800e+04
1.205292e+04	-2.861500e+04
1.205330e+04	-1.633100e+04
1.205368e+04	1.230800e+04
1.205406e+04	-1.632800e+04
1.205444e+04	2.054000e+04
1.205482e+04	2.872600e+04
1.205521e+04	4.142000e+03
1.205559e+04	-8.143000e+03
1.205597e+04	2.462500e+04
1.205635e+04	8.242000e+03
1.205673e+04	-1.632900e+04
1.205711e+04	8.251000e+03
1.205750e+04	1.644700e+04
1.205788e+04	-2.860800e+04
1.205826e+04	2.873400e+04
1.205864e+04	-1.633100e+04
1.205902e+04	2.461400e+04
1.205940e+04	-3.271100e+04
1.205978e+04	-8.130000e+03
1.206017e+04	-1.223300e+04
1.206055e+04	-4.048000e+03
1.206093e+04	-1.222700e+04
1.206131e+04	1.235100e+04
1.206169e+04	-4.033000e+03
1.206207e+04	1.235400e+04
1.206245e+04	2.054400e+04
1.206284e+04	2.464200e+04
1.206322e+04	-2.041100e+04
1.206360e+04	1.235100e+04
1.206398e+04	2.051700e+04
1.206436e+04	-2.451000e+04
1.206474e+04	1.645500e+04
1.206512e+04	-8.127000e+03
1.206551e+04	-2.451500e+04
1.206589e+04	-1.222300e+04
1.206627e+04	-1.223800e+04
1.206665e+04	6.100000e+01
1.206703e+04	-8.121000e+03
1.206741e+04	-8.126000e+03
1.206779e+04	4.400000e+01
1.206818e+04	1.235600e+04
1.206856e+04	-2.450700e+04
1.206894e+04	2.873300e+04
1.206932e+04	4.152000e+03
1.206970e+04	-2.861400e+04
1.207008e+04	-2.041700e+04
1.207047e+04	-3.270100e+04
1.207085e+04	4.162000e+03
1.207123e+04	8.247000e+03
1.207161e+04	-2.863600e+04
1.207199e+04	2.054200e+04
1.207237e+04	2.464300e+04
1.207275e+04	-4.031000e+03
1.207314e+04	1.645100e+04
1.207352e+04	4.161000e+03
1.207390e+04	8.252000e+03
1.207428e+04	-2.861700e+04
1.207466e+04	8.251000e+03
1.207504e+04	-2.042200e+04
1.207542e+04	-8.149000e+03
1.207581e+04	4.800000e+01
1.207619e+04	2.873100e+04
1.207657e+04	-8.138000e+03
1.207695e+04	2.872300e+04
1.207733e+04	-1.632400e+04
1.207771e+04	-2.452200e+04
1.207809e+04	-4.059000e+03
1.207848e+04	2.872100e+04
1.207886e+04	2.052100e+04
1.207924e+04	1.234600e+04
1.207962e+04	-4.036000e+03
1.208000e+04	-3.270000e+04
1.208038e+04	-1.630700e+04
1.208076e+04	-8.114000e+03
1.208115e+04	2.464600e+04
1.208153e+04	4.900000e+01
1.208191e+04	-2.861300e+04
1.208229e+04	1.233900e+04
1.208267e+04	-1.222300e+04
1.208305e+04	8.264000e+03
1.208344e+04	4.165000e+03
1.208382e+04	6.100000e+01
1.208420e+04	-8.140000e+03
1.208458e+04	2.052600e+04
1.208496e+04	5.600000e+01
1.208534e+04	-8.135000e+03
1.208572e+04	2.054200e+04
1.208611e+04	-8.126000e+03
1.208649e+04	1.235500e+04
1.208687e+04	-1.631800e+04
1.208725e+04	1.643800e+04
1.208763e+04	8.244000e+03
1.208801e+04	-2.041400e+04
1.208839e+04	-1.632300e+04
1.208878e+04	-2.452600e+04
1.208916e+04	-2.860400e+04
1.208954e+04	-1.222000e+04
1.208992e+04	8.247000e+03
1.209030e+04	1.643500e+04
1.209068e+04	-1.223000e+04
1.209106e+04	2.053200e+04
1.209145e+04	-1.633900e+04
1.209183e+04	2.052700e+04
1.209221e+04	8.230000e+03
1.209259e+04	-4.069000e+03
1.209297e+04	-2.453400e+04
1.209335e+04	1.233600e+04
1.209373e+04	1.643400e+04
1.209412e+04	2.871300e+04
1.209450e+04	-3.271000e+04
1.209488e+04	2.464300e+04
1.209526e+04	-2.041300e+04
1.209564e+04	2.054300e+04
1.209602e+04	1.644100e+04
1.209641e+04	-2.861900e+04
1.209679e+04	-1.223500e+04
1.209717e+04	-1.632900e+04
1.209755e+04	2.871600e+04
1.209793e+04	-3.272000e+04
1.209831e+04	4.153000e+03
1.209869e+04	-4.041000e+03
1.209908e+04	-3.271800e+04
1.209946e+04	2.053800e+04
1.209984e+04	8.257000e+03
1.210022e+04	1.645000e+04
1.210060e+04	2.463600e+04
1.210098e+04	1.643500e+04
1.210136e+04	2.462400e+04
1.210175e+04	-1.634400e+04
1.210213e+04	2.463400e+04
1.210251e+04	1.235800e+04
1.210289e+04	1.645700e+04
1.210327e+04	1.645100e+04
1.210365e+04	2.051400e+04
1.210403e+04	4.155000e+03
1.210442e+04	-2.861000e+04
1.210480e+04	2.463900e+04
1.210518e+04	-4.033000e+03
1.210556e+04	-2.043100e+04
1.210594e+04	1.644000e+04
1.210632e+04	-2.041600e+04
1.210670e+04	-2.452000e+04
1.210709e+04	2.871800e+04
1.210747e+04	-2.861800e+04
1.210785e+04	2.053300e+04
1.210823e+04	-1.222500e+04
1.210861e+04	8.257000e+03
1.210899e+04	2.873400e+04
1.210938e+04	1.234400e+04
1.210976e+04	-8.151000e+03
1.211014e+04	-2.861900e+04
1.211052e+04	-2.861200e+04
1.211090e+04	-2.861700e+04
1.211128e+04	2.873400e+04
1.211166e+04	1.235700e+04
1.211205e+04	2.874400e+04
1.211243e+04	2.464900e+04
1.211281e+04	7.000000e+01
1.211319e+04	-2.451900e+04
1.211357e+04	2.460000e+04
1.211395e+04	-3.271400e+04
1.211433e+04	2.463700e+04
1.211472e+04	1.235100e+04
1.211510e+04	8.256000e+03
1.211548e+04	2.054600e+04
1.211586e+04	-2.451200e+04
1.211624e+04	-2.451600e+04
1.211662e+04	2.463000e+04
1.211700e+04	2.872500e+04
1.211739e+04	-4.048000e+03
1.211777e+04	-2.863600e+04
1.211815e+04	2.462900e+04
1.211853e+04	2.464000e+04
1.211891e+04	-8.131000e+03
1.211929e+04	2.900000e+01
1.211967e+04	2.873000e+04
1.212006e+04	4.154000e+03
1.212044e+04	-8.126000e+03
1.212082e+04	2.465900e+04
1.212120e+04	-1.220000e+04
1.212158e+04	-2.449000e+04
1.212196e+04	7.600000e+01
1.212234e+04	-2.453800e+04
1.212273e+04	2.462900e+04
1.212311e+04	2.870700e+04
1.212349e+04	6.200000e+01
1.212387e+04	1.234900e+04
1.212425e+04	-1.635200e+04
1.212463e+04	-8.136000e+03
1.212502e+04	-8.135000e+03
1.212540e+04	-8.148000e+03
1.212578e+04	-1.635100e+04
1.212616e+04	4.128000e+03
1.212654e+04	-2.861800e+04
1.212692e+04	4.161000e+03
1.212730e+04	2.464600e+04
1.212769e+04	7.200000e+01
1.212807e+04	2.464700e+04
1.212845e+04	-1.222000e+04
1.212883e+04	-8.130000e+03
1.212921e+04	-8.140000e+03
1.212959e+04	2.052400e+04
1.212997e+04	5.300000e+01
1.213036e+04	-2.861600e+04
1.213074e+04	5.900000e+01
1.213112e+04	-1.222900e+04
1.213150e+04	-4.040000e+03
1.213188e+04	-2.453400e+04
1.213226e+04	-8.142000e+03
1.213264e+04	8.247000e+03
1.213303e+04	-3.272200e+04
1.213341e+04	-3.273100e+04
1.213379e+04	-2.862300e+04
1.213417e+04	1.644400e+04
1.213455e+04	2.463900e+04
1.213493e+04	2.873000e+04
1.213531e+04	4.148000e+03
1.213570e+04	2.463400e+04
1.213608e+04	-1.631800e+04
1.213646e+04	2.464600e+04
1.213684e+04	8.260000e+03
1.213722e+04	-2.042400e+04
1.213760e+04	1.231400e+04
1.213799e+04	2.872900e+04
1.213837e+04	-2.041200e+04
1.213875e+04	-1.221700e+04
1.213913e+04	2.463900e+04
1.213951e+04	-4.049000e+03
1.213989e+04	-3.270300e+04
1.214027e+04	2.054500e+04
1.214066e+04	-1.633300e+04
1.214104e+04	-8.135000e+03
1.214142e+04	2.463600e+04
1.214180e+04	-2.862600e+04
1.214218e+04	8.241000e+03
1.214256e+04	-2.041900e+04
1.214294e+04	-1.632200e+04
1.214333e+04	2.463500e+04
1.214371e+04	-2.042700e+04
1.214409e+04	1.234000e+04
1.214447e+04	-1.223500e+04
1.214485e+04	-2.452000e+04
1.214523e+04	-2.042500e+04
1.214561e+04	-1.634900e+04
1.214600e+04	4.900000e+01
1.214638e+04	-8.139000e+03
1.214676e+04	-3.273000e+04
1.214714e+04	2.463300e+04
1.214752e+04	2.464000e+04
1.214790e+04	2.463500e+04
1.214828e+04	-2.861400e+04
1.214867e+04	-3.270600e+04
1.214905e+04	-3.270900e+04
1.214943e+04	-1.633200e+04
1.214981e+04	-1.223300e+04
1.215019e+04	5.700000e+01
1.215057e+04	-2.861500e+04
1.215096e+04	-2.861200e+04
1.215134e+04	1.234400e+04
1.215172e+04	-2.044300e+04
1.215210e+04	-1.633100e+04
1.215248e+04	-2.451600e+04
1.215286e+04	1.643900e+04
1.215324e+04	-2.044100e+04
1.215363e+04	1.234400e+04
1.215401e+04	-2.451500e+04
1.215439e+04	-2.452100e+04
1.215477e+04	-8.144000e+03
1.215515e+04	5.300000e+01
1.215553e+04	8.252000e+03
1.215591e+04	2.464500e+04
1.215630e+04	2.874200e+04
1.215668e+04	-3.271500e+04
1.215706e+04	-8.128000e+03
1.215744e+04	2.464800e+04
1.215782e+04	-8.131000e+03
1.215820e+04	-4.035000e+03
1.215858e+04	8.266000e+03
1.215897e+04	-8.122000e+03
1.215935e+04	-2.861700e+04
1.215973e+04	-2.860900e+04
1.216011e+04	2.873900e+04
1.216049e+04	-4.030000e+03
1.216087e+04	-1.223100e+04
1.216125e+04	8.221000e+03
1.216164e+04	-1.223600e+04
1.216202e+04	8.245000e+03
1.216240e+04	2.464100e+04
1.216278e+04	1.645400e+04
1.216316e+04	1.645200e+04
1.216354e+04	-2.042000e+04
1.216393e+04	4.133000e+03
1.216431e+04	-4.028000e+03
1.216469e+04	2.465400e+04
1.216507e+04	-1.630600e+04
1.216545e+04	1.645500e+04
1.216583e+04	-3.272000e+04
1.216621e+04	1.643900e+04
1.216660e+04	2.873600e+04
1.216698e+04	-2.041700e+04
1.216736e+04	-3.271500e+04
1.216774e+04	8.245000e+03
1.216812e+04	-8.133000e+03
1.216850e+04	2.464400e+04
1.216888e+04	-2.040800e+04
1.216927e+04	-2.040900e+04
1.216965e+04	-3.270400e+04
1.217003e+04	-2.042400e+04
1.217041e+04	-8.144000e+03
1.217079e+04	2.871700e+04
1.217117e+04	-2.861300e+04
1.217155e+04	1.235200e+04
1.217194e+04	2.873800e+04
1.217232e+04	8.256000e+03
1.217270e+04	-4.035000e+03
1.217308e+04	-1.633200e+04
1.217346e+04	-8.151000e+03
1.217384e+04	2.054700e+04
1.217422e+04	2.055300e+04
1.217461e+04	-1.631100e+04
1.217499e+04	8.259000e+03
1.217537e+04	-2.041200e+04
1.217575e+04	-1.631600e+04
1.217613e+04	1.234600e+04
1.217651e+04	-1.635900e+04
1.217690e+04	1.234600e+04
1.217728e+04	2.872900e+04
1.217766e+04	2.053100e+04
1.217804e+04	2.872200e+04
1.217842e+04	2.054100e+04
1.217880e+04	2.873700e+04
1.217918e+04	-3.270200e+04
1.217957e+04	6.300000e+01
1.217995e+04	8.252000e+03
1.218033e+04	2.873100e+04
1.218071e+04	6.300000e+01
1.218109e+04	-8.133000e+03
1.218147e+04	2.462500e+04
1.218185e+04	-2.044200e+04
1.218224e+04	-1.222900e+04
1.218262e+04	6.800000e+01
1.218300e+04	-1.631300e+04
1.218338e+04	-4.025000e+03
1.218376e+04	-2.450600e+04
1.218414e+04	-3.270300e+04
1.218452e+04	-3.271600e+04
1.218491e+04	4.700000e+01
1.218529e+04	-2.451300e+04
1.218567e+04	1.644900e+04
1.218605e+04	-2.451700e+04
1.218643e+04	5.600000e+01
1.218681e+04	-8.142000e+03
1.218719e+04	-2.044100e+04
1.218758e+04	6.400000e+01
1.218796e+04	-2.041300e+04
1.218834e+04	4.158000e+03
1.218872e+04	1.234700e+04
1.218910e+04	8.258000e+03
1.218948e+04	2.873600e+04
1.218987e+04	4.500000e+01
1.219025e+04	2.872700e+04
1.219063e+04	1.235000e+04
1.219101e+04	-1.632100e+04
1.219139e+04	8.258000e+03
1.219177e+04	-2.860300e+04
1.219215e+04	-4.025000e+03
1.219254e+04	1.645700e+04
1.219292e+04	-8.125000e+03
1.219330e+04	-2.861700e+04
1.219368e+04	1.233900e+04
1.219406e+04	4.900000e+01
1.219444e+04	-4.037000e+03
1.219482e+04	2.054500e+04
1.219521e+04	6.300000e+01
1.219559e+04	-1.632100e+04
1.219597e+04	2.464200e+04
1.219635e+04	-4.036000e+03
1.219673e+04	-4.046000e+03
1.219711e+04	4.156000e+03
1.219749e+04	2.054100e+04
1.219788e+04	1.234800e+04
1.219826e+04	2.054200e+04
1.219864e+04	2.053200e+04
1.219902e+04	2.463300e+04
1.219940e+04	-4.027000e+03
1.219978e+04	-2.450700e+04
1.220016e+04	2.872100e+04
1.220055e+04	-2.451000e+04
1.220093e+04	-2.450500e+04
1.220131e+04	-2.860900e+04
1.220169e+04	-2.044000e+04
1.220207e+04	-8.145000e+03
1.220245e+04	5.000000e+01
1.220284e+04	-3.270700e+04
1.220322e+04	-2.860800e+04
1.220360e+04	1.234600e+04
1.220398e+04	-8.146000e+03
1.220436e+04	2.872800e+04
1.220474e+04	-4.035000e+03
1.220512e+04	6.800000e+01
1.220551e+04	-1.631200e+04
1.220589e+04	-8.123000e+03
1.220627e+04	-1.222800e+04
1.220665e+04	-1.633300e+04
1.220703e+04	-2.453100e+04
1.220741e+04	-2.452100e+04
1.220779e+04	4.157000e+03
1.220818e+04	-2.451900e+04
1.220856e+04	5.500000e+01
1.220894e+04	-2.042600e+04
1.220932e+04	2.052900e+04
1.220970e+04	2.871100e+04
1.221008e+04	2.871600e+04
1.221046e+04	1.234700e+04
1.221085e+04	1.644400e+04
1.221123e+04	-1.633500e+04
1.221161e+04	1.644400e+04
1.221199e+04	1.644600e+04
1.221237e+04	-8.135000e+03
1.221275e+04	2.463700e+04
1.221313e+04	-2.451600e+04
1.221352e+04	2.872700e+04
1.221390e+04	-1.633000e+04
1.221428e+04	-8.142000e+03
1.221466e+04	8.244000e+03
1.221504e+04	-4.032000e+03
1.221542e+04	-3.269500e+04
1.221581e+04	-2.450400e+04
1.221619e+04	-4.046000e+03
1.221657e+04	2.874600e+04
1.221695e+04	2.465800e+04
1.221733e+04	2.875100e+04
1.221771e+04	-2.041200e+04
1.221809e+04	-3.271200e+04
1.221848e+04	4.900000e+01
1.221886e+04	1.643100e+04
1.221924e+04	1.234400e+04
1.221962e+04	4.157000e+03
1.222000e+04	-1.222200e+04
1.222038e+04	8.258000e+03
1.222076e+04	2.052700e+04
1.222115e+04	8.246000e+03
1.222153e+04	-2.861000e+04
1.222191e+04	1.234700e+04
1.222229e+04	4.147000e+03
1.222267e+04	3.200000e+01
1.222305e+04	-2.043300e+04
1.222343e+04	5.400000e+01
1.222382e+04	2.872300e+04
1.222420e+04	4.155000e+03
1.222458e+04	2.054200e+04
1.222496e+04	5.400000e+01
1.222534e+04	-3.272400e+04
1.222572e+04	4.152000e+03
1.222610e+04	-8.133000e+03
1.222649e+04	-2.450700e+04
1.222687e+04	-2.041100e+04
1.222725e+04	-4.040000e+03
1.222763e+04	-1.632300e+04
1.222801e+04	2.054900e+04
1.222839e+04	4.157000e+03
1.222878e+04	-8.150000e+03
1.222916e+04	-8.130000e+03
1.222954e+04	8.256000e+03
1.222992e+04	-1.632700e+04
1.223030e+04	1.233800e+04
1.223068e+04	-2.452700e+04
1.223106e+04	-2.451900e+04
1.223145e+04	-4.038000e+03
1.223183e+04	-1.633600e+04
1.223221e+04	-2.453200e+04
1.223259e+04	2.053800e+04
1.223297e+04	1.234300e+04
1.223335e+04	-2.041700e+04
1.223373e+04	8.264000e+03
1.223412e+04	1.645600e+04
1.223450e+04	1.235000e+04
1.223488e+04	4.148000e+03
1.223526e+04	4.152000e+03
1.223564e+04	-2.863100e+04
1.223602e+04	4.145000e+03
1.223640e+04	-2.041900e+04
1.223679e+04	2.464100e+04
1.223717e+04	-3.270400e+04
1.223755e+04	-3.270900e+04
1.223793e+04	4.149000e+03
1.223831e+04	-3.271900e+04
1.223869e+04	-3.272100e+04
1.223907e+04	2.872300e+04
1.223946e+04	-2.862300e+04
1.223984e+04	-1.633200e+04
1.224022e+04	1.644400e+04
1.224060e+04	2.873500e+04
1.224098e+04	2.052900e+04
1.224136e+04	1.235000e+04
1.224175e+04	2.055400e+04
1.224213e+04	2.874700e+04
1.224251e+04	-4.030000e+03
1.224289e+04	2.873100e+04
1.224327e+04	8.252000e+03
1.224365e+04	2.872000e+04
1.224403e+04	2.053100e+04
1.224442e+04	2.462400e+04
1.224480e+04	1.234300e+04
1.224518e+04	2.054900e+04
1.224556e+04	-1.631100e+04
1.224594e+04	-2.860000e+04
1.224632e+04	-2.860700e+04
1.224670e+04	8.244000e+03
1.224709e+04	-4.052000e+03
1.224747e+04	1.644400e+04
1.224785e+04	6.900000e+01
1.224823e+04	-2.450700e+04
1.224861e+04	2.463900e+04
1.224899e+04	1.234900e+04
1.224937e+04	2.873400e+04
1.224976e+04	-2.861600e+04
1.225014e+04	-3.272300e+04
1.225052e+04	2.463300e+04
1.225090e+04	1.645400e+04
1.225128e+04	1.645600e+04
1.225166e+04	-2.451200e+04
1.225204e+04	2.462100e+04
1.225243e+04	-8.139000e+03
1.225281e+04	-2.863700e+04
1.225319e+04	-1.223300e+04
1.225357e+04	2.873700e+04
1.225395e+04	-2.860700e+04
1.225433e+04	1.644500e+04
1.225471e+04	-8.134000e+03
1.225510e+04	2.054200e+04
1.225548e+04	6.500000e+01
1.225586e+04	-4.037000e+03
1.225624e+04	2.458200e+04
1.225662e+04	6.200000e+01
1.225700e+04	-2.041500e+04
1.225739e+04	-2.861200e+04
1.225777e+04	-1.631700e+04
1.225815e+04	4.169000e+03
1.225853e+04	8.262000e+03
1.225891e+04	1.235500e+04
1.225929e+04	2.873900e+04
1.225967e+04	-4.035000e+03
1.226006e+04	6.000000e+01
1.226044e+04	2.052600e+04
1.226082e+04	2.464100e+04
1.226120e+04	-1.631000e+04
1.226158e+04	-8.121000e+03
1.226196e+04	-2.041200e+04
1.226234e+04	1.236100e+04
1.226273e+04	-1.632200e+04
1.226311e+04	-4.046000e+03
1.226349e+04	-1.634400e+04
1.226387e+04	-1.221000e+04
1.226425e+04	-2.448400e+04
1.226463e+04	8.288000e+03
1.226501e+04	9.000000e+01
1.226540e+04	-8.127000e+03
1.226578e+04	2.055100e+04
1.226616e+04	-3.270000e+04
1.226654e+04	2.053900e+04
1.226692e+04	-2.040400e+04
1.226730e+04	-4.024000e+03
1.226768e+04	-1.633200e+04
1.226807e+04	1.643000e+04
1.226845e+04	-8.137000e+03
1.226883e+04	-2.451200e+04
1.226921e+04	-3.270700e+04
1.226959e+04	2.051900e+04
1.226997e+04	8.237000e+03
1.227036e+04	1.641400e+04
1.227074e+04	4.150000e+03
1.227112e+04	-4.051000e+03
1.227150e+04	-2.861800e+04
1.227188e+04	6.800000e+01
1.227226e+04	1.235300e+04
1.227264e+04	-3.272300e+04
1.227303e+04	-4.051000e+03
1.227341e+04	-2.453000e+04
1.227379e+04	-1.632900e+04
1.227417e+04	-2.042500e+04
1.227455e+04	-4.046000e+03
1.227493e+04	6.500000e+01
1.227531e+04	-8.124000e+03
1.227570e+04	1.644800e+04
1.227608e+04	8.247000e+03
1.227646e+04	-1.632200e+04
1.227684e+04	8.261000e+03
1.227722e+04	-4.030000e+03
1.227760e+04	-2.042000e+04
1.227798e+04	2.054300e+04
1.227837e+04	-1.632500e+04
1.227875e+04	2.872600e+04
1.227913e+04	4.165000e+03
1.227951e+04	8.265000e+03
1.227989e+04	1.235600e+04
1.228027e+04	5.100000e+01
1.228065e+04	-4.037000e+03
1.228104e+04	-8.134000e+03
1.228142e+04	-3.271800e+04
1.228180e+04	-1.632200e+04
1.228218e+04	-3.270400e+04
1.228256e+04	-3.271400e+04
1.228294e+04	-2.043600e+04
1.228333e+04	2.463100e+04
1.228371e+04	-2.861600e+04
1.228409e+04	2.463400e+04
1.228447e+04	-3.271100e+04
1.228485e+04	-4.040000e+03
1.228523e+04	5.700000e+01
1.228561e+04	-2.452300e+04
1.228600e+04	-4.045000e+03
1.228638e+04	5.600000e+01
1.228676e+04	1.644500e+04
1.228714e+04	2.873700e+04
1.228752e+04	-3.270600e+04
1.228790e+04	8.247000e+03
1.228828e+04	-4.033000e+03
1.228867e+04	-2.041300e+04
1.228905e+04	-2.860300e+04
1.228943e+04	-3.269500e+04
1.228981e+04	2.055200e+04
1.229019e+04	4.163000e+03
1.229057e+04	2.874100e+04
1.229095e+04	-4.033000e+03
1.229134e+04	-1.224500e+04
1.229172e+04	8.255000e+03
1.229210e+04	2.053300e+04
1.229248e+04	5.600000e+01
1.229286e+04	-4.031000e+03
1.229324e+04	-2.452000e+04
1.229362e+04	2.054500e+04
1.229401e+04	-2.860700e+04
1.229439e+04	-3.272300e+04
1.229477e+04	-2.860200e+04
1.229515e+04	-4.024000e+03
1.229553e+04	-4.031000e+03
1.229591e+04	1.644800e+04
1.229630e+04	8.254000e+03
1.229668e+04	-2.041700e+04
1.229706e+04	6.700000e+01
1.229744e+04	4.152000e+03
1.229782e+04	2.872200e+04
1.229820e+04	-3.271700e+04
1.229858e+04	2.052500e+04
1.229897e+04	-3.270700e+04
1.229935e+04	-2.452500e+04
1.229973e+04	-3.271500e+04
1.230011e+04	-1.632200e+04
1.230049e+04	4.300000e+01
1.230087e+04	-8.127000e+03
1.230125e+04	-3.269600e+04
1.230164e+04	2.054800e+04
1.230202e+04	2.873500e+04
1.230240e+04	4.158000e+03
1.230278e+04	4.200000e+01
1.230316e+04	1.643500e+04
1.230354e+04	2.873200e+04
1.230392e+04	2.873500e+04
1.230431e+04	-1.223500e+04
1.230469e+04	-2.861800e+04
1.230507e+04	2.463800e+04
1.230545e+04	1.643700e+04
1.230583e+04	-1.634100e+04
1.230621e+04	-1.223800e+04
1.230659e+04	-2.454600e+04
1.230698e+04	-3.271600e+04
1.230736e+04	1.230600e+04
1.230774e+04	6.300000e+01
1.230812e+04	-4.030000e+03
1.230850e+04	-1.633900e+04
1.230888e+04	-2.861000e+04
1.230927e+04	1.644300e+04
1.230965e+04	2.464000e+04
1.231003e+04	2.874800e+04
1.231041e+04	-3.270100e+04
1.231079e+04	8.259000e+03
1.231117e+04	1.645900e+04
1.231155e+04	2.054300e+04
1.231194e+04	-2.448300e+04
1.231232e+04	2.058100e+04
1.231270e+04	-2.857300e+04
1.231308e+04	8.700000e+01
1.231346e+04	6.200000e+01
1.231384e+04	-1.630800e+04
1.231422e+04	-3.271500e+04
1.231461e+04	-8.117000e+03
1.231499e+04	-2.040300e+04
1.231537e+04	1.644200e+04
1.231575e+04	-1.631300e+04
1.231613e+04	1.235700e+04
1.231651e+04	2.051000e+04
1.231689e+04	-2.041800e+04
1.231728e+04	8.253000e+03
1.231766e+04	2.872400e+04
1.231804e+04	4.148000e+03
1.231842e+04	-8.125000e+03
1.231880e+04	-2.860100e+04
1.231918e+04	-4.042000e+03
1.231956e+04	2.873000e+04
1.231995e+04	2.873800e+04
1.232033e+04	-3.272500e+04
1.232071e+04	2.873500e+04
1.232109e+04	1.235700e+04
1.232147e+04	1.235100e+04
1.232185e+04	2.871500e+04
1.232224e+04	1.234300e+04
1.232262e+04	2.873900e+04
1.232300e+04	4.165000e+03
1.232338e+04	8.253000e+03
1.232376e+04	2.462400e+04
1.232414e+04	-2.453800e+04
1.232452e+04	-2.453300e+04
1.232491e+04	-2.451800e+04
1.232529e+04	4.166000e+03
1.232567e+04	-1.221600e+04
1.232605e+04	4.159000e+03
1.232643e+04	-1.633500e+04
1.232681e+04	2.054700e+04
1.232719e+04	1.644500e+04
1.232758e+04	-1.222600e+04
1.232796e+04	1.645400e+04
1.232834e+04	8.258000e+03
1.232872e+04	1.234800e+04
1.232910e+04	5.100000e+01
1.232948e+04	2.462700e+04
1.232986e+04	-1.631700e+04
1.233025e+04	1.645000e+04
1.233063e+04	-4.035000e+03
1.233101e+04	-8.128000e+03
1.233139e+04	2.053500e+04
1.233177e+04	-2.452200e+04
1.233215e+04	-2.860400e+04
1.233253e+04	-2.041400e+04
1.233292e+04	-3.271400e+04
1.233330e+04	8.224000e+03
1.233368e+04	4.200000e+01
1.233406e+04	1.643200e+04
1.233444e+04	-2.862800e+04
1.233482e+04	2.052400e+04
1.233521e+04	-2.043000e+04
1.233559e+04	4.141000e+03
1.233597e+04	1.232600e+04
1.233635e+04	-2.861100e+04
1.233673e+04	1.235600e+04
1.233711e+04	-4.026000e+03
1.233749e+04	8.261000e+03
1.233788e+04	-3.270600e+04
1.233826e+04	-2.861600e+04
1.233864e+04	6.500000e+01
1.233902e+04	-3.270100e+04
1.233940e+04	2.463800e+04
1.233978e+04	1.234600e+04
1.234016e+04	1.644400e+04
1.234055e+04	1.234600e+04
1.234093e+04	-3.271700e+04
1.234131e+04	2.873300e+04
1.234169e+04	2.054700e+04
1.234207e+04	8.252000e+03
1.234245e+04	-2.044400e+04
1.234283e+04	-2.042400e+04
1.234322e+04	1.234300e+04
1.234360e+04	8.242000e+03
1.234398e+04	1.643000e+04
1.234436e+04	-1.632800e+04
1.234474e+04	6.700000e+01
1.234512e+04	2.054800e+04
1.234550e+04	-4.035000e+03
1.234589e+04	-2.861600e+04
1.234627e+04	2.463000e+04
1.234665e+04	2.462700e+04
1.234703e+04	-1.224100e+04
1.234741e+04	-4.078000e+03
1.234779e+04	-2.453000e+04
1.234818e+04	2.053100e+04
1.234856e+04	-2.861900e+04
1.234894e+04	-4.033000e+03
1.234932e+04	1.645400e+04
1.234970e+04	8.262000e+03
1.235008e+04	-1.223100e+04
1.235046e+04	-4.055000e+03
1.235085e+04	-2.451800e+04
1.235123e+04	2.463700e+04
1.235161e+04	1.234900e+04
1.235199e+04	2.052600e+04
1.235237e+04	-3.269400e+04
1.235275e+04	4.178000e+03
1.235313e+04	-3.268900e+04
1.235352e+04	8.255000e+03
1.235390e+04	1.643300e+04
1.235428e+04	5.700000e+01
1.235466e+04	-4.031000e+03
1.235504e+04	2.464500e+04
1.235542e+04	-1.632500e+04
1.235580e+04	-1.635200e+04
1.235619e+04	-2.453200e+04
1.235657e+04	1.234300e+04
1.235695e+04	4.165000e+03
1.235733e+04	1.645100e+04
1.235771e+04	5.000000e+01
1.235809e+04	-3.271500e+04
1.235847e+04	8.255000e+03
1.235886e+04	1.645600e+04
1.235924e+04	-1.221800e+04
1.235962e+04	4.128000e+03
1.236000e+04	-2.041100e+04
1.236038e+04	-8.118000e+03
1.236076e+04	2.464300e+04
1.236115e+04	1.231600e+04
1.236153e+04	-4.041000e+03
1.236191e+04	2.872900e+04
1.236229e+04	5.900000e+01
1.236267e+04	6.000000e+01
1.236305e+04	5.800000e+01
1.236343e+04	-3.271300e+04
1.236382e+04	2.054000e+04
1.236420e+04	6.100000e+01
1.236458e+04	1.234900e+04
1.236496e+04	2.054000e+04
1.236534e+04	-2.452400e+04
1.236572e+04	-3.273500e+04
1.236610e+04	-4.037000e+03
1.236649e+04	6.500000e+01
1.236687e+04	4.160000e+03
1.236725e+04	2.054200e+04
1.236763e+04	2.873400e+04
1.236801e+04	2.463700e+04
1.236839e+04	1.644000e+04
1.236877e+04	-1.224100e+04
1.236916e+04	8.231000e+03
1.236954e+04	-1.634200e+04
1.236992e+04	-2.042300e+04
1.237030e+04	2.463600e+04
1.237068e+04	-8.139000e+03
1.237106e+04	1.640700e+04
1.237144e+04	1.234300e+04
1.237183e+04	2.463500e+04
1.237221e+04	1.644000e+04
1.237259e+04	1.234100e+04
1.237297e+04	8.246000e+03
1.237335e+04	-1.223300e+04
1.237373e+04	2.872100e+04
1.237412e+04	-3.273400e+04
1.237450e+04	2.054000e+04
1.237488e+04	8.256000e+03
1.237526e+04	-1.632300e+04
1.237564e+04	2.873200e+04
1.237602e+04	-2.452100e+04
1.237640e+04	2.869500e+04
1.237679e+04	1.234000e+04
1.237717e+04	-1.223200e+04
1.237755e+04	-2.862400e+04
1.237793e+04	4.147000e+03
1.237831e+04	-1.632400e+04
1.237869e+04	1.235100e+04
1.237907e+04	2.462700e+04
1.237946e+04	-3.272800e+04
1.237984e+04	-8.135000e+03
1.238022e+04	2.463600e+04
1.238060e+04	-1.222300e+04
1.238098e+04	2.873700e+04
1.238136e+04	2.053000e+04
1.238174e+04	-2.042200e+04
1.238213e+04	-2.041700e+04
1.238251e+04	2.463000e+04
1.238289e+04	-1.633300e+04
1.238327e+04	-2.042400e+04
1.238365e+04	-1.632700e+04
1.238403e+04	-1.223100e+04
1.238441e+04	2.463400e+04
1.238480e+04	1.235100e+04
1.238518e+04	-8.132000e+03
1.238556e+04	-1.225100e+04
1.238594e+04	2.054300e+04
1.238632e+04	-2.860300e+04
1.238670e+04	2.873600e+04
1.238708e+04	2.053100e+04
1.238747e+04	-1.634200e+04
1.238785e+04	2.463700e+04
1.238823e+04	2.874100e+04
1.238861e+04	2.874100e+04
1.238899e+04	2.053900e+04
1.238937e+04	-2.862800e+04
1.238976e+04	-4.043000e+03
1.239014e+04	-1.632300e+04
1.239052e+04	-4.024000e+03
1.239090e+04	-8.116000e+03
1.239128e+04	4.169000e+03
1.239166e+04	-3.271000e+04
1.239204e+04	2.873200e+04
1.239243e+04	-2.861300e+04
1.239281e+04	-2.863300e+04
1.239319e+04	1.234900e+04
1.239357e+04	2.873600e+04
1.239395e+04	-8.130000e+03
1.239433e+04	-1.222200e+04
1.239471e+04	-1.631700e+04
1.239510e+04	2.054400e+04
1.239548e+04	-1.632000e+04
1.239586e+04	2.053800e+04
1.239624e+04	1.641500e+04
1.239662e+04	6.400000e+01
1.239700e+04	6.800000e+01
1.239738e+04	-2.451400e+04
1.239777e+04	-2.042000e+04
1.239815e+04	6.400000e+01
1.239853e+04	-1.632700e+04
1.239891e+04	-2.044400e+04
1.239929e+04	-2.042300e+04
1.239967e+04	-8.143000e+03
1.240005e+04	-2.041600e+04
1.240044e+04	-2.450200e+04
1.240082e+04	-2.040700e+04
1.240120e+04	-2.861100e+04
1.240158e+04	-2.861800e+04
1.240196e+04	-2.042700e+04
1.240234e+04	-8.141000e+03
1.240273e+04	-2.861300e+04
1.240311e+04	-1.223300e+04
1.240349e+04	2.053100e+04
1.240387e+04	2.053500e+04
1.240425e+04	4.300000e+01
1.240463e+04	-3.272800e+04
1.240501e+04	-2.043100e+04
1.240540e+04	-2.860800e+04
1.240578e+04	-4.031000e+03
1.240616e+04	-2.452100e+04
1.240654e+04	-1.631500e+04
1.240692e+04	-3.269600e+04
1.240730e+04	4.148000e+03
1.240768e+04	2.464400e+04
1.240807e+04	4.173000e+03
1.240845e+04	-1.221500e+04
1.240883e+04	-2.451800e+04
1.240921e+04	5.800000e+01
1.240959e+04	-2.042400e+04
1.240997e+04	6.000000e+01
1.241035e+04	-3.270700e+04
1.241074e+04	-1.633800e+04
1.241112e+04	5.100000e+01
1.241150e+04	-8.134000e+03
1.241188e+04	-2.865400e+04
1.241226e+04	-4.036000e+03
1.241264e+04	6.300000e+01
1.241302e+04	1.232900e+04
1.241341e+04	-8.126000e+03
1.241379e+04	-8.123000e+03
1.241417e+04	2.053500e+04
1.241455e+04	4.166000e+03
1.241493e+04	-8.117000e+03
1.241531e+04	1.235800e+04
1.241570e+04	-4.042000e+03
1.241608e+04	2.463300e+04
1.241646e+04	-8.143000e+03
1.241684e+04	2.462900e+04
1.241722e+04	-2.042100e+04
1.241760e+04	-2.861200e+04
1.241798e+04	-1.632100e+04
1.241837e+04	1.234800e+04
1.241875e+04	1.234300e+04
1.241913e+04	-8.143000e+03
1.241951e+04	2.462800e+04
1.241989e+04	8.246000e+03
1.242027e+04	5.200000e+01
1.242065e+04	2.052700e+04
1.242104e+04	2.053000e+04
1.242142e+04	-2.453200e+04
1.242180e+04	4.300000e+01
1.242218e+04	-2.862100e+04
1.242256e+04	2.463400e+04
1.242294e+04	4.153000e+03
1.242332e+04	-2.861800e+04
1.242371e+04	5.800000e+01
1.242409e+04	-1.632500e+04
1.242447e+04	2.464500e+04
1.242485e+04	2.465100e+04
1.242523e+04	7.400000e+01
1.242561e+04	2.054800e+04
1.242599e+04	8.260000e+03
1.242638e+04	1.235700e+04
1.242676e+04	8.255000e+03
1.242714e+04	4.400000e+01
1.242752e+04	-2.043300e+04
1.242790e+04	2.463300e+04
1.242828e+04	-1.222700e+04
1.242867e+04	6.200000e+01
1.242905e+04	1.234200e+04
1.242943e+04	1.232600e+04
1.242981e+04	2.300000e+01
1.243019e+04	2.872200e+04
1.243057e+04	1.234900e+04
1.243095e+04	-3.271000e+04
1.243134e+04	2.054000e+04
1.243172e+04	-2.041700e+04
1.243210e+04	-4.038000e+03
1.243248e+04	-4.030000e+03
1.243286e+04	2.465000e+04
1.243324e+04	2.874700e+04
1.243362e+04	-8.122000e+03
1.243401e+04	2.053900e+04
1.243439e+04	-1.224300e+04
1.243477e+04	-1.632300e+04
1.243515e+04	-1.631800e+04
1.243553e+04	-2.451000e+04
1.243591e+04	-1.222700e+04
1.243629e+04	-1.222800e+04
1.243668e+04	-8.127000e+03
1.243706e+04	-4.035000e+03
1.243744e+04	8.222000e+03
1.243782e+04	-3.272500e+04
1.243820e+04	-1.224600e+04
1.243858e+04	-2.451900e+04
1.243896e+04	4.153000e+03
1.243935e+04	1.640700e+04
1.243973e+04	2.463800e+04
1.244011e+04	2.054200e+04
1.244049e+04	2.461400e+04
1.244087e+04	-1.224200e+04
1.244125e+04	5.000000e+01
1.244164e+04	-2.042100e+04
1.244202e+04	2.463700e+04
1.244240e+04	-3.271000e+04
1.244278e+04	7.000000e+01
1.244316e+04	1.645400e+04
1.244354e+04	-1.632400e+04
1.244392e+04	-1.631900e+04
1.244431e+04	-2.450700e+04
1.244469e+04	2.873300e+04
1.244507e+04	4.200000e+01
1.244545e+04	-2.042500e+04
1.244583e+04	4.152000e+03
1.244621e+04	-3.272200e+04
1.244659e+04	-2.861800e+04
1.244698e+04	1.644500e+04
1.244736e+04	6.100000e+01
1.244774e+04	-3.270600e+04
1.244812e+04	-2.042000e+04
1.244850e+04	-2.451800e+04
1.244888e+04	-3.270400e+04
1.244926e+04	-3.270500e+04
1.244965e+04	2.052400e+04
1.245003e+04	4.600000e+01
1.245041e+04	-4.054000e+03
1.245079e+04	-2.862700e+04
1.245117e+04	4.158000e+03
1.245155e+04	6.500000e+01
1.245193e+04	4.156000e+03
1.245232e+04	-8.164000e+03
1.245270e+04	-8.139000e+03
1.245308e+04	1.234900e+04
1.245346e+04	-1.223200e+04
1.245384e+04	-8.143000e+03
1.245422e+04	4.149000e+03
1.245461e+04	-1.222700e+04
1.245499e+04	-1.631800e+04
1.245537e+04	-3.270300e+04
1.245575e+04	-1.222400e+04
1.245613e+04	2.054300e+04
1.245651e+04	4.140000e+03
1.245689e+04	-4.040000e+03
1.245728e+04	-1.632300e+04
1.245766e+04	-4.041000e+03
1.245804e+04	-4.033000e+03
1.245842e+04	-2.450800e+04
1.245880e+04	-3.270400e+04
1.245918e+04	2.870800e+04
1.245956e+04	2.463200e+04
1.245995e+04	2.872900e+04
1.246033e+04	-1.634600e+04
1.246071e+04	6.200000e+01
1.246109e+04	8.263000e+03
1.246147e+04	4.166000e+03
1.246185e+04	-2.860900e+04
1.246223e+04	2.873400e+04
1.246262e+04	-2.041700e+04
1.246300e+04	-4.037000e+03
1.246338e+04	-2.451700e+04
1.246376e+04	4.157000e+03
1.246414e+04	-2.043300e+04
1.246452e+04	2.462700e+04
1.246490e+04	-2.861200e+04
1.246529e+04	2.462900e+04
1.246567e+04	1.234400e+04
1.246605e+04	-4.031000e+03
1.246643e+04	-1.222400e+04
1.246681e+04	1.643800e+04
1.246719e+04	-2.863400e+04
1.246758e+04	-2.862500e+04
1.246796e+04	8.216000e+03
1.246834e+04	-3.271000e+04
1.246872e+04	2.873300e+04
1.246910e+04	-1.224600e+04
1.246948e+04	2.054000e+04
1.246986e+04	6.500000e+01
1.247025e+04	8.240000e+03
1.247063e+04	-4.035000e+03
1.247101e+04	2.873900e+04
1.247139e+04	-1.223300e+04
1.247177e+04	2.463100e+04
1.247215e+04	8.250000e+03
1.247253e+04	2.872700e+04
1.247292e+04	6.500000e+01
1.247330e+04	6.500000e+01
1.247368e+04	-1.223200e+04
1.247406e+04	-3.271900e+04
1.247444e+04	-2.044000e+04
1.247482e+04	-2.042400e+04
1.247520e+04	2.872400e+04
1.247559e+04	-8.145000e+03
1.247597e+04	2.463900e+04
1.247635e+04	2.054300e+04
1.247673e+04	8.247000e+03
1.247711e+04	2.872600e+04
1.247749e+04	-2.042700e+04
1.247787e+04	1.233800e+04
1.247826e+04	-8.159000e+03
1.247864e+04	1.234000e+04
1.247902e+04	1.644400e+04
1.247940e+04	2.052200e+04
1.247978e+04	2.872500e+04
1.248016e+04	8.250000e+03
1.248055e+04	2.461500e+04
1.248093e+04	2.872500e+04
1.248131e+04	-8.137000e+03
1.248169e+04	-8.141000e+03
1.248207e+04	-4.031000e+03
1.248245e+04	4.164000e+03
1.248283e+04	2.873700e+04
1.248322e+04	-4.037000e+03
1.248360e+04	4.145000e+03
1.248398e+04	4.135000e+03
1.248436e+04	1.643500e+04
1.248474e+04	-2.042000e+04
1.248512e+04	4.164000e+03
1.248550e+04	1.645300e+04
1.248589e+04	-3.270400e+04
1.248627e+04	2.871800e+04
1.248665e+04	-8.162000e+03
1.248703e+04	-2.044100e+04
1.248741e+04	2.462700e+04
1.248779e+04	2.054200e+04
1.248817e+04	-2.861300e+04
1.248856e+04	-2.863300e+04
1.248894e+04	-2.451400e+04
1.248932e+04	-8.126000e+03
1.248970e+04	4.155000e+03
1.249008e+04	1.233200e+04
1.249046e+04	-1.224100e+04
1.249084e+04	5.100000e+01
1.249123e+04	-8.136000e+03
1.249161e+04	1.644200e+04
1.249199e+04	-1.633400e+04
1.249237e+04	-1.633100e+04
1.249275e+04	2.873100e+04
1.249313e+04	-1.222900e+04
1.249352e+04	2.872800e+04
1.249390e+04	1.234700e+04
1.249428e+04	1.644900e+04
1.249466e+04	8.260000e+03
1.249504e+04	-1.222100e+04
1.249542e+04	6.600000e+01
1.249580e+04	-2.861600e+04
1.249619e+04	2.871500e+04
1.249657e+04	-2.860600e+04
1.249695e+04	1.645500e+04
1.249733e+04	2.873700e+04
1.249771e+04	2.871700e+04
1.249809e+04	1.235100e+04
1.249847e+04	2.054400e+04
1.249886e+04	8.246000e+03
1.249924e+04	-4.038000e+03
1.249962e+04	8.258000e+03
